# Blender 5.2.0 LTS
# www.blender.org
mtllib cat.mtl
o pCube5_lambert2_0
v 0.078453 0.392887 0.005603
v 0.093917 0.384861 0.007358
v 0.093917 0.405901 -0.003490
v 0.078453 0.410629 0.005603
v 0.114957 0.384861 0.007358
v 0.114957 0.405901 -0.003490
v 0.135996 0.384861 0.007358
v 0.135996 0.405901 -0.003490
v 0.137726 0.377799 0.005603
v 0.149424 0.410629 0.005603
v 0.093917 0.426941 -0.003490
v 0.078453 0.428372 0.005603
v 0.114957 0.426941 -0.003490
v 0.135996 0.426941 -0.003490
v 0.151268 0.428372 0.005603
v 0.093917 0.457981 -0.003490
v 0.063187 0.446114 0.005603
v 0.114957 0.457981 -0.003490
v 0.135996 0.457981 -0.003490
v 0.153711 0.446114 0.005603
v 0.113369 0.486042 0.005603
v 0.088988 0.471438 0.005603
v 0.145723 0.494349 0.005603
v 0.151786 0.479135 0.005603
v 0.153726 0.463857 0.005603
v 0.088988 0.471438 0.005603
v 0.113369 0.486042 0.005603
v 0.114282 0.495327 0.001758
v 0.085371 0.478009 0.001758
v 0.145723 0.494349 0.005603
v 0.152647 0.505177 0.001758
v 0.151786 0.479135 0.005603
v 0.159837 0.487136 0.001758
v 0.153726 0.463857 0.005603
v 0.162138 0.469020 0.001758
v 0.114282 0.495327 -0.003842
v 0.085371 0.478009 -0.003842
v 0.152647 0.505177 -0.003842
v 0.159837 0.487136 -0.003842
v 0.162138 0.469020 -0.003842
v 0.114282 0.495327 -0.009442
v 0.085371 0.478009 -0.009442
v 0.152647 0.505177 -0.009442
v 0.159837 0.487136 -0.009442
v 0.162138 0.469020 -0.009442
v 0.113369 0.486042 -0.013287
v 0.088988 0.471438 -0.013287
v 0.145723 0.494349 -0.013287
v 0.151786 0.479135 -0.013287
v 0.153726 0.463857 -0.013287
v 0.088988 0.471438 -0.013287
v 0.113369 0.486042 -0.013287
v 0.093917 0.447980 -0.015043
v 0.063187 0.446114 -0.013287
v 0.145723 0.494349 -0.013287
v 0.114957 0.447980 -0.015043
v 0.151786 0.479135 -0.013287
v 0.135996 0.447980 -0.015043
v 0.153726 0.463857 -0.013287
v 0.153711 0.446114 -0.013287
v 0.093917 0.426941 -0.015043
v 0.078453 0.428372 -0.013287
v 0.114957 0.426941 -0.015043
v 0.135996 0.426941 -0.015043
v 0.151268 0.428372 -0.013287
v 0.093917 0.405901 -0.015043
v 0.078453 0.410629 -0.013287
v 0.114957 0.405901 -0.015043
v 0.135996 0.405901 -0.015043
v 0.149424 0.410629 -0.013287
v 0.093917 0.384861 -0.015043
v 0.078453 0.392887 -0.013287
v 0.114957 0.384861 -0.015043
v 0.135996 0.384861 -0.015043
v 0.137726 0.377799 -0.013287
v 0.078453 0.392887 -0.013287
v 0.093917 0.384861 -0.015043
v 0.093917 0.384861 -0.009442
v 0.072878 0.384861 -0.009442
v 0.114957 0.384861 -0.015043
v 0.114957 0.384861 -0.009442
v 0.135996 0.384861 -0.015043
v 0.135996 0.384861 -0.009442
v 0.137726 0.377799 -0.013287
v 0.143165 0.366970 -0.009442
v 0.093917 0.384861 -0.003842
v 0.072878 0.384861 -0.003842
v 0.114957 0.384861 -0.003842
v 0.135996 0.384861 -0.003842
v 0.143165 0.366970 -0.003842
v 0.093917 0.384861 0.001758
v 0.072878 0.384861 0.001758
v 0.114957 0.384861 0.001758
v 0.135996 0.384861 0.001758
v 0.143165 0.366970 0.001758
v 0.093917 0.384861 0.007358
v 0.078453 0.392887 0.005603
v 0.114957 0.384861 0.007358
v 0.135996 0.384861 0.007358
v 0.137726 0.377799 0.005603
v 0.143165 0.366970 -0.009442
v 0.137726 0.377799 -0.013287
v 0.149424 0.410629 -0.013287
v 0.157036 0.405901 -0.009442
v 0.143165 0.366970 -0.003842
v 0.157036 0.405901 -0.003842
v 0.143165 0.366970 0.001758
v 0.157036 0.405901 0.001758
v 0.137726 0.377799 0.005603
v 0.149424 0.410629 0.005603
v 0.151268 0.428372 -0.013287
v 0.159223 0.426941 -0.009442
v 0.159223 0.426941 -0.003842
v 0.159223 0.426941 0.001758
v 0.151268 0.428372 0.005603
v 0.153711 0.446114 -0.013287
v 0.162121 0.447980 -0.009442
v 0.162121 0.447980 -0.003842
v 0.162121 0.447980 0.001758
v 0.153711 0.446114 0.005603
v 0.153726 0.463857 -0.013287
v 0.162138 0.469020 -0.009442
v 0.162138 0.469020 -0.003842
v 0.162138 0.469020 0.001758
v 0.153726 0.463857 0.005603
v 0.078453 0.392887 -0.013287
v 0.072878 0.384861 -0.009442
v 0.072878 0.405901 -0.009442
v 0.078453 0.410629 -0.013287
v 0.072878 0.384861 -0.003842
v 0.072878 0.405901 -0.003842
v 0.072878 0.384861 0.001758
v 0.072878 0.405901 0.001758
v 0.078453 0.392887 0.005603
v 0.078453 0.410629 0.005603
v 0.072878 0.426941 -0.009442
v 0.078453 0.428372 -0.013287
v 0.072878 0.426941 -0.003842
v 0.072878 0.426941 0.001758
v 0.078453 0.428372 0.005603
v 0.054775 0.447980 -0.009442
v 0.063187 0.446114 -0.013287
v 0.054775 0.447980 -0.003842
v 0.054775 0.447980 0.001758
v 0.063187 0.446114 0.005603
v 0.085371 0.478009 -0.009442
v 0.088988 0.471438 -0.013287
v 0.085371 0.478009 -0.003842
v 0.085371 0.478009 0.001758
v 0.088988 0.471438 0.005603
vn 0.3215 0.2551 0.9119
vn 0.0989 0.4030 0.9098
vn 0.1572 0.1987 0.9674
vn 0.4297 0.1152 0.8956
vn -0.0000 0.4583 0.8888
vn -0.0000 0.2496 0.9683
vn -0.1123 0.4105 0.9049
vn -0.1593 0.2067 0.9653
vn -0.3876 0.2621 0.8838
vn -0.4894 0.1113 0.8650
vn 0.1954 0.0333 0.9802
vn 0.3950 0.0749 0.9156
vn -0.0000 -0.0000 1.0000
vn -0.2181 0.0107 0.9759
vn -0.5012 0.0246 0.8650
vn 0.1757 -0.1528 0.9725
vn 0.3567 -0.0845 0.9304
vn 0.0023 -0.1497 0.9887
vn -0.1826 -0.0789 0.9800
vn -0.4678 0.0071 0.8838
vn 0.1120 -0.3364 0.9350
vn 0.3461 -0.4349 0.8313
vn -0.0366 -0.2588 0.9652
vn -0.2046 -0.1668 0.9645
vn -0.4493 -0.0262 0.8930
vn -0.2345 0.3915 0.8898
vn -0.1685 0.3912 0.9047
vn -0.2819 0.7170 0.6375
vn -0.4090 0.6828 0.6054
vn 0.0491 0.3062 0.9507
vn 0.1358 0.7102 0.6908
vn 0.3594 0.0850 0.9293
vn 0.6887 0.1882 0.7002
vn 0.3899 0.0495 0.9195
vn 0.7067 0.0898 0.7018
vn -0.3744 0.9272 -0.0000
vn -0.5139 0.8579 -0.0000
vn 0.1770 0.9842 -0.0000
vn 0.9672 0.2538 -0.0000
vn 0.9920 0.1260 -0.0000
vn -0.2819 0.7171 -0.6374
vn -0.4090 0.6828 -0.6054
vn 0.1358 0.7102 -0.6907
vn 0.6887 0.1882 -0.7002
vn 0.7067 0.0898 -0.7018
vn -0.1685 0.3912 -0.9047
vn -0.2345 0.3915 -0.8898
vn 0.0491 0.3062 -0.9507
vn 0.3594 0.0850 -0.9293
vn 0.3899 0.0495 -0.9195
vn -0.0508 0.0639 -0.9967
vn -0.0135 0.0484 -0.9987
vn -0.0335 0.0311 -0.9990
vn -0.0621 0.0215 -0.9978
vn 0.0052 0.0401 -0.9992
vn -0.0006 0.0290 -0.9996
vn 0.0270 0.0308 -0.9992
vn 0.0376 0.0159 -0.9992
vn 0.0937 0.0055 -0.9956
vn 0.0999 -0.0009 -0.9950
vn -0.0418 -0.0078 -0.9991
vn -0.0868 -0.0207 -0.9960
vn -0.0000 -0.0000 -1.0000
vn 0.0460 -0.0025 -0.9989
vn 0.1125 -0.0063 -0.9936
vn -0.0458 -0.0000 -0.9990
vn -0.1128 -0.0000 -0.9936
vn 0.0616 -0.0100 -0.9981
vn 0.1492 -0.0173 -0.9886
vn -0.0371 -0.0000 -0.9993
vn 0.0934 -0.0203 -0.9954
vn 0.2185 -0.0474 -0.9747
vn -0.1857 -0.6920 -0.6976
vn -0.0890 -0.9382 -0.3344
vn -0.0504 -0.9806 -0.1894
vn -0.0905 -0.9360 -0.3401
vn -0.0000 -1.0000 -0.0000
vn -0.2196 -0.9748 0.0400
vn -0.4642 -0.8852 0.0296
vn -0.9320 -0.3205 0.1694
vn -0.9317 -0.3610 0.0392
vn -0.5356 -0.8445 -0.0000
vn -0.9283 -0.3719 -0.0000
vn -0.0504 -0.9806 0.1893
vn -0.0905 -0.9360 0.3401
vn -0.4642 -0.8853 -0.0296
vn -0.9317 -0.3610 -0.0392
vn -0.0890 -0.9382 0.3345
vn -0.1857 -0.6920 0.6976
vn -0.2196 -0.9748 -0.0399
vn -0.9320 -0.3204 -0.1693
vn 0.7702 -0.2744 -0.5757
vn 0.3787 -0.1349 -0.9156
vn 0.3976 -0.1015 -0.9119
vn 0.7292 -0.1988 -0.6547
vn 0.9420 -0.3356 -0.0000
vn 0.9660 -0.2586 -0.0000
vn 0.7702 -0.2744 0.5757
vn 0.7292 -0.1988 0.6547
vn 0.3787 -0.1349 0.9156
vn 0.3976 -0.1015 0.9119
vn 0.4270 -0.0517 -0.9028
vn 0.7692 -0.0929 -0.6322
vn 0.9928 -0.1199 -0.0000
vn 0.7692 -0.0929 0.6322
vn 0.4270 -0.0517 0.9028
vn 0.4215 -0.0318 -0.9063
vn 0.7704 -0.0515 -0.6355
vn 0.9976 -0.0693 -0.0000
vn 0.7705 -0.0515 0.6354
vn 0.4215 -0.0318 0.9063
vn 0.4159 -0.0003 -0.9094
vn 0.8037 -0.0007 -0.5951
vn 1.0000 -0.0008 -0.0000
vn 0.8037 -0.0007 0.5950
vn 0.4159 -0.0003 0.9094
vn -0.5677 -0.0000 -0.8232
vn -0.9142 -0.0000 -0.4052
vn -0.8718 -0.0000 -0.4899
vn -1.0000 -0.0000 -0.0000
vn -0.9142 -0.0000 0.4052
vn -0.8718 -0.0000 0.4899
vn -0.5677 -0.0000 0.8232
vn -0.7861 -0.3411 -0.5155
vn -0.5160 -0.2164 -0.8288
vn -0.9186 -0.3952 -0.0000
vn -0.7861 -0.3411 0.5155
vn -0.5160 -0.2164 0.8288
vn -0.7749 0.2028 -0.5987
vn -0.3987 0.0843 -0.9132
vn -0.9714 0.2376 -0.0000
vn -0.7749 0.2028 0.5987
vn -0.3987 0.0843 0.9132
vn -0.5761 0.5869 -0.5689
vn -0.3291 0.3353 -0.8827
vn -0.7005 0.7137 -0.0000
vn -0.5761 0.5869 0.5689
vn -0.3291 0.3353 0.8827
vt 0.375000 1.000000
vt 0.437500 1.000000
vt 0.437500 0.937500
vt 0.375000 0.937500
vt 0.500000 1.000000
vt 0.500000 0.937500
vt 0.562500 1.000000
vt 0.562500 0.937500
vt 0.625000 1.000000
vt 0.625000 0.937500
vt 0.437500 0.875000
vt 0.375000 0.875000
vt 0.500000 0.875000
vt 0.562500 0.875000
vt 0.625000 0.875000
vt 0.437500 0.812500
vt 0.375000 0.812500
vt 0.500000 0.812500
vt 0.562500 0.812500
vt 0.625000 0.812500
vt 0.437500 0.750000
vt 0.375000 0.750000
vt 0.500000 0.750000
vt 0.562500 0.750000
vt 0.625000 0.750000
vt 0.437500 0.687500
vt 0.375000 0.687500
vt 0.500000 0.687500
vt 0.562500 0.687500
vt 0.625000 0.687500
vt 0.437500 0.625000
vt 0.375000 0.625000
vt 0.500000 0.625000
vt 0.562500 0.625000
vt 0.625000 0.625000
vt 0.437500 0.562500
vt 0.375000 0.562500
vt 0.500000 0.562500
vt 0.562500 0.562500
vt 0.625000 0.562500
vt 0.437500 0.500000
vt 0.375000 0.500000
vt 0.500000 0.500000
vt 0.562500 0.500000
vt 0.625000 0.500000
vt 0.437500 0.437500
vt 0.375000 0.437500
vt 0.500000 0.437500
vt 0.562500 0.437500
vt 0.625000 0.437500
vt 0.437500 0.375000
vt 0.375000 0.375000
vt 0.500000 0.375000
vt 0.562500 0.375000
vt 0.625000 0.375000
vt 0.437500 0.312500
vt 0.375000 0.312500
vt 0.500000 0.312500
vt 0.562500 0.312500
vt 0.625000 0.312500
vt 0.437500 0.250000
vt 0.375000 0.250000
vt 0.500000 0.250000
vt 0.562500 0.250000
vt 0.625000 0.250000
vt 0.437500 0.187500
vt 0.375000 0.187500
vt 0.500000 0.187500
vt 0.562500 0.187500
vt 0.625000 0.187500
vt 0.437500 0.125000
vt 0.375000 0.125000
vt 0.500000 0.125000
vt 0.562500 0.125000
vt 0.625000 0.125000
vt 0.437500 0.062500
vt 0.375000 0.062500
vt 0.500000 0.062500
vt 0.562500 0.062500
vt 0.625000 0.062500
vt 0.437500 0.000000
vt 0.375000 0.000000
vt 0.500000 0.000000
vt 0.562500 0.000000
vt 0.625000 0.000000
vt 0.812500 1.000000
vt 0.875000 1.000000
vt 0.875000 0.937500
vt 0.812500 0.937500
vt 0.750000 1.000000
vt 0.750000 0.937500
vt 0.687500 1.000000
vt 0.687500 0.937500
vt 0.875000 0.875000
vt 0.812500 0.875000
vt 0.750000 0.875000
vt 0.687500 0.875000
vt 0.875000 0.812500
vt 0.812500 0.812500
vt 0.750000 0.812500
vt 0.687500 0.812500
vt 0.875000 0.750000
vt 0.812500 0.750000
vt 0.750000 0.750000
vt 0.687500 0.750000
vt 0.125000 1.000000
vt 0.187500 1.000000
vt 0.187500 0.937500
vt 0.125000 0.937500
vt 0.250000 1.000000
vt 0.250000 0.937500
vt 0.312500 1.000000
vt 0.312500 0.937500
vt 0.187500 0.875000
vt 0.125000 0.875000
vt 0.250000 0.875000
vt 0.312500 0.875000
vt 0.187500 0.812500
vt 0.125000 0.812500
vt 0.250000 0.812500
vt 0.312500 0.812500
vt 0.187500 0.750000
vt 0.125000 0.750000
vt 0.250000 0.750000
vt 0.312500 0.750000
s 1
usemtl lambert2
f 1/1/1 2/2/2 3/3/3
f 1/1/1 3/3/3 4/4/4
f 2/2/2 5/5/5 6/6/6
f 2/2/2 6/6/6 3/3/3
f 5/5/5 7/7/7 8/8/8
f 5/5/5 8/8/8 6/6/6
f 7/7/7 9/9/9 10/10/10
f 7/7/7 10/10/10 8/8/8
f 4/4/4 3/3/3 11/11/11
f 4/4/4 11/11/11 12/12/12
f 3/3/3 6/6/6 13/13/13
f 3/3/3 13/13/13 11/11/11
f 6/6/6 8/8/8 14/14/14
f 6/6/6 14/14/14 13/13/13
f 8/8/8 10/10/10 15/15/15
f 8/8/8 15/15/15 14/14/14
f 12/12/12 11/11/11 16/16/16
f 12/12/12 16/16/16 17/17/17
f 11/11/11 13/13/13 18/18/18
f 11/11/11 18/18/18 16/16/16
f 13/13/13 14/14/14 19/19/19
f 13/13/13 19/19/19 18/18/18
f 14/14/14 15/15/15 20/20/20
f 14/14/14 20/20/20 19/19/19
f 17/17/17 16/16/16 21/21/21
f 17/17/17 21/21/21 22/22/22
f 16/16/16 18/18/18 23/23/23
f 16/16/16 23/23/23 21/21/21
f 18/18/18 19/19/19 24/24/24
f 18/18/18 24/24/24 23/23/23
f 19/19/19 20/20/20 25/25/25
f 19/19/19 25/25/25 24/24/24
f 26/22/26 27/21/27 28/26/28
f 26/22/26 28/26/28 29/27/29
f 27/21/27 30/23/30 31/28/31
f 27/21/27 31/28/31 28/26/28
f 30/23/30 32/24/32 33/29/33
f 30/23/30 33/29/33 31/28/31
f 32/24/32 34/25/34 35/30/35
f 32/24/32 35/30/35 33/29/33
f 29/27/29 28/26/28 36/31/36
f 29/27/29 36/31/36 37/32/37
f 28/26/28 31/28/31 38/33/38
f 28/26/28 38/33/38 36/31/36
f 31/28/31 33/29/33 39/34/39
f 31/28/31 39/34/39 38/33/38
f 33/29/33 35/30/35 40/35/40
f 33/29/33 40/35/40 39/34/39
f 37/32/37 36/31/36 41/36/41
f 37/32/37 41/36/41 42/37/42
f 36/31/36 38/33/38 43/38/43
f 36/31/36 43/38/43 41/36/41
f 38/33/38 39/34/39 44/39/44
f 38/33/38 44/39/44 43/38/43
f 39/34/39 40/35/40 45/40/45
f 39/34/39 45/40/45 44/39/44
f 42/37/42 41/36/41 46/41/46
f 42/37/42 46/41/46 47/42/47
f 41/36/41 43/38/43 48/43/48
f 41/36/41 48/43/48 46/41/46
f 43/38/43 44/39/44 49/44/49
f 43/38/43 49/44/49 48/43/48
f 44/39/44 45/40/45 50/45/50
f 44/39/44 50/45/50 49/44/49
f 51/42/51 52/41/52 53/46/53
f 51/42/51 53/46/53 54/47/54
f 52/41/52 55/43/55 56/48/56
f 52/41/52 56/48/56 53/46/53
f 55/43/55 57/44/57 58/49/58
f 55/43/55 58/49/58 56/48/56
f 57/44/57 59/45/59 60/50/60
f 57/44/57 60/50/60 58/49/58
f 54/47/54 53/46/53 61/51/61
f 54/47/54 61/51/61 62/52/62
f 53/46/53 56/48/56 63/53/63
f 53/46/53 63/53/63 61/51/61
f 56/48/56 58/49/58 64/54/64
f 56/48/56 64/54/64 63/53/63
f 58/49/58 60/50/60 65/55/65
f 58/49/58 65/55/65 64/54/64
f 62/52/62 61/51/61 66/56/66
f 62/52/62 66/56/66 67/57/67
f 61/51/61 63/53/63 68/58/63
f 61/51/61 68/58/63 66/56/66
f 63/53/63 64/54/64 69/59/68
f 63/53/63 69/59/68 68/58/63
f 64/54/64 65/55/65 70/60/69
f 64/54/64 70/60/69 69/59/68
f 67/57/67 66/56/66 71/61/70
f 67/57/67 71/61/70 72/62/67
f 66/56/66 68/58/63 73/63/63
f 66/56/66 73/63/63 71/61/70
f 68/58/63 69/59/68 74/64/71
f 68/58/63 74/64/71 73/63/63
f 69/59/68 70/60/69 75/65/72
f 69/59/68 75/65/72 74/64/71
f 76/62/73 77/61/74 78/66/75
f 76/62/73 78/66/75 79/67/76
f 77/61/74 80/63/77 81/68/77
f 77/61/74 81/68/77 78/66/75
f 80/63/77 82/64/78 83/69/79
f 80/63/77 83/69/79 81/68/77
f 82/64/78 84/65/80 85/70/81
f 82/64/78 85/70/81 83/69/79
f 79/67/76 78/66/75 86/71/77
f 79/67/76 86/71/77 87/72/77
f 78/66/75 81/68/77 88/73/77
f 78/66/75 88/73/77 86/71/77
f 81/68/77 83/69/79 89/74/82
f 81/68/77 89/74/82 88/73/77
f 83/69/79 85/70/81 90/75/83
f 83/69/79 90/75/83 89/74/82
f 87/72/77 86/71/77 91/76/84
f 87/72/77 91/76/84 92/77/85
s 0
f 86/71/77 88/73/77 93/78/77
s 1
f 86/71/77 93/78/77 91/76/84
f 88/73/77 89/74/82 94/79/86
f 88/73/77 94/79/86 93/78/77
f 89/74/82 90/75/83 95/80/87
f 89/74/82 95/80/87 94/79/86
f 92/77/85 91/76/84 96/81/88
f 92/77/85 96/81/88 97/82/89
f 91/76/84 93/78/77 98/83/77
f 91/76/84 98/83/77 96/81/88
f 93/78/77 94/79/86 99/84/90
f 93/78/77 99/84/90 98/83/77
f 94/79/86 95/80/87 100/85/91
f 94/79/86 100/85/91 99/84/90
f 101/86/92 102/87/93 103/88/94
f 101/86/92 103/88/94 104/89/95
f 105/90/96 101/86/92 104/89/95
f 105/90/96 104/89/95 106/91/97
f 107/92/98 105/90/96 106/91/97
f 107/92/98 106/91/97 108/93/99
f 109/9/100 107/92/98 108/93/99
f 109/9/100 108/93/99 110/10/101
f 104/89/95 103/88/94 111/94/102
f 104/89/95 111/94/102 112/95/103
f 106/91/97 104/89/95 112/95/103
f 106/91/97 112/95/103 113/96/104
f 108/93/99 106/91/97 113/96/104
f 108/93/99 113/96/104 114/97/105
f 110/10/101 108/93/99 114/97/105
f 110/10/101 114/97/105 115/15/106
f 112/95/103 111/94/102 116/98/107
f 112/95/103 116/98/107 117/99/108
f 113/96/104 112/95/103 117/99/108
f 113/96/104 117/99/108 118/100/109
f 114/97/105 113/96/104 118/100/109
f 114/97/105 118/100/109 119/101/110
f 115/15/106 114/97/105 119/101/110
f 115/15/106 119/101/110 120/20/111
f 117/99/108 116/98/107 121/102/112
f 117/99/108 121/102/112 122/103/113
f 118/100/109 117/99/108 122/103/113
f 118/100/109 122/103/113 123/104/114
f 119/101/110 118/100/109 123/104/114
f 119/101/110 123/104/114 124/105/115
f 120/20/111 119/101/110 124/105/115
f 120/20/111 124/105/115 125/25/116
f 126/106/117 127/107/118 128/108/119
f 126/106/117 128/108/119 129/109/117
f 127/107/118 130/110/120 131/111/120
f 127/107/118 131/111/120 128/108/119
f 130/110/120 132/112/121 133/113/122
f 130/110/120 133/113/122 131/111/120
f 132/112/121 134/1/123 135/4/123
f 132/112/121 135/4/123 133/113/122
f 129/109/117 128/108/119 136/114/124
f 129/109/117 136/114/124 137/115/125
f 128/108/119 131/111/120 138/116/126
f 128/108/119 138/116/126 136/114/124
f 131/111/120 133/113/122 139/117/127
f 131/111/120 139/117/127 138/116/126
f 133/113/122 135/4/123 140/12/128
f 133/113/122 140/12/128 139/117/127
f 137/115/125 136/114/124 141/118/129
f 137/115/125 141/118/129 142/119/130
f 136/114/124 138/116/126 143/120/131
f 136/114/124 143/120/131 141/118/129
f 138/116/126 139/117/127 144/121/132
f 138/116/126 144/121/132 143/120/131
f 139/117/127 140/12/128 145/17/133
f 139/117/127 145/17/133 144/121/132
f 142/119/130 141/118/129 146/122/134
f 142/119/130 146/122/134 147/123/135
f 141/118/129 143/120/131 148/124/136
f 141/118/129 148/124/136 146/122/134
f 143/120/131 144/121/132 149/125/137
f 143/120/131 149/125/137 148/124/136
f 144/121/132 145/17/133 150/22/138
f 144/121/132 150/22/138 149/125/137
o pCube4_lambert2_0
v -0.010835 0.289466 0.107823
v -0.008533 0.292621 0.113164
v -0.013717 0.294271 0.109398
v 0.013338 0.294205 0.109247
v 0.008188 0.292580 0.113071
v 0.010415 0.289414 0.107704
v -0.009473 0.301260 0.111304
v -0.005222 0.298867 0.115179
v -0.004013 0.304227 0.112242
v 0.003715 0.304208 0.112199
v 0.004930 0.298843 0.115122
v 0.009149 0.301214 0.111200
v -0.009464 0.301994 0.109154
v -0.004024 0.304914 0.110128
v -0.005273 0.302302 0.104612
v 0.004879 0.302277 0.104556
v 0.003744 0.304910 0.110039
v 0.009119 0.301949 0.109050
v -0.013730 0.295161 0.106659
v -0.008583 0.296055 0.102598
v -0.010848 0.290356 0.105084
v 0.010402 0.290305 0.104965
v 0.008137 0.296014 0.102505
v 0.013325 0.295095 0.106508
v -0.010835 0.289466 0.107823
v -0.013717 0.294271 0.109398
v -0.013730 0.295161 0.106659
v -0.010848 0.290356 0.105084
v -0.008533 0.292621 0.113164
v -0.010835 0.289466 0.107823
v 0.010415 0.289414 0.107704
v 0.008188 0.292580 0.113071
v -0.013717 0.294271 0.109398
v -0.008533 0.292621 0.113164
v 0.013338 0.294205 0.109247
v 0.010415 0.289414 0.107704
v 0.010402 0.290305 0.104965
v 0.013325 0.295095 0.106508
v 0.008188 0.292580 0.113071
v 0.013338 0.294205 0.109247
v -0.009473 0.301260 0.111304
v -0.004013 0.304227 0.112242
v -0.004024 0.304914 0.110128
v -0.009464 0.301994 0.109154
v 0.003715 0.304208 0.112199
v 0.009149 0.301214 0.111200
v 0.009119 0.301949 0.109050
v 0.003744 0.304910 0.110039
v -0.009464 0.301994 0.109154
v -0.008583 0.296055 0.102598
v -0.013730 0.295161 0.106659
v 0.009119 0.301949 0.109050
v 0.013325 0.295095 0.106508
v 0.008137 0.296014 0.102505
v -0.010848 0.290356 0.105084
v -0.008583 0.296055 0.102598
v 0.008137 0.296014 0.102505
v 0.010402 0.290305 0.104965
v -0.008533 0.292621 0.113164
v 0.008188 0.292580 0.113071
v 0.004930 0.298843 0.115122
v -0.005222 0.298867 0.115179
v -0.005273 0.302302 0.104612
v 0.004879 0.302277 0.104556
v 0.008137 0.296014 0.102505
v -0.008583 0.296055 0.102598
v -0.010848 0.290356 0.105084
v 0.010402 0.290305 0.104965
v 0.010415 0.289414 0.107704
v -0.010835 0.289466 0.107823
v 0.013338 0.294205 0.109247
v 0.013325 0.295095 0.106508
v 0.009119 0.301949 0.109050
v 0.009149 0.301214 0.111200
v -0.013730 0.295161 0.106659
v -0.013717 0.294271 0.109398
v -0.009473 0.301260 0.111304
v -0.009464 0.301994 0.109154
vn -0.5983 -0.5500 0.5827
vn 0.6021 -0.5529 0.5760
vn -0.5739 0.1759 0.7998
vn -0.3097 0.3465 0.8854
vn -0.0640 0.4906 0.8690
vn 0.0761 0.4902 0.8683
vn 0.3213 0.3450 0.8819
vn 0.5836 0.1731 0.7934
vn -0.5784 0.6096 -0.5420
vn -0.0698 0.9065 -0.4164
vn -0.3162 0.7981 -0.5128
vn 0.3125 0.7967 -0.5173
vn 0.0671 0.9058 -0.4183
vn 0.5762 0.6051 -0.5495
vn -0.6049 -0.1040 -0.7895
vn 0.5955 -0.1069 -0.7962
vn -0.8688 -0.4722 -0.1493
vn 0.0007 -0.8612 0.5083
vn -0.5980 0.1060 0.7945
vn 0.8647 -0.4764 -0.1590
vn 0.6073 0.1031 0.7878
vn -0.4938 0.8249 0.2750
vn -0.2261 0.9254 0.3040
vn -0.2263 0.9254 0.3040
vn -0.4938 0.8249 0.2751
vn 0.2334 0.9239 0.3033
vn 0.7505 0.6285 0.2043
vn 0.7475 0.6317 0.2055
vn 0.2386 0.9226 0.3030
vn -0.3162 0.7981 -0.5129
vn -0.6035 0.5490 -0.5783
vn -0.6034 0.5490 -0.5783
vn 0.5996 0.5460 -0.5851
vn -0.0061 -0.3978 -0.9174
vn 0.0045 -0.3091 0.9510
vn -0.0045 0.3091 -0.9510
vn -0.0040 -0.9510 -0.3091
vn 0.8665 0.4759 0.1505
vn 0.7475 0.6317 0.2054
vn -0.8625 0.4801 0.1602
vt 0.419312 1.000000
vt 0.415937 0.924497
vt 0.282401 0.918274
vt 0.717599 0.918274
vt 0.542913 0.924497
vt 0.580688 1.000000
vt 0.275010 0.800775
vt 0.411845 0.817954
vt 0.435506 0.650010
vt 0.564494 0.650010
vt 0.544023 0.817954
vt 0.724990 0.800775
vt 0.375000 0.615125
vt 0.435506 0.599990
vt 0.455977 0.432046
vt 0.588155 0.432046
vt 0.565154 0.598899
vt 0.625000 0.588278
vt 0.375000 0.331726
vt 0.457086 0.325503
vt 0.419312 0.157401
vt 0.580688 0.157401
vt 0.584063 0.325503
vt 0.625000 0.331726
vt 0.419312 0.092599
vt 0.397270 0.092599
vt 0.397270 0.157401
vt 0.602730 0.092599
vt 0.580688 0.092599
vt 0.602730 0.157401
vt 0.375000 0.660854
vt 0.625000 0.633742
vt 0.375000 0.449780
vt 0.625000 0.449779
vt 0.782401 0.918274
vt 0.776101 0.800221
vt 0.217599 0.918274
vt 0.223899 0.800221
s 0
usemtl lambert2
f 151/126/139 152/127/139 153/128/139
f 154/129/140 155/130/140 156/131/140
s 1
f 157/132/141 158/133/142 159/134/143
f 160/135/144 161/136/145 162/137/146
f 163/138/147 164/139/148 165/140/149
f 166/141/150 167/142/151 168/143/152
s 0
f 169/144/153 170/145/153 171/146/153
f 172/147/154 173/148/154 174/149/154
f 175/150/155 176/151/155 177/152/155
f 175/150/155 177/152/155 178/146/155
f 179/127/156 180/126/156 181/131/156
f 179/127/156 181/131/156 182/130/156
s 1
f 183/128/157 184/127/157 158/133/142
f 183/128/157 158/133/142 157/132/141
s 0
f 185/153/158 186/154/158 187/147/158
f 185/153/158 187/147/158 188/155/158
s 1
f 189/130/159 190/129/159 162/137/146
f 189/130/159 162/137/146 161/136/145
f 191/156/160 192/134/161 193/139/162
f 191/156/160 193/139/162 194/138/163
f 159/134/143 158/133/142 161/136/145
f 159/134/143 161/136/145 160/135/144
f 195/135/164 196/157/165 197/143/166
f 195/135/164 197/143/166 198/142/167
f 199/158/147 165/140/168 200/145/169
f 199/158/147 200/145/169 201/144/170
f 165/140/149 164/139/148 167/142/151
f 165/140/149 167/142/151 166/141/150
f 166/141/150 202/159/152 203/149/171
f 166/141/150 203/149/171 204/148/171
s 0
f 205/146/172 206/145/172 207/148/172
f 205/146/172 207/148/172 208/147/172
f 209/127/173 210/130/173 211/136/173
f 209/127/173 211/136/173 212/133/173
s 1
f 192/134/161 195/135/164 198/142/167
f 192/134/161 198/142/167 193/139/162
s 0
f 213/140/174 214/141/174 215/148/174
f 213/140/174 215/148/174 216/145/174
f 217/146/175 218/147/175 219/154/175
f 217/146/175 219/154/175 220/150/175
s 1
f 221/129/176 222/160/176 223/161/177
f 221/129/176 223/161/177 224/137/165
s 0
f 225/162/178 226/128/178 227/132/178
f 225/162/178 227/132/178 228/163/178
o pCube20_phong1_0
v -0.014029 0.005182 -0.033786
v -0.025669 0.000736 -0.033786
v -0.014700 0.012028 -0.043667
v -0.003840 0.021965 -0.036321
v -0.037309 -0.001170 -0.033786
v -0.032497 0.006389 -0.043667
v -0.048949 -0.001487 -0.033786
v -0.047804 0.007805 -0.043667
v -0.060589 -0.001170 -0.033786
v -0.066317 0.009363 -0.043667
v -0.072229 0.000101 -0.033786
v -0.080051 0.012588 -0.043667
v -0.085967 0.006135 -0.033786
v -0.093459 0.021965 -0.036321
v -0.012415 0.023830 -0.043647
v -0.003840 0.034301 -0.036305
v -0.027436 0.018537 -0.043647
v -0.047968 0.018050 -0.043647
v -0.066317 0.019781 -0.043647
v -0.085438 0.026466 -0.043647
v -0.095856 0.034301 -0.036305
v -0.011436 0.038919 -0.041937
v -0.003840 0.046636 -0.034882
v -0.026293 0.031377 -0.041937
v -0.047968 0.031063 -0.041937
v -0.067949 0.035389 -0.041937
v -0.087723 0.042074 -0.041937
v -0.096001 0.046636 -0.034882
v -0.014450 0.047043 -0.037154
v -0.003786 0.052703 -0.030904
v -0.031354 0.045601 -0.037154
v -0.050416 0.047536 -0.037154
v -0.071867 0.053073 -0.037154
v -0.088213 0.056644 -0.037154
v -0.097055 0.058972 -0.030904
v -0.024914 0.053434 -0.034971
v -0.014139 0.054947 -0.029088
v -0.041149 0.055846 -0.034971
v -0.057599 0.059857 -0.034971
v -0.071377 0.065394 -0.034971
v -0.087560 0.074501 -0.033994
v -0.097654 0.071308 -0.029088
v -0.030418 0.058914 -0.033786
v -0.018223 0.055702 -0.033786
v -0.049075 0.063760 -0.033786
v -0.059438 0.067022 -0.033786
v -0.069167 0.071106 -0.033786
v -0.084700 0.083439 -0.033786
v -0.096993 0.101112 -0.028489
v -0.018223 0.055702 -0.033786
v -0.030418 0.058914 -0.033786
v -0.029745 0.058914 0.032798
v -0.018223 0.055702 0.032798
v -0.049075 0.063760 -0.033786
v -0.049075 0.063760 0.032798
v -0.059438 0.067022 -0.033786
v -0.059438 0.067022 0.032798
v -0.069167 0.071106 -0.033786
v -0.069167 0.071106 0.032798
v -0.084700 0.083439 -0.033786
v -0.084700 0.083439 0.032798
v -0.096993 0.101112 -0.028489
v -0.096993 0.101112 0.027502
v -0.018223 0.055702 0.032798
v -0.029745 0.058914 0.032798
v -0.019761 0.050585 0.034985
v -0.014139 0.054947 0.028240
v -0.049075 0.063760 0.032798
v -0.041149 0.055846 0.034985
v -0.059438 0.067022 0.032798
v -0.057599 0.059857 0.034985
v -0.069167 0.071106 0.032798
v -0.071377 0.065394 0.034985
v -0.084700 0.083439 0.032798
v -0.087560 0.074501 0.034985
v -0.096993 0.101112 0.027502
v -0.097654 0.071308 0.028240
v -0.011762 0.046568 0.037168
v -0.003786 0.052703 0.030002
v -0.031354 0.045601 0.037168
v -0.050416 0.047536 0.037168
v -0.071867 0.053073 0.037168
v -0.088213 0.056644 0.037168
v -0.097055 0.058972 0.030002
v -0.011436 0.038919 0.041951
v -0.003840 0.046636 0.033862
v -0.026293 0.031377 0.041951
v -0.047968 0.031063 0.041951
v -0.067949 0.035389 0.041951
v -0.087723 0.042074 0.041951
v -0.096001 0.046636 0.033862
v -0.012415 0.023830 0.043661
v -0.003840 0.034301 0.035243
v -0.027436 0.018537 0.043661
v -0.047968 0.018050 0.043661
v -0.066317 0.019781 0.043661
v -0.085438 0.026466 0.043661
v -0.095856 0.034301 0.035243
v -0.014700 0.012028 0.043681
v -0.003840 0.021965 0.035259
v -0.032497 0.006389 0.043681
v -0.047804 0.007805 0.043681
v -0.066317 0.009363 0.043681
v -0.080051 0.012588 0.043681
v -0.093459 0.021965 0.035259
v -0.025669 0.000736 0.032798
v -0.014029 0.005182 0.032798
v -0.037309 -0.001170 0.032798
v -0.048949 -0.001487 0.032798
v -0.060589 -0.001170 0.032798
v -0.072229 0.000101 0.032798
v -0.085967 0.006135 0.032798
v -0.014029 0.005182 0.032798
v -0.025669 0.000736 0.032798
v -0.025669 0.000736 -0.033786
v -0.014029 0.005182 -0.033786
v -0.037309 -0.001170 0.032798
v -0.037309 -0.001170 -0.033786
v -0.048949 -0.001487 0.032798
v -0.048949 -0.001487 -0.033786
v -0.060589 -0.001170 0.032798
v -0.060589 -0.001170 -0.033786
v -0.072229 0.000101 0.032798
v -0.072229 0.000101 -0.033786
v -0.085967 0.006135 0.032798
v -0.085967 0.006135 -0.033786
v -0.085967 0.006135 -0.033786
v -0.085967 0.006135 0.032798
v -0.093459 0.021965 0.035259
v -0.093459 0.021965 -0.036321
v -0.095856 0.034301 0.035243
v -0.095856 0.034301 -0.036305
v -0.096001 0.046636 0.033862
v -0.096001 0.046636 -0.034882
v -0.097055 0.058972 0.030002
v -0.097055 0.058972 -0.030904
v -0.097654 0.071308 0.028240
v -0.097654 0.071308 -0.029088
v -0.096993 0.101112 0.027502
v -0.096993 0.101112 -0.028489
v -0.014029 0.005182 0.032798
v -0.014029 0.005182 -0.033786
v -0.003840 0.021965 -0.036321
v -0.003840 0.021965 0.035259
v -0.003840 0.034301 -0.036305
v -0.003840 0.034301 0.035243
v -0.003840 0.046636 -0.034882
v -0.003840 0.046636 0.033862
v -0.003786 0.052703 -0.030904
v -0.003786 0.052703 0.030002
v -0.014139 0.054947 -0.029088
v -0.014139 0.054947 0.028240
v -0.018223 0.055702 -0.033786
v -0.018223 0.055702 0.032798
vn 0.5773 -0.6523 -0.4911
vn 0.2827 -0.7674 -0.5755
vn 0.3608 -0.4100 -0.8377
vn 0.6520 -0.2231 -0.7247
vn 0.0548 -0.7716 -0.6338
vn 0.0704 -0.4597 -0.8853
vn -0.0385 -0.7303 -0.6820
vn -0.0204 -0.3936 -0.9190
vn -0.0694 -0.7032 -0.7076
vn -0.0522 -0.3929 -0.9181
vn -0.2359 -0.6605 -0.7128
vn -0.2936 -0.3661 -0.8831
vn -0.4971 -0.5596 -0.6631
vn -0.5849 -0.2964 -0.7550
vn 0.2690 0.0387 -0.9624
vn 0.6268 0.0337 -0.7785
vn -0.0106 0.0688 -0.9976
vn 0.0046 0.0720 -0.9974
vn 0.0155 0.0670 -0.9976
vn -0.2402 0.0040 -0.9707
vn -0.6004 -0.0254 -0.7993
vn 0.1860 0.2472 -0.9509
vn 0.3586 0.3991 -0.8439
vn -0.0334 0.2214 -0.9746
vn 0.0230 0.2122 -0.9770
vn 0.0528 0.2047 -0.9774
vn -0.1640 0.1931 -0.9674
vn -0.5594 0.1648 -0.8124
vn 0.0380 0.4927 -0.8694
vn 0.1756 0.6352 -0.7521
vn -0.0098 0.2965 -0.9550
vn 0.0448 0.2619 -0.9640
vn 0.0650 0.2437 -0.9677
vn -0.1645 0.2263 -0.9601
vn -0.5175 0.1716 -0.8383
vn 0.0657 0.2971 -0.9526
vn 0.1643 0.6746 -0.7197
vn 0.0365 0.2201 -0.9748
vn 0.0553 0.1926 -0.9797
vn 0.0447 0.1607 -0.9860
vn -0.2405 0.1046 -0.9650
vn -0.4444 0.0957 -0.8907
vn 0.0580 0.1925 -0.9796
vn 0.2313 -0.1828 -0.9556
vn 0.0498 0.1926 -0.9800
vn 0.0656 0.1814 -0.9812
vn 0.0418 0.1153 -0.9924
vn -0.2863 0.0630 -0.9561
vn -0.3849 0.0542 -0.9214
vn 0.2615 0.9652 -0.0013
vn 0.2522 0.9677 -0.0015
vn 0.2527 0.9675 -0.0013
vn 0.2662 0.9639 -0.0008
vn 0.3435 0.9392 -0.0000
vn 0.3434 0.9392 -0.0000
vn 0.5449 0.8385 -0.0000
vn 0.7209 0.6930 -0.0000
vn 0.7208 0.6931 -0.0000
vn 0.8209 0.5710 -0.0000
vn 0.3346 0.2834 0.8987
vn 0.1004 0.3433 0.9339
vn 0.0938 0.4269 0.8994
vn 0.1380 0.6971 0.7036
vn 0.0887 0.3342 0.9383
vn 0.0571 0.2796 0.9584
vn 0.1157 0.3207 0.9401
vn 0.0682 0.2337 0.9699
vn 0.1481 0.2593 0.9544
vn 0.0850 0.1908 0.9779
vn -0.2820 0.1425 0.9488
vn -0.2414 0.1461 0.9594
vn -0.4169 0.1060 0.9027
vn -0.5027 0.1063 0.8579
vn 0.0589 0.5078 0.8594
vn 0.1806 0.6750 0.7154
vn -0.0020 0.3165 0.9486
vn 0.0448 0.2619 0.9640
vn 0.0687 0.2371 0.9691
vn -0.2021 0.2072 0.9572
vn -0.5956 0.1409 0.7908
vn 0.2078 0.2461 0.9467
vn 0.5025 0.3256 0.8009
vn -0.0321 0.2264 0.9735
vn 0.0230 0.2121 0.9770
vn 0.0528 0.2047 0.9774
vn -0.1970 0.1890 0.9620
vn -0.6218 0.1464 0.7694
vn 0.3087 0.0352 0.9505
vn 0.6844 0.0248 0.7287
vn -0.0106 0.0688 0.9976
vn 0.0046 0.0721 0.9974
vn 0.0155 0.0670 0.9976
vn -0.2760 -0.0036 0.9611
vn -0.6562 -0.0396 0.7536
vn 0.3863 -0.4327 0.8146
vn 0.6956 -0.2425 0.6762
vn 0.0746 -0.4940 0.8663
vn -0.0221 -0.4266 0.9042
vn -0.0562 -0.4257 0.9031
vn -0.3175 -0.3894 0.8646
vn -0.6270 -0.3168 0.7117
vn 0.2967 -0.7893 0.5376
vn 0.5943 -0.6638 0.4541
vn 0.0589 -0.8006 0.5963
vn -0.0401 -0.7622 0.6461
vn -0.0732 -0.7362 0.6728
vn -0.2527 -0.6900 0.6783
vn -0.5226 -0.5779 0.6268
vn 0.3568 -0.9342 -0.0000
vn 0.2632 -0.9647 -0.0000
vn 0.0950 -0.9955 -0.0000
vn -0.0000 -1.0000 -0.0000
vn -0.0680 -0.9977 -0.0000
vn -0.2766 -0.9610 -0.0000
vn -0.4022 -0.9156 -0.0000
vn -0.9039 -0.4278 -0.0000
vn -0.9461 -0.3239 -0.0000
vn -0.9461 -0.3237 -0.0000
vn -0.9943 -0.1067 -0.0000
vn -0.9943 -0.1069 -0.0000
vn -0.9991 -0.0420 -0.0000
vn -0.9991 -0.0419 -0.0000
vn -0.9975 -0.0701 -0.0000
vn -0.9975 -0.0702 -0.0000
vn -1.0000 -0.0007 -0.0000
vn -0.9998 0.0222 -0.0000
vn 0.8548 -0.5190 -0.0000
vn 0.9490 -0.3153 -0.0000
vn 0.9489 -0.3156 -0.0000
vn 1.0000 -0.0000 -0.0000
vn 1.0000 -0.0020 -0.0000
vn 1.0000 -0.0019 -0.0000
vn 0.7702 0.6377 -0.0000
vn 0.7677 0.6408 -0.0000
vn 0.2009 0.9796 -0.0000
vn 0.2010 0.9796 -0.0000
vn 0.1817 0.9834 -0.0000
vt 0.375000 1.000000
vt 0.416667 1.000000
vt 0.416667 0.958333
vt 0.375000 0.958333
vt 0.458333 1.000000
vt 0.458333 0.958333
vt 0.500000 1.000000
vt 0.500000 0.958333
vt 0.541667 1.000000
vt 0.541667 0.958333
vt 0.583333 1.000000
vt 0.583333 0.958333
vt 0.625000 1.000000
vt 0.625000 0.958333
vt 0.416667 0.916667
vt 0.375000 0.916667
vt 0.458333 0.916667
vt 0.500000 0.916667
vt 0.541667 0.916667
vt 0.583333 0.916667
vt 0.625000 0.916667
vt 0.416667 0.875000
vt 0.375000 0.875000
vt 0.458333 0.875000
vt 0.500000 0.875000
vt 0.541667 0.875000
vt 0.583333 0.875000
vt 0.625000 0.875000
vt 0.416667 0.833333
vt 0.375000 0.833333
vt 0.458333 0.833333
vt 0.500000 0.833333
vt 0.541667 0.833333
vt 0.583333 0.833333
vt 0.625000 0.833333
vt 0.416667 0.791667
vt 0.375000 0.791667
vt 0.458333 0.791667
vt 0.500000 0.791667
vt 0.541667 0.791667
vt 0.583333 0.791667
vt 0.625000 0.791667
vt 0.416667 0.750000
vt 0.375000 0.750000
vt 0.458333 0.750000
vt 0.500000 0.750000
vt 0.541667 0.750000
vt 0.583333 0.750000
vt 0.625000 0.750000
vt 0.416667 0.500000
vt 0.375000 0.500000
vt 0.458333 0.500000
vt 0.500000 0.500000
vt 0.541667 0.500000
vt 0.583333 0.500000
vt 0.625000 0.500000
vt 0.416667 0.458333
vt 0.375000 0.458333
vt 0.458333 0.458333
vt 0.500000 0.458333
vt 0.541667 0.458333
vt 0.583333 0.458333
vt 0.625000 0.458333
vt 0.416667 0.416667
vt 0.375000 0.416667
vt 0.458333 0.416667
vt 0.500000 0.416667
vt 0.541667 0.416667
vt 0.583333 0.416667
vt 0.625000 0.416667
vt 0.416667 0.375000
vt 0.375000 0.375000
vt 0.458333 0.375000
vt 0.500000 0.375000
vt 0.541667 0.375000
vt 0.583333 0.375000
vt 0.625000 0.375000
vt 0.416667 0.333333
vt 0.375000 0.333333
vt 0.458333 0.333333
vt 0.500000 0.333333
vt 0.541667 0.333333
vt 0.583333 0.333333
vt 0.625000 0.333333
vt 0.416667 0.291667
vt 0.375000 0.291667
vt 0.458333 0.291667
vt 0.500000 0.291667
vt 0.541667 0.291667
vt 0.583333 0.291667
vt 0.625000 0.291667
vt 0.416667 0.250000
vt 0.375000 0.250000
vt 0.458333 0.250000
vt 0.500000 0.250000
vt 0.541667 0.250000
vt 0.583333 0.250000
vt 0.625000 0.250000
vt 0.416667 -0.000000
vt 0.375000 -0.000000
vt 0.458333 -0.000000
vt 0.500000 -0.000000
vt 0.541667 -0.000000
vt 0.583333 -0.000000
vt 0.625000 -0.000000
vt 0.875000 1.000000
vt 0.875000 0.958333
vt 0.875000 0.916667
vt 0.875000 0.875000
vt 0.875000 0.833333
vt 0.875000 0.791667
vt 0.875000 0.750000
vt 0.125000 1.000000
vt 0.125000 0.958333
vt 0.125000 0.916667
vt 0.125000 0.875000
vt 0.125000 0.833333
vt 0.125000 0.791667
vt 0.125000 0.750000
s 1
usemtl phong1
f 229/164/179 230/165/180 231/166/181
f 229/164/179 231/166/181 232/167/182
f 230/165/180 233/168/183 234/169/184
f 230/165/180 234/169/184 231/166/181
f 233/168/183 235/170/185 236/171/186
f 233/168/183 236/171/186 234/169/184
f 235/170/185 237/172/187 238/173/188
f 235/170/185 238/173/188 236/171/186
f 237/172/187 239/174/189 240/175/190
f 237/172/187 240/175/190 238/173/188
f 239/174/189 241/176/191 242/177/192
f 239/174/189 242/177/192 240/175/190
f 232/167/182 231/166/181 243/178/193
f 232/167/182 243/178/193 244/179/194
f 231/166/181 234/169/184 245/180/195
f 231/166/181 245/180/195 243/178/193
f 234/169/184 236/171/186 246/181/196
f 234/169/184 246/181/196 245/180/195
f 236/171/186 238/173/188 247/182/197
f 236/171/186 247/182/197 246/181/196
f 238/173/188 240/175/190 248/183/198
f 238/173/188 248/183/198 247/182/197
f 240/175/190 242/177/192 249/184/199
f 240/175/190 249/184/199 248/183/198
f 244/179/194 243/178/193 250/185/200
f 244/179/194 250/185/200 251/186/201
f 243/178/193 245/180/195 252/187/202
f 243/178/193 252/187/202 250/185/200
f 245/180/195 246/181/196 253/188/203
f 245/180/195 253/188/203 252/187/202
f 246/181/196 247/182/197 254/189/204
f 246/181/196 254/189/204 253/188/203
f 247/182/197 248/183/198 255/190/205
f 247/182/197 255/190/205 254/189/204
f 248/183/198 249/184/199 256/191/206
f 248/183/198 256/191/206 255/190/205
f 251/186/201 250/185/200 257/192/207
f 251/186/201 257/192/207 258/193/208
f 250/185/200 252/187/202 259/194/209
f 250/185/200 259/194/209 257/192/207
f 252/187/202 253/188/203 260/195/210
f 252/187/202 260/195/210 259/194/209
f 253/188/203 254/189/204 261/196/211
f 253/188/203 261/196/211 260/195/210
f 254/189/204 255/190/205 262/197/212
f 254/189/204 262/197/212 261/196/211
f 255/190/205 256/191/206 263/198/213
f 255/190/205 263/198/213 262/197/212
f 258/193/208 257/192/207 264/199/214
f 258/193/208 264/199/214 265/200/215
f 257/192/207 259/194/209 266/201/216
f 257/192/207 266/201/216 264/199/214
f 259/194/209 260/195/210 267/202/217
f 259/194/209 267/202/217 266/201/216
f 260/195/210 261/196/211 268/203/218
f 260/195/210 268/203/218 267/202/217
f 261/196/211 262/197/212 269/204/219
f 261/196/211 269/204/219 268/203/218
f 262/197/212 263/198/213 270/205/220
f 262/197/212 270/205/220 269/204/219
f 265/200/215 264/199/214 271/206/221
f 265/200/215 271/206/221 272/207/222
f 264/199/214 266/201/216 273/208/223
f 264/199/214 273/208/223 271/206/221
f 266/201/216 267/202/217 274/209/224
f 266/201/216 274/209/224 273/208/223
f 267/202/217 268/203/218 275/210/225
f 267/202/217 275/210/225 274/209/224
f 268/203/218 269/204/219 276/211/226
f 268/203/218 276/211/226 275/210/225
f 269/204/219 270/205/220 277/212/227
f 269/204/219 277/212/227 276/211/226
f 278/207/228 279/206/229 280/213/230
f 278/207/228 280/213/230 281/214/228
f 279/206/229 282/208/231 283/215/231
f 279/206/229 283/215/231 280/213/230
f 282/208/231 284/209/232 285/216/233
f 282/208/231 285/216/233 283/215/231
f 284/209/232 286/210/234 287/217/234
f 284/209/232 287/217/234 285/216/233
f 286/210/234 288/211/235 289/218/236
f 286/210/234 289/218/236 287/217/234
f 288/211/235 290/212/237 291/219/237
f 288/211/235 291/219/237 289/218/236
f 292/214/238 293/213/239 294/220/240
f 292/214/238 294/220/240 295/221/241
f 293/213/239 296/215/242 297/222/243
f 293/213/239 297/222/243 294/220/240
f 296/215/242 298/216/244 299/223/245
f 296/215/242 299/223/245 297/222/243
f 298/216/244 300/217/246 301/224/247
f 298/216/244 301/224/247 299/223/245
f 300/217/246 302/218/248 303/225/249
f 300/217/246 303/225/249 301/224/247
f 302/218/248 304/219/250 305/226/251
f 302/218/248 305/226/251 303/225/249
f 295/221/241 294/220/240 306/227/252
f 295/221/241 306/227/252 307/228/253
f 294/220/240 297/222/243 308/229/254
f 294/220/240 308/229/254 306/227/252
f 297/222/243 299/223/245 309/230/255
f 297/222/243 309/230/255 308/229/254
f 299/223/245 301/224/247 310/231/256
f 299/223/245 310/231/256 309/230/255
f 301/224/247 303/225/249 311/232/257
f 301/224/247 311/232/257 310/231/256
f 303/225/249 305/226/251 312/233/258
f 303/225/249 312/233/258 311/232/257
f 307/228/253 306/227/252 313/234/259
f 307/228/253 313/234/259 314/235/260
f 306/227/252 308/229/254 315/236/261
f 306/227/252 315/236/261 313/234/259
f 308/229/254 309/230/255 316/237/262
f 308/229/254 316/237/262 315/236/261
f 309/230/255 310/231/256 317/238/263
f 309/230/255 317/238/263 316/237/262
f 310/231/256 311/232/257 318/239/264
f 310/231/256 318/239/264 317/238/263
f 311/232/257 312/233/258 319/240/265
f 311/232/257 319/240/265 318/239/264
f 314/235/260 313/234/259 320/241/266
f 314/235/260 320/241/266 321/242/267
f 313/234/259 315/236/261 322/243/268
f 313/234/259 322/243/268 320/241/266
f 315/236/261 316/237/262 323/244/269
f 315/236/261 323/244/269 322/243/268
f 316/237/262 317/238/263 324/245/270
f 316/237/262 324/245/270 323/244/269
f 317/238/263 318/239/264 325/246/271
f 317/238/263 325/246/271 324/245/270
f 318/239/264 319/240/265 326/247/272
f 318/239/264 326/247/272 325/246/271
f 321/242/267 320/241/266 327/248/273
f 321/242/267 327/248/273 328/249/274
f 320/241/266 322/243/268 329/250/275
f 320/241/266 329/250/275 327/248/273
f 322/243/268 323/244/269 330/251/276
f 322/243/268 330/251/276 329/250/275
f 323/244/269 324/245/270 331/252/277
f 323/244/269 331/252/277 330/251/276
f 324/245/270 325/246/271 332/253/278
f 324/245/270 332/253/278 331/252/277
f 325/246/271 326/247/272 333/254/279
f 325/246/271 333/254/279 332/253/278
f 328/249/274 327/248/273 334/255/280
f 328/249/274 334/255/280 335/256/281
f 327/248/273 329/250/275 336/257/282
f 327/248/273 336/257/282 334/255/280
f 329/250/275 330/251/276 337/258/283
f 329/250/275 337/258/283 336/257/282
f 330/251/276 331/252/277 338/259/284
f 330/251/276 338/259/284 337/258/283
f 331/252/277 332/253/278 339/260/285
f 331/252/277 339/260/285 338/259/284
f 332/253/278 333/254/279 340/261/286
f 332/253/278 340/261/286 339/260/285
f 341/256/287 342/255/288 343/262/288
f 341/256/287 343/262/288 344/263/287
f 342/255/288 345/257/289 346/264/289
f 342/255/288 346/264/289 343/262/288
f 345/257/289 347/258/290 348/265/290
f 345/257/289 348/265/290 346/264/289
f 347/258/290 349/259/291 350/266/291
f 347/258/290 350/266/291 348/265/290
f 349/259/291 351/260/292 352/267/292
f 349/259/291 352/267/292 350/266/291
f 351/260/292 353/261/293 354/268/293
f 351/260/292 354/268/293 352/267/292
f 355/176/294 356/269/294 357/270/295
f 355/176/294 357/270/295 358/177/296
f 358/177/296 357/270/295 359/271/297
f 358/177/296 359/271/297 360/184/298
f 360/184/298 359/271/297 361/272/299
f 360/184/298 361/272/299 362/191/300
f 362/191/300 361/272/299 363/273/301
f 362/191/300 363/273/301 364/198/302
f 364/198/302 363/273/301 365/274/303
f 364/198/302 365/274/303 366/205/303
f 366/205/303 365/274/303 367/275/304
f 366/205/303 367/275/304 368/212/304
f 369/276/305 370/164/305 371/167/306
f 369/276/305 371/167/306 372/277/307
f 372/277/307 371/167/306 373/179/308
f 372/277/307 373/179/308 374/278/308
f 374/278/308 373/179/308 375/186/309
f 374/278/308 375/186/309 376/279/310
f 376/279/310 375/186/309 377/193/311
f 376/279/310 377/193/311 378/280/312
f 378/280/312 377/193/311 379/200/313
f 378/280/312 379/200/313 380/281/314
f 380/281/314 379/200/313 381/207/315
f 380/281/314 381/207/315 382/282/315
o pCube1_lambert2_0
v -0.065730 0.065108 0.013529
v -0.048984 0.065502 0.013529
v -0.050512 0.069678 0.015357
v -0.070581 0.069251 0.013529
v -0.034816 0.063401 0.013529
v -0.039704 0.067883 0.015357
v -0.019542 0.057157 0.013529
v -0.012321 0.060579 0.013529
v -0.011741 0.067883 0.016128
v -0.026137 0.067883 0.016128
v -0.000185 0.065512 0.013529
v 0.011950 0.060579 0.013529
v 0.011370 0.067883 0.016128
v -0.000185 0.067883 0.016128
v 0.019171 0.057157 0.013529
v 0.034445 0.063401 0.013529
v 0.039333 0.067883 0.015357
v 0.025766 0.067883 0.016128
v 0.048613 0.065502 0.013529
v 0.065359 0.065108 0.013529
v 0.070210 0.069251 0.013529
v 0.050141 0.069678 0.015357
v -0.052089 0.073941 0.015357
v -0.072738 0.075145 0.013529
v -0.039704 0.073941 0.016128
v -0.011741 0.073941 0.016128
v -0.026137 0.073941 0.016128
v 0.011370 0.073941 0.016128
v -0.000185 0.073941 0.016128
v 0.039333 0.073941 0.016128
v 0.025766 0.073941 0.016128
v 0.072367 0.075145 0.013529
v 0.051718 0.073941 0.015357
v -0.052089 0.080000 0.015357
v -0.072872 0.079827 0.013529
v -0.039704 0.080000 0.016128
v -0.011741 0.080000 0.016128
v -0.026137 0.080000 0.016128
v 0.011370 0.080000 0.016128
v -0.000185 0.080000 0.016128
v 0.039333 0.080000 0.016128
v 0.025766 0.080000 0.016128
v 0.072501 0.079827 0.013529
v 0.051718 0.080000 0.015357
v -0.052089 0.086059 0.015357
v -0.071390 0.089225 0.013529
v -0.039704 0.086059 0.016128
v -0.011741 0.086059 0.016128
v -0.026137 0.086059 0.016128
v 0.011370 0.086059 0.016128
v -0.000185 0.086059 0.016128
v 0.039333 0.086059 0.016128
v 0.025766 0.086059 0.016128
v 0.071019 0.089225 0.013529
v 0.051718 0.086059 0.015357
v -0.052089 0.092117 0.015357
v -0.066943 0.095793 0.013529
v -0.039704 0.092117 0.015357
v -0.011741 0.092117 0.016128
v -0.026137 0.092117 0.016128
v 0.011370 0.092117 0.016128
v -0.000185 0.092117 0.016128
v 0.039333 0.092117 0.015357
v 0.025766 0.092117 0.016128
v 0.066572 0.095793 0.013529
v 0.051718 0.092117 0.015357
v -0.049913 0.105887 0.013529
v -0.059449 0.100903 0.013529
v -0.039792 0.106344 0.013529
v -0.016941 0.101913 0.013529
v -0.028705 0.106845 0.013529
v 0.016570 0.101913 0.013529
v -0.000185 0.097955 0.013529
v 0.039421 0.106344 0.013529
v 0.028334 0.106845 0.013529
v 0.059078 0.100903 0.013529
v 0.049542 0.105887 0.013529
v -0.063758 0.105132 -0.007330
v -0.052089 0.111231 -0.007330
v -0.049913 0.105887 -0.013529
v -0.059449 0.100903 -0.013529
v -0.039704 0.111790 -0.007330
v -0.039792 0.106344 -0.013529
v -0.026137 0.112402 -0.007330
v -0.011741 0.106367 -0.007330
v -0.016941 0.101913 -0.013529
v -0.028705 0.106845 -0.013529
v -0.000185 0.101523 -0.007330
v 0.011370 0.106367 -0.007330
v 0.016570 0.101913 -0.013529
v -0.000185 0.097955 -0.013529
v 0.025766 0.112402 -0.007330
v 0.039333 0.111790 -0.007330
v 0.039421 0.106344 -0.013529
v 0.028334 0.106845 -0.013529
v 0.051718 0.111231 -0.007330
v 0.063387 0.105132 -0.007330
v 0.059078 0.100903 -0.013529
v 0.049542 0.105887 -0.013529
v -0.059449 0.100903 -0.013529
v -0.049913 0.105887 -0.013529
v -0.052089 0.092117 -0.015357
v -0.066943 0.095793 -0.013529
v -0.039792 0.106344 -0.013529
v -0.039704 0.092117 -0.015357
v -0.028705 0.106845 -0.013529
v -0.016941 0.101913 -0.013529
v -0.011741 0.092117 -0.016128
v -0.026137 0.092117 -0.016128
v -0.000185 0.097955 -0.013529
v 0.016570 0.101913 -0.013529
v 0.011370 0.092117 -0.016128
v -0.000185 0.092117 -0.016128
v 0.028334 0.106845 -0.013529
v 0.039421 0.106344 -0.013529
v 0.039333 0.092117 -0.015357
v 0.025766 0.092117 -0.016128
v 0.049542 0.105887 -0.013529
v 0.059078 0.100903 -0.013529
v 0.066572 0.095793 -0.013529
v 0.051718 0.092117 -0.015357
v -0.052089 0.086059 -0.015357
v -0.071390 0.089225 -0.013529
v -0.039704 0.086059 -0.016128
v -0.011741 0.086059 -0.016128
v -0.026137 0.086059 -0.016128
v 0.011370 0.086059 -0.016128
v -0.000185 0.086059 -0.016128
v 0.039333 0.086059 -0.016128
v 0.025766 0.086059 -0.016128
v 0.071019 0.089225 -0.013529
v 0.051718 0.086059 -0.015357
v -0.052089 0.080000 -0.015357
v -0.072872 0.079827 -0.013529
v -0.039704 0.080000 -0.016128
v -0.011741 0.080000 -0.016128
v -0.026137 0.080000 -0.016128
v 0.011370 0.080000 -0.016128
v -0.000185 0.080000 -0.016128
v 0.039333 0.080000 -0.016128
v 0.025766 0.080000 -0.016128
v 0.072501 0.079827 -0.013529
v 0.051718 0.080000 -0.015357
v -0.052089 0.073941 -0.015357
v -0.072738 0.075145 -0.013529
v -0.039704 0.073941 -0.016128
v -0.011741 0.073941 -0.016128
v -0.026137 0.073941 -0.016128
v 0.011370 0.073941 -0.016128
v -0.000185 0.073941 -0.016128
v 0.039333 0.073941 -0.016128
v 0.025766 0.073941 -0.016128
v 0.072367 0.075145 -0.013529
v 0.051718 0.073941 -0.015357
v -0.050512 0.069678 -0.015357
v -0.070581 0.069251 -0.013529
v -0.039704 0.067883 -0.015357
v -0.011741 0.067883 -0.016128
v -0.026137 0.067883 -0.016128
v 0.011370 0.067883 -0.016128
v -0.000185 0.067883 -0.016128
v 0.039333 0.067883 -0.015357
v 0.025766 0.067883 -0.016128
v 0.070210 0.069251 -0.013529
v 0.050141 0.069678 -0.015357
v -0.048984 0.065502 -0.013529
v -0.065730 0.065108 -0.013529
v -0.034816 0.063401 -0.013529
v -0.012321 0.060579 -0.013529
v -0.019542 0.057157 -0.013529
v 0.011950 0.060579 -0.013529
v -0.000185 0.065512 -0.013529
v 0.034445 0.063401 -0.013529
v 0.019171 0.057157 -0.013529
v 0.065359 0.065108 -0.013529
v 0.048613 0.065502 -0.013529
v -0.065730 0.065108 -0.013529
v -0.048984 0.065502 -0.013529
v -0.057036 0.061824 -0.007330
v -0.071444 0.061329 -0.007330
v -0.034816 0.063401 -0.013529
v -0.037486 0.059254 -0.007330
v -0.019542 0.057157 -0.013529
v -0.012321 0.060579 -0.013529
v -0.006088 0.055787 -0.007330
v -0.014924 0.051600 -0.007330
v -0.000185 0.065512 -0.013529
v 0.011950 0.060579 -0.013529
v 0.005717 0.055787 -0.007330
v -0.000185 0.061824 -0.007330
v 0.019171 0.057157 -0.013529
v 0.034445 0.063401 -0.013529
v 0.037115 0.059254 -0.007330
v 0.014553 0.051600 -0.007330
v 0.048613 0.065502 -0.013529
v 0.065359 0.065108 -0.013529
v 0.071073 0.061329 -0.007330
v 0.056665 0.061824 -0.007330
v 0.071073 0.061329 -0.007330
v 0.065359 0.065108 -0.013529
v 0.070210 0.069251 -0.013529
v 0.077010 0.066398 -0.007330
v 0.072367 0.075145 -0.013529
v 0.079648 0.073612 -0.007330
v 0.072501 0.079827 -0.013529
v 0.079813 0.079340 -0.007330
v 0.071019 0.089225 -0.013529
v 0.077999 0.090841 -0.007330
v 0.066572 0.095793 -0.013529
v 0.072558 0.098878 -0.007330
v 0.059078 0.100903 -0.013529
v 0.063387 0.105132 -0.007330
v -0.065730 0.065108 -0.013529
v -0.071444 0.061329 -0.007330
v -0.077381 0.066398 -0.007330
v -0.070581 0.069251 -0.013529
v -0.080019 0.073612 -0.007330
v -0.072738 0.075145 -0.013529
v -0.080184 0.079340 -0.007330
v -0.072872 0.079827 -0.013529
v -0.078370 0.090841 -0.007330
v -0.071390 0.089225 -0.013529
v -0.072929 0.098878 -0.007330
v -0.066943 0.095793 -0.013529
v -0.063758 0.105132 -0.007330
v -0.059449 0.100903 -0.013529
v -0.080184 0.079340 0.007710
v -0.078370 0.090841 0.007710
v -0.072929 0.098878 0.007710
v -0.063758 0.105132 0.007710
v -0.063758 0.105132 0.007710
v -0.052089 0.111231 0.007710
v -0.039704 0.111790 0.007710
v -0.026137 0.112402 0.007710
v -0.011741 0.106367 0.007710
v -0.000185 0.101523 0.007710
v 0.011370 0.106367 0.007710
v 0.025766 0.112402 0.007710
v 0.039333 0.111790 0.007710
v 0.051718 0.111231 0.007710
v 0.063387 0.105132 0.007710
v 0.072558 0.098878 0.007710
v 0.063387 0.105132 0.007710
v 0.077999 0.090841 0.007710
v 0.079813 0.079340 0.007710
v 0.079648 0.073612 0.007710
v 0.077010 0.066398 0.007710
v 0.071073 0.061329 0.007710
v 0.071073 0.061329 0.007710
v 0.056665 0.061824 0.007710
v 0.037115 0.059254 0.007710
v 0.014553 0.051600 0.007710
v 0.005717 0.055787 0.007710
v -0.000185 0.061824 0.007710
v -0.006088 0.055787 0.007710
v -0.014924 0.051600 0.007710
v -0.037486 0.059254 0.007710
v -0.057036 0.061824 0.007710
v -0.071444 0.061329 0.007710
v -0.071444 0.061329 0.007710
v -0.077381 0.066398 0.007710
v -0.080019 0.073612 0.007710
v -0.072872 0.079827 0.013529
v -0.071390 0.089225 0.013529
v -0.066943 0.095793 0.013529
v -0.059449 0.100903 0.013529
v -0.059449 0.100903 0.013529
v -0.049913 0.105887 0.013529
v -0.039792 0.106344 0.013529
v -0.028705 0.106845 0.013529
v -0.016941 0.101913 0.013529
v -0.000185 0.097955 0.013529
v 0.016570 0.101913 0.013529
v 0.028334 0.106845 0.013529
v 0.039421 0.106344 0.013529
v 0.049542 0.105887 0.013529
v 0.059078 0.100903 0.013529
v 0.066572 0.095793 0.013529
v 0.059078 0.100903 0.013529
v 0.071019 0.089225 0.013529
v 0.072501 0.079827 0.013529
v 0.072367 0.075145 0.013529
v 0.070210 0.069251 0.013529
v 0.065359 0.065108 0.013529
v 0.065359 0.065108 0.013529
v 0.048613 0.065502 0.013529
v 0.034445 0.063401 0.013529
v 0.019171 0.057157 0.013529
v 0.011950 0.060579 0.013529
v -0.000185 0.065512 0.013529
v -0.012321 0.060579 0.013529
v -0.019542 0.057157 0.013529
v -0.034816 0.063401 0.013529
v -0.048984 0.065502 0.013529
v -0.065730 0.065108 0.013529
v -0.065730 0.065108 0.013529
v -0.070581 0.069251 0.013529
v -0.072738 0.075145 0.013529
vn -0.0426 -0.2455 0.9685
vn -0.0544 -0.3341 0.9410
vn -0.0617 -0.1435 0.9877
vn -0.0709 -0.1215 0.9901
vn -0.0952 -0.3596 0.9282
vn -0.0642 -0.2607 0.9633
vn -0.0144 -0.2978 0.9545
vn 0.0494 -0.2925 0.9550
vn 0.0338 -0.1832 0.9825
vn -0.0232 -0.1818 0.9831
vn -0.0000 -0.4780 0.8784
vn -0.0494 -0.2925 0.9550
vn -0.0338 -0.1832 0.9825
vn -0.0000 -0.2363 0.9717
vn 0.0144 -0.2978 0.9545
vn 0.0952 -0.3596 0.9282
vn 0.0642 -0.2607 0.9633
vn 0.0232 -0.1818 0.9831
vn 0.0544 -0.3341 0.9410
vn 0.0426 -0.2455 0.9685
vn 0.0709 -0.1215 0.9901
vn 0.0617 -0.1435 0.9877
vn -0.0754 -0.0248 0.9968
vn -0.0888 -0.0137 0.9960
vn -0.0312 -0.0332 0.9990
vn -0.0000 -0.0000 1.0000
vn -0.0069 -0.0154 0.9999
vn 0.0312 -0.0332 0.9990
vn 0.0069 -0.0154 0.9999
vn 0.0888 -0.0137 0.9960
vn 0.0754 -0.0249 0.9968
vn -0.0796 0.0030 0.9968
vn -0.0892 0.0044 0.9960
vn -0.0297 -0.0000 0.9996
vn 0.0297 -0.0000 0.9996
vn 0.0892 0.0044 0.9960
vn 0.0796 0.0030 0.9968
vn -0.0768 0.0211 0.9968
vn -0.0956 0.0241 0.9951
vn -0.0297 0.0316 0.9991
vn -0.0069 0.0154 0.9999
vn 0.0297 0.0316 0.9991
vn 0.0069 0.0154 0.9999
vn 0.0956 0.0241 0.9951
vn 0.0768 0.0211 0.9968
vn -0.0533 0.0847 0.9950
vn -0.0875 0.1036 0.9908
vn -0.0227 0.1160 0.9930
vn 0.0275 0.1705 0.9850
vn -0.0031 0.1314 0.9913
vn -0.0275 0.1705 0.9850
vn -0.0000 0.2051 0.9787
vn 0.0227 0.1160 0.9930
vn 0.0031 0.1314 0.9913
vn 0.0875 0.1035 0.9908
vn 0.0533 0.0848 0.9950
vn -0.0137 0.1308 0.9913
vn -0.0814 0.1373 0.9872
vn -0.0211 0.1406 0.9898
vn 0.0422 0.2377 0.9704
vn -0.0163 0.1649 0.9862
vn -0.0422 0.2377 0.9704
vn -0.0000 0.3293 0.9442
vn 0.0211 0.1406 0.9898
vn 0.0163 0.1650 0.9862
vn 0.0814 0.1373 0.9872
vn 0.0137 0.1308 0.9913
vn -0.4439 0.8494 -0.2855
vn -0.2492 0.9443 -0.2149
vn -0.2210 0.6990 -0.6801
vn -0.3398 0.6501 -0.6797
vn -0.0439 0.9715 -0.2329
vn -0.0339 0.7511 -0.6594
vn 0.1794 0.9614 -0.2084
vn 0.3639 0.8954 -0.2564
vn 0.2541 0.7237 -0.6416
vn 0.1509 0.7041 -0.6938
vn -0.0000 0.9576 -0.2881
vn -0.3639 0.8954 -0.2565
vn -0.2542 0.7237 -0.6416
vn -0.0000 0.7894 -0.6139
vn -0.1794 0.9614 -0.2084
vn 0.0439 0.9715 -0.2330
vn 0.0339 0.7511 -0.6594
vn -0.1509 0.7041 -0.6939
vn 0.2492 0.9443 -0.2148
vn 0.4439 0.8494 -0.2855
vn 0.3398 0.6501 -0.6797
vn 0.2210 0.6990 -0.6801
vn -0.0814 0.1373 -0.9872
vn -0.0137 0.1308 -0.9913
vn -0.0533 0.0847 -0.9950
vn -0.0875 0.1035 -0.9908
vn -0.0211 0.1406 -0.9898
vn -0.0227 0.1160 -0.9930
vn -0.0163 0.1650 -0.9862
vn 0.0422 0.2377 -0.9704
vn 0.0275 0.1705 -0.9850
vn -0.0031 0.1314 -0.9913
vn -0.0000 0.3293 -0.9442
vn -0.0422 0.2377 -0.9704
vn -0.0275 0.1705 -0.9850
vn -0.0000 0.2051 -0.9787
vn 0.0163 0.1649 -0.9862
vn 0.0211 0.1406 -0.9898
vn 0.0227 0.1160 -0.9930
vn 0.0031 0.1314 -0.9913
vn 0.0137 0.1308 -0.9913
vn 0.0814 0.1373 -0.9872
vn 0.0875 0.1036 -0.9908
vn 0.0533 0.0847 -0.9950
vn -0.0768 0.0211 -0.9968
vn -0.0956 0.0241 -0.9951
vn -0.0297 0.0315 -0.9991
vn -0.0000 -0.0000 -1.0000
vn -0.0069 0.0154 -0.9999
vn 0.0297 0.0315 -0.9991
vn 0.0069 0.0154 -0.9999
vn 0.0956 0.0241 -0.9951
vn 0.0768 0.0211 -0.9968
vn -0.0796 0.0030 -0.9968
vn -0.0892 0.0044 -0.9960
vn -0.0297 -0.0000 -0.9996
vn 0.0297 -0.0000 -0.9996
vn 0.0892 0.0044 -0.9960
vn 0.0796 0.0030 -0.9968
vn -0.0754 -0.0249 -0.9968
vn -0.0888 -0.0137 -0.9960
vn -0.0312 -0.0332 -0.9990
vn -0.0069 -0.0154 -0.9999
vn 0.0312 -0.0332 -0.9990
vn 0.0069 -0.0154 -0.9999
vn 0.0888 -0.0138 -0.9960
vn 0.0754 -0.0249 -0.9968
vn -0.0617 -0.1435 -0.9877
vn -0.0709 -0.1215 -0.9901
vn -0.0642 -0.2607 -0.9633
vn 0.0338 -0.1832 -0.9825
vn -0.0232 -0.1818 -0.9831
vn -0.0338 -0.1832 -0.9825
vn -0.0000 -0.2363 -0.9717
vn 0.0642 -0.2607 -0.9633
vn 0.0232 -0.1818 -0.9831
vn 0.0709 -0.1215 -0.9901
vn 0.0617 -0.1435 -0.9877
vn -0.0544 -0.3341 -0.9410
vn -0.0426 -0.2455 -0.9685
vn -0.0952 -0.3596 -0.9282
vn 0.0494 -0.2924 -0.9550
vn -0.0144 -0.2978 -0.9545
vn -0.0494 -0.2924 -0.9550
vn -0.0000 -0.4780 -0.8784
vn 0.0952 -0.3596 -0.9282
vn 0.0144 -0.2978 -0.9545
vn 0.0426 -0.2455 -0.9685
vn 0.0544 -0.3341 -0.9409
vn 0.0248 -0.8686 -0.4949
vn -0.0538 -0.8291 -0.5565
vn -0.0571 -0.9794 -0.1938
vn 0.0323 -0.9873 -0.1554
vn -0.1863 -0.7897 -0.5845
vn -0.2402 -0.9518 -0.1909
vn -0.0940 -0.7489 -0.6560
vn 0.3570 -0.6350 -0.6850
vn 0.5162 -0.8057 -0.2905
vn -0.1067 -0.9812 -0.1609
vn -0.0000 -0.7107 -0.7035
vn -0.3570 -0.6350 -0.6850
vn -0.5162 -0.8057 -0.2905
vn -0.0000 -0.9142 -0.4053
vn 0.0940 -0.7489 -0.6560
vn 0.1863 -0.7897 -0.5845
vn 0.2402 -0.9518 -0.1909
vn 0.1067 -0.9812 -0.1609
vn 0.0538 -0.8291 -0.5565
vn -0.0248 -0.8686 -0.4950
vn -0.0325 -0.9873 -0.1554
vn 0.0571 -0.9794 -0.1938
vn 0.6327 -0.7409 -0.2252
vn 0.4451 -0.5213 -0.7281
vn 0.5503 -0.3427 -0.7614
vn 0.7751 -0.5582 -0.2962
vn 0.6280 -0.1233 -0.7683
vn 0.9270 -0.2059 -0.3135
vn 0.6478 0.0643 -0.7591
vn 0.9498 0.0899 -0.2996
vn 0.6209 0.2123 -0.7546
vn 0.8938 0.3394 -0.2932
vn 0.5032 0.4746 -0.7222
vn 0.6662 0.6963 -0.2670
vn 0.4074 0.5974 -0.6908
vn 0.5522 0.8098 -0.1981
vn -0.4451 -0.5213 -0.7281
vn -0.6327 -0.7409 -0.2251
vn -0.7751 -0.5581 -0.2961
vn -0.5503 -0.3427 -0.7614
vn -0.9271 -0.2059 -0.3133
vn -0.6281 -0.1233 -0.7683
vn -0.9498 0.0899 -0.2997
vn -0.6478 0.0643 -0.7591
vn -0.8938 0.3394 -0.2932
vn -0.6209 0.2123 -0.7546
vn -0.6662 0.6964 -0.2670
vn -0.5032 0.4746 -0.7222
vn -0.5522 0.8098 -0.1980
vn -0.4074 0.5974 -0.6908
vn -0.9484 0.0898 0.3040
vn -0.8926 0.3390 0.2973
vn -0.6653 0.6956 0.2710
vn -0.5523 0.8099 0.1975
vn -0.4429 0.8474 0.2928
vn -0.2492 0.9440 0.2164
vn -0.0438 0.9706 0.2367
vn 0.1794 0.9613 0.2090
vn 0.3640 0.8940 0.2612
vn -0.0000 0.9551 0.2963
vn -0.3640 0.8940 0.2612
vn -0.1794 0.9613 0.2091
vn 0.0438 0.9706 0.2367
vn 0.2491 0.9440 0.2164
vn 0.4429 0.8474 0.2927
vn 0.6653 0.6956 0.2710
vn 0.5523 0.8099 0.1975
vn 0.8926 0.3390 0.2973
vn 0.9484 0.0898 0.3040
vn 0.9254 -0.2056 0.3184
vn 0.7740 -0.5575 0.3003
vn 0.6327 -0.7410 0.2249
vn -0.0324 -0.9871 0.1571
vn 0.0571 -0.9786 0.1978
vn 0.2399 -0.9511 0.1946
vn 0.1066 -0.9814 0.1595
vn -0.5165 -0.8037 0.2954
vn -0.0000 -0.9088 0.4173
vn 0.5165 -0.8037 0.2954
vn -0.1066 -0.9814 0.1595
vn -0.2399 -0.9511 0.1946
vn -0.0571 -0.9786 0.1978
vn 0.0325 -0.9870 0.1571
vn -0.6327 -0.7410 0.2249
vn -0.7740 -0.5575 0.3003
vn -0.9254 -0.2056 0.3184
vn -0.6240 0.0620 0.7790
vn -0.5986 0.2036 0.7747
vn -0.4872 0.4576 0.7438
vn -0.3949 0.5791 0.7133
vn -0.3296 0.6307 0.7025
vn -0.2154 0.6778 0.7030
vn -0.0330 0.7300 0.6827
vn 0.1467 0.6822 0.7163
vn 0.2472 0.7050 0.6647
vn -0.0000 0.7701 0.6379
vn -0.2472 0.7051 0.6647
vn -0.1467 0.6822 0.7163
vn 0.0330 0.7300 0.6827
vn 0.2154 0.6778 0.7030
vn 0.3296 0.6307 0.7025
vn 0.4872 0.4576 0.7438
vn 0.3949 0.5791 0.7133
vn 0.5986 0.2037 0.7747
vn 0.6240 0.0620 0.7790
vn 0.6046 -0.1179 0.7878
vn 0.5308 -0.3284 0.7813
vn 0.4300 -0.5036 0.7494
vn -0.0244 -0.8546 0.5188
vn 0.0530 -0.8121 0.5810
vn 0.1812 -0.7722 0.6090
vn 0.0917 -0.7281 0.6793
vn -0.3470 -0.6162 0.7070
vn -0.0000 -0.6881 0.7256
vn 0.3470 -0.6162 0.7070
vn -0.0917 -0.7282 0.6792
vn -0.1812 -0.7722 0.6090
vn -0.0530 -0.8121 0.5811
vn 0.0244 -0.8546 0.5188
vn -0.4300 -0.5036 0.7494
vn -0.5308 -0.3284 0.7813
vn -0.6046 -0.1179 0.7878
vt 0.375000 1.000000
vt 0.416667 1.000000
vt 0.416667 0.958333
vt 0.375000 0.958333
vt 0.436551 1.000000
vt 0.436551 0.958333
vt 0.458333 1.000000
vt 0.481447 1.000000
vt 0.481447 0.958333
vt 0.458333 0.958333
vt 0.500000 1.000000
vt 0.518553 1.000000
vt 0.518553 0.958333
vt 0.500000 0.958333
vt 0.541667 1.000000
vt 0.563449 1.000000
vt 0.563449 0.958333
vt 0.541667 0.958333
vt 0.583333 1.000000
vt 0.625000 1.000000
vt 0.625000 0.958333
vt 0.583333 0.958333
vt 0.416667 0.916667
vt 0.375000 0.916667
vt 0.436551 0.916667
vt 0.481447 0.916667
vt 0.458333 0.916667
vt 0.518553 0.916667
vt 0.500000 0.916667
vt 0.563449 0.916667
vt 0.541667 0.916667
vt 0.625000 0.916667
vt 0.583333 0.916667
vt 0.416667 0.875000
vt 0.375000 0.875000
vt 0.436551 0.875000
vt 0.481447 0.875000
vt 0.458333 0.875000
vt 0.518553 0.875000
vt 0.500000 0.875000
vt 0.563449 0.875000
vt 0.541667 0.875000
vt 0.625000 0.875000
vt 0.583333 0.875000
vt 0.416667 0.833333
vt 0.375000 0.833333
vt 0.436551 0.833333
vt 0.481447 0.833333
vt 0.458333 0.833333
vt 0.518553 0.833333
vt 0.500000 0.833333
vt 0.563449 0.833333
vt 0.541667 0.833333
vt 0.625000 0.833333
vt 0.583333 0.833333
vt 0.416667 0.791667
vt 0.375000 0.791667
vt 0.436551 0.791667
vt 0.481447 0.791667
vt 0.458333 0.791667
vt 0.518553 0.791667
vt 0.500000 0.791667
vt 0.563449 0.791667
vt 0.541667 0.791667
vt 0.625000 0.791667
vt 0.583333 0.791667
vt 0.416667 0.750000
vt 0.375000 0.750000
vt 0.436551 0.750000
vt 0.481447 0.750000
vt 0.458333 0.750000
vt 0.518553 0.750000
vt 0.500000 0.750000
vt 0.563449 0.750000
vt 0.541667 0.750000
vt 0.625000 0.750000
vt 0.583333 0.750000
vt 0.375000 0.540711
vt 0.416667 0.540711
vt 0.416667 0.500000
vt 0.375000 0.500000
vt 0.436551 0.540711
vt 0.436551 0.500000
vt 0.458333 0.540711
vt 0.481447 0.540711
vt 0.481447 0.500000
vt 0.458333 0.500000
vt 0.500000 0.540711
vt 0.518553 0.540711
vt 0.518553 0.500000
vt 0.500000 0.500000
vt 0.541667 0.540711
vt 0.563449 0.540711
vt 0.563449 0.500000
vt 0.541667 0.500000
vt 0.583333 0.540711
vt 0.625000 0.540711
vt 0.625000 0.500000
vt 0.583333 0.500000
vt 0.416667 0.458333
vt 0.375000 0.458333
vt 0.436551 0.458333
vt 0.481447 0.458333
vt 0.458333 0.458333
vt 0.518553 0.458333
vt 0.500000 0.458333
vt 0.563449 0.458333
vt 0.541667 0.458333
vt 0.625000 0.458333
vt 0.583333 0.458333
vt 0.416667 0.416667
vt 0.375000 0.416667
vt 0.436551 0.416667
vt 0.481447 0.416667
vt 0.458333 0.416667
vt 0.518553 0.416667
vt 0.500000 0.416667
vt 0.563449 0.416667
vt 0.541667 0.416667
vt 0.625000 0.416667
vt 0.583333 0.416667
vt 0.416667 0.375000
vt 0.375000 0.375000
vt 0.436551 0.375000
vt 0.481447 0.375000
vt 0.458333 0.375000
vt 0.518553 0.375000
vt 0.500000 0.375000
vt 0.563449 0.375000
vt 0.541667 0.375000
vt 0.625000 0.375000
vt 0.583333 0.375000
vt 0.416667 0.333333
vt 0.375000 0.333333
vt 0.436551 0.333333
vt 0.481447 0.333333
vt 0.458333 0.333333
vt 0.518553 0.333333
vt 0.500000 0.333333
vt 0.563449 0.333333
vt 0.541667 0.333333
vt 0.625000 0.333333
vt 0.583333 0.333333
vt 0.416667 0.291667
vt 0.375000 0.291667
vt 0.436551 0.291667
vt 0.481447 0.291667
vt 0.458333 0.291667
vt 0.518553 0.291667
vt 0.500000 0.291667
vt 0.563449 0.291667
vt 0.541667 0.291667
vt 0.625000 0.291667
vt 0.583333 0.291667
vt 0.416667 0.250000
vt 0.375000 0.250000
vt 0.436551 0.250000
vt 0.481447 0.250000
vt 0.458333 0.250000
vt 0.518553 0.250000
vt 0.500000 0.250000
vt 0.563449 0.250000
vt 0.541667 0.250000
vt 0.625000 0.250000
vt 0.583333 0.250000
vt 0.416667 0.209289
vt 0.375000 0.209289
vt 0.436551 0.209289
vt 0.481447 0.209289
vt 0.458333 0.209289
vt 0.518553 0.209289
vt 0.500000 0.209289
vt 0.563449 0.209289
vt 0.541667 0.209289
vt 0.625000 0.209289
vt 0.583333 0.209289
vt 0.834289 1.000000
vt 0.875000 1.000000
vt 0.875000 0.958333
vt 0.834289 0.958333
vt 0.875000 0.916667
vt 0.834289 0.916667
vt 0.875000 0.875000
vt 0.834289 0.875000
vt 0.875000 0.833333
vt 0.834289 0.833333
vt 0.875000 0.791667
vt 0.834289 0.791667
vt 0.875000 0.750000
vt 0.834289 0.750000
vt 0.125000 1.000000
vt 0.165711 1.000000
vt 0.165711 0.958333
vt 0.125000 0.958333
vt 0.165711 0.916667
vt 0.125000 0.916667
vt 0.165711 0.875000
vt 0.125000 0.875000
vt 0.165711 0.833333
vt 0.125000 0.833333
vt 0.165711 0.791667
vt 0.125000 0.791667
vt 0.165711 0.750000
vt 0.125000 0.750000
vt 0.337382 0.875000
vt 0.337382 0.833333
vt 0.337382 0.791667
vt 0.337382 0.750000
vt 0.375000 0.712382
vt 0.416667 0.712382
vt 0.436551 0.712382
vt 0.458333 0.712382
vt 0.481447 0.712382
vt 0.500000 0.712382
vt 0.518553 0.712382
vt 0.541667 0.712382
vt 0.563449 0.712382
vt 0.583333 0.712382
vt 0.625000 0.712382
vt 0.662618 0.791667
vt 0.662618 0.750000
vt 0.662618 0.833333
vt 0.662618 0.875000
vt 0.662618 0.916667
vt 0.662618 0.958333
vt 0.662618 1.000000
vt 0.625000 0.037617
vt 0.583333 0.037617
vt 0.563449 0.037617
vt 0.541667 0.037617
vt 0.518553 0.037617
vt 0.500000 0.037617
vt 0.481447 0.037617
vt 0.458333 0.037617
vt 0.436551 0.037617
vt 0.416667 0.037617
vt 0.375000 0.037617
vt 0.337382 1.000000
vt 0.337382 0.958333
vt 0.337382 0.916667
vt 0.625000 -0.000000
vt 0.583333 -0.000000
vt 0.563449 -0.000000
vt 0.541667 -0.000000
vt 0.518553 -0.000000
vt 0.500000 -0.000000
vt 0.481447 -0.000000
vt 0.458333 -0.000000
vt 0.436551 -0.000000
vt 0.416667 -0.000000
vt 0.375000 -0.000000
s 1
usemtl lambert2
f 383/283/316 384/284/317 385/285/318
f 383/283/316 385/285/318 386/286/319
f 384/284/317 387/287/320 388/288/321
f 384/284/317 388/288/321 385/285/318
f 389/289/322 390/290/323 391/291/324
f 389/289/322 391/291/324 392/292/325
f 393/293/326 394/294/327 395/295/328
f 393/293/326 395/295/328 396/296/329
f 397/297/330 398/298/331 399/299/332
f 397/297/330 399/299/332 400/300/333
f 401/301/334 402/302/335 403/303/336
f 401/301/334 403/303/336 404/304/337
f 386/286/319 385/285/318 405/305/338
f 386/286/319 405/305/338 406/306/339
f 385/285/318 388/288/321 407/307/340
f 385/285/318 407/307/340 405/305/338
f 392/292/325 391/291/324 408/308/341
f 392/292/325 408/308/341 409/309/342
f 396/296/329 395/295/328 410/310/341
f 396/296/329 410/310/341 411/311/341
f 400/300/333 399/299/332 412/312/343
f 400/300/333 412/312/343 413/313/344
f 404/304/337 403/303/336 414/314/345
f 404/304/337 414/314/345 415/315/346
f 406/306/339 405/305/338 416/316/347
f 406/306/339 416/316/347 417/317/348
f 405/305/338 407/307/340 418/318/349
f 405/305/338 418/318/349 416/316/347
f 409/309/342 408/308/341 419/319/341
f 409/309/342 419/319/341 420/320/341
s 0
f 411/311/341 410/310/341 421/321/341
f 411/311/341 421/321/341 422/322/341
s 1
f 413/313/344 412/312/343 423/323/350
f 413/313/344 423/323/350 424/324/341
f 415/315/346 414/314/345 425/325/351
f 415/315/346 425/325/351 426/326/352
f 417/317/348 416/316/347 427/327/353
f 417/317/348 427/327/353 428/328/354
f 416/316/347 418/318/349 429/329/355
f 416/316/347 429/329/355 427/327/353
s 0
f 420/320/341 419/319/341 430/330/341
s 1
f 420/320/341 430/330/341 431/331/356
s 0
f 422/322/341 421/321/341 432/332/341
f 422/322/341 432/332/341 433/333/341
s 1
f 424/324/341 423/323/350 434/334/357
f 424/324/341 434/334/357 435/335/358
f 426/326/352 425/325/351 436/336/359
f 426/326/352 436/336/359 437/337/360
f 428/328/354 427/327/353 438/338/361
f 428/328/354 438/338/361 439/339/362
f 427/327/353 429/329/355 440/340/363
f 427/327/353 440/340/363 438/338/361
f 431/331/356 430/330/341 441/341/364
f 431/331/356 441/341/364 442/342/365
f 433/333/341 432/332/341 443/343/366
f 433/333/341 443/343/366 444/344/367
f 435/335/358 434/334/357 445/345/368
f 435/335/358 445/345/368 446/346/369
f 437/337/360 436/336/359 447/347/370
f 437/337/360 447/347/370 448/348/371
f 439/339/362 438/338/361 449/349/372
f 439/339/362 449/349/372 450/350/373
f 438/338/361 440/340/363 451/351/374
f 438/338/361 451/351/374 449/349/372
f 442/342/365 441/341/364 452/352/375
f 442/342/365 452/352/375 453/353/376
f 444/344/367 443/343/366 454/354/377
f 444/344/367 454/354/377 455/355/378
f 446/346/369 445/345/368 456/356/379
f 446/346/369 456/356/379 457/357/380
f 448/348/371 447/347/370 458/358/381
f 448/348/371 458/358/381 459/359/382
f 460/360/383 461/361/384 462/362/385
f 460/360/383 462/362/385 463/363/386
f 461/361/384 464/364/387 465/365/388
f 461/361/384 465/365/388 462/362/385
f 466/366/389 467/367/390 468/368/391
f 466/366/389 468/368/391 469/369/392
f 470/370/393 471/371/394 472/372/395
f 470/370/393 472/372/395 473/373/396
f 474/374/397 475/375/398 476/376/399
f 474/374/397 476/376/399 477/377/400
f 478/378/401 479/379/402 480/380/403
f 478/378/401 480/380/403 481/381/404
f 482/363/405 483/362/406 484/382/407
f 482/363/405 484/382/407 485/383/408
f 483/362/406 486/365/409 487/384/410
f 483/362/406 487/384/410 484/382/407
f 488/369/411 489/368/412 490/385/413
f 488/369/411 490/385/413 491/386/414
f 492/373/415 493/372/416 494/387/417
f 492/373/415 494/387/417 495/388/418
f 496/377/419 497/376/420 498/389/421
f 496/377/419 498/389/421 499/390/422
f 500/381/423 501/380/424 502/391/425
f 500/381/423 502/391/425 503/392/426
f 485/383/408 484/382/407 504/393/427
f 485/383/408 504/393/427 505/394/428
f 484/382/407 487/384/410 506/395/429
f 484/382/407 506/395/429 504/393/427
f 491/386/414 490/385/413 507/396/430
f 491/386/414 507/396/430 508/397/431
f 495/388/418 494/387/417 509/398/430
f 495/388/418 509/398/430 510/399/430
f 499/390/422 498/389/421 511/400/432
f 499/390/422 511/400/432 512/401/433
f 503/392/426 502/391/425 513/402/434
f 503/392/426 513/402/434 514/403/435
f 505/394/428 504/393/427 515/404/436
f 505/394/428 515/404/436 516/405/437
f 504/393/427 506/395/429 517/406/438
f 504/393/427 517/406/438 515/404/436
f 508/397/431 507/396/430 518/407/430
f 508/397/431 518/407/430 519/408/430
s 0
f 510/399/430 509/398/430 520/409/430
f 510/399/430 520/409/430 521/410/430
s 1
f 512/401/433 511/400/432 522/411/439
f 512/401/433 522/411/439 523/412/430
f 514/403/435 513/402/434 524/413/440
f 514/403/435 524/413/440 525/414/441
f 516/405/437 515/404/436 526/415/442
f 516/405/437 526/415/442 527/416/443
f 515/404/436 517/406/438 528/417/444
f 515/404/436 528/417/444 526/415/442
s 0
f 519/408/430 518/407/430 529/418/430
s 1
f 519/408/430 529/418/430 530/419/445
s 0
f 521/410/430 520/409/430 531/420/430
f 521/410/430 531/420/430 532/421/430
s 1
f 523/412/430 522/411/439 533/422/446
f 523/412/430 533/422/446 534/423/447
f 525/414/441 524/413/440 535/424/448
f 525/414/441 535/424/448 536/425/449
f 527/416/443 526/415/442 537/426/450
f 527/416/443 537/426/450 538/427/451
f 526/415/442 528/417/444 539/428/452
f 526/415/442 539/428/452 537/426/450
f 530/419/445 529/418/430 540/429/453
f 530/419/445 540/429/453 541/430/454
f 532/421/430 531/420/430 542/431/455
f 532/421/430 542/431/455 543/432/456
f 534/423/447 533/422/446 544/433/457
f 534/423/447 544/433/457 545/434/458
f 536/425/449 535/424/448 546/435/459
f 536/425/449 546/435/459 547/436/460
f 538/427/451 537/426/450 548/437/461
f 538/427/451 548/437/461 549/438/462
f 537/426/450 539/428/452 550/439/463
f 537/426/450 550/439/463 548/437/461
f 541/430/454 540/429/453 551/440/464
f 541/430/454 551/440/464 552/441/465
f 543/432/456 542/431/455 553/442/466
f 543/432/456 553/442/466 554/443/467
f 545/434/458 544/433/457 555/444/468
f 545/434/458 555/444/468 556/445/469
f 547/436/460 546/435/459 557/446/470
f 547/436/460 557/446/470 558/447/471
f 559/438/472 560/437/473 561/448/474
f 559/438/472 561/448/474 562/449/475
f 560/437/473 563/439/476 564/450/477
f 560/437/473 564/450/477 561/448/474
f 565/441/478 566/440/479 567/451/480
f 565/441/478 567/451/480 568/452/481
f 569/443/482 570/442/483 571/453/484
f 569/443/482 571/453/484 572/454/485
f 573/445/486 574/444/487 575/455/488
f 573/445/486 575/455/488 576/456/489
f 577/447/490 578/446/491 579/457/492
f 577/447/490 579/457/492 580/458/493
f 581/459/494 582/460/495 583/461/496
f 581/459/494 583/461/496 584/462/497
f 584/462/497 583/461/496 585/463/498
f 584/462/497 585/463/498 586/464/499
f 586/464/499 585/463/498 587/465/500
f 586/464/499 587/465/500 588/466/501
f 588/466/501 587/465/500 589/467/502
f 588/466/501 589/467/502 590/468/503
f 590/468/503 589/467/502 591/469/504
f 590/468/503 591/469/504 592/470/505
f 592/470/505 591/469/504 593/471/506
f 592/470/505 593/471/506 594/472/507
f 595/473/508 596/474/509 597/475/510
f 595/473/508 597/475/510 598/476/511
f 598/476/511 597/475/510 599/477/512
f 598/476/511 599/477/512 600/478/513
f 600/478/513 599/477/512 601/479/514
f 600/478/513 601/479/514 602/480/515
f 602/480/515 601/479/514 603/481/516
f 602/480/515 603/481/516 604/482/517
f 604/482/517 603/481/516 605/483/518
f 604/482/517 605/483/518 606/484/519
f 606/484/519 605/483/518 607/485/520
f 606/484/519 607/485/520 608/486/521
f 464/364/387 466/366/389 469/369/392
f 464/364/387 469/369/392 465/365/388
f 487/384/410 486/365/409 488/369/411
f 487/384/410 488/369/411 491/386/414
f 506/395/429 487/384/410 491/386/414
f 506/395/429 491/386/414 508/397/431
f 517/406/438 506/395/429 508/397/431
f 517/406/438 508/397/431 519/408/430
f 528/417/444 517/406/438 519/408/430
f 528/417/444 519/408/430 530/419/445
f 539/428/452 528/417/444 530/419/445
f 539/428/452 530/419/445 541/430/454
f 550/439/463 539/428/452 541/430/454
f 550/439/463 541/430/454 552/441/465
f 564/450/477 563/439/476 565/441/478
f 564/450/477 565/441/478 568/452/481
f 388/288/321 387/287/320 389/289/322
f 388/288/321 389/289/322 392/292/325
f 407/307/340 388/288/321 392/292/325
f 407/307/340 392/292/325 409/309/342
f 418/318/349 407/307/340 409/309/342
f 418/318/349 409/309/342 420/320/341
f 429/329/355 418/318/349 420/320/341
f 429/329/355 420/320/341 431/331/356
f 440/340/363 429/329/355 431/331/356
f 440/340/363 431/331/356 442/342/365
f 451/351/374 440/340/363 442/342/365
f 451/351/374 442/342/365 453/353/376
f 475/375/398 478/378/401 481/381/404
f 475/375/398 481/381/404 476/376/399
f 498/389/421 497/376/420 500/381/423
f 498/389/421 500/381/423 503/392/426
f 511/400/432 498/389/421 503/392/426
f 511/400/432 503/392/426 514/403/435
f 522/411/439 511/400/432 514/403/435
f 522/411/439 514/403/435 525/414/441
f 533/422/446 522/411/439 525/414/441
f 533/422/446 525/414/441 536/425/449
f 544/433/457 533/422/446 536/425/449
f 544/433/457 536/425/449 547/436/460
f 555/444/468 544/433/457 547/436/460
f 555/444/468 547/436/460 558/447/471
f 575/455/488 574/444/487 577/447/490
f 575/455/488 577/447/490 580/458/493
f 399/299/332 398/298/331 401/301/334
f 399/299/332 401/301/334 404/304/337
f 412/312/343 399/299/332 404/304/337
f 412/312/343 404/304/337 415/315/346
f 423/323/350 412/312/343 415/315/346
f 423/323/350 415/315/346 426/326/352
f 434/334/357 423/323/350 426/326/352
f 434/334/357 426/326/352 437/337/360
f 445/345/368 434/334/357 437/337/360
f 445/345/368 437/337/360 448/348/371
f 456/356/379 445/345/368 448/348/371
f 456/356/379 448/348/371 459/359/382
f 471/371/394 474/374/397 477/377/400
f 471/371/394 477/377/400 472/372/395
f 494/387/417 493/372/416 496/377/419
f 494/387/417 496/377/419 499/390/422
f 509/398/430 494/387/417 499/390/422
f 509/398/430 499/390/422 512/401/433
f 520/409/430 509/398/430 512/401/433
f 520/409/430 512/401/433 523/412/430
s 0
f 531/420/430 520/409/430 523/412/430
s 1
f 531/420/430 523/412/430 534/423/447
f 542/431/455 531/420/430 534/423/447
f 542/431/455 534/423/447 545/434/458
f 553/442/466 542/431/455 545/434/458
f 553/442/466 545/434/458 556/445/469
f 571/453/484 570/442/483 573/445/486
f 571/453/484 573/445/486 576/456/489
f 395/295/328 394/294/327 397/297/330
f 395/295/328 397/297/330 400/300/333
f 410/310/341 395/295/328 400/300/333
f 410/310/341 400/300/333 413/313/344
f 421/321/341 410/310/341 413/313/344
f 421/321/341 413/313/344 424/324/341
s 0
f 432/332/341 421/321/341 424/324/341
s 1
f 432/332/341 424/324/341 435/335/358
f 443/343/366 432/332/341 435/335/358
f 443/343/366 435/335/358 446/346/369
f 454/354/377 443/343/366 446/346/369
f 454/354/377 446/346/369 457/357/380
f 467/367/390 470/370/393 473/373/396
f 467/367/390 473/373/396 468/368/391
f 490/385/413 489/368/412 492/373/415
f 490/385/413 492/373/415 495/388/418
f 507/396/430 490/385/413 495/388/418
f 507/396/430 495/388/418 510/399/430
s 0
f 518/407/430 507/396/430 510/399/430
f 518/407/430 510/399/430 521/410/430
f 529/418/430 518/407/430 521/410/430
f 529/418/430 521/410/430 532/421/430
s 1
f 540/429/453 529/418/430 532/421/430
f 540/429/453 532/421/430 543/432/456
f 551/440/464 540/429/453 543/432/456
f 551/440/464 543/432/456 554/443/467
f 567/451/480 566/440/479 569/443/482
f 567/451/480 569/443/482 572/454/485
f 391/291/324 390/290/323 393/293/326
f 391/291/324 393/293/326 396/296/329
f 408/308/341 391/291/324 396/296/329
f 408/308/341 396/296/329 411/311/341
s 0
f 419/319/341 408/308/341 411/311/341
f 419/319/341 411/311/341 422/322/341
f 430/330/341 419/319/341 422/322/341
f 430/330/341 422/322/341 433/333/341
s 1
f 441/341/364 430/330/341 433/333/341
f 441/341/364 433/333/341 444/344/367
f 452/352/375 441/341/364 444/344/367
f 452/352/375 444/344/367 455/355/378
f 601/479/514 609/487/522 610/488/523
f 601/479/514 610/488/523 603/481/516
f 605/483/518 603/481/516 610/488/523
f 605/483/518 610/488/523 611/489/524
f 607/485/520 605/483/518 611/489/524
f 607/485/520 611/489/524 612/490/525
f 613/491/526 614/492/527 461/361/384
f 613/491/526 461/361/384 460/360/383
f 614/492/527 615/493/528 464/364/387
f 614/492/527 464/364/387 461/361/384
f 615/493/528 616/494/529 466/366/389
f 615/493/528 466/366/389 464/364/387
f 616/494/529 617/495/530 467/367/390
f 616/494/529 467/367/390 466/366/389
f 617/495/530 618/496/531 470/370/393
f 617/495/530 470/370/393 467/367/390
f 618/496/531 619/497/532 471/371/394
f 618/496/531 471/371/394 470/370/393
f 619/497/532 620/498/533 474/374/397
f 619/497/532 474/374/397 471/371/394
f 620/498/533 621/499/534 475/375/398
f 620/498/533 475/375/398 474/374/397
f 621/499/534 622/500/535 478/378/401
f 621/499/534 478/378/401 475/375/398
f 622/500/535 623/501/536 479/379/402
f 622/500/535 479/379/402 478/378/401
f 624/502/537 592/470/505 594/472/507
f 624/502/537 594/472/507 625/503/538
f 626/504/539 590/468/503 592/470/505
f 626/504/539 592/470/505 624/502/537
f 627/505/540 588/466/501 590/468/503
f 627/505/540 590/468/503 626/504/539
f 628/506/541 586/464/499 588/466/501
f 628/506/541 588/466/501 627/505/540
f 629/507/542 584/462/497 586/464/499
f 629/507/542 586/464/499 628/506/541
f 630/508/543 581/459/494 584/462/497
f 630/508/543 584/462/497 629/507/542
f 580/458/493 579/457/492 631/509/544
f 580/458/493 631/509/544 632/510/545
f 633/511/546 575/455/488 580/458/493
f 633/511/546 580/458/493 632/510/545
f 576/456/489 575/455/488 633/511/546
f 576/456/489 633/511/546 634/512/547
f 635/513/548 571/453/484 576/456/489
f 635/513/548 576/456/489 634/512/547
f 572/454/485 571/453/484 635/513/548
f 572/454/485 635/513/548 636/514/549
f 637/515/550 567/451/480 572/454/485
f 637/515/550 572/454/485 636/514/549
f 568/452/481 567/451/480 637/515/550
f 568/452/481 637/515/550 638/516/551
f 639/517/552 564/450/477 568/452/481
f 639/517/552 568/452/481 638/516/551
f 561/448/474 564/450/477 639/517/552
f 561/448/474 639/517/552 640/518/553
f 562/449/475 561/448/474 640/518/553
f 562/449/475 640/518/553 641/519/554
f 597/475/510 596/474/509 642/520/555
f 597/475/510 642/520/555 643/521/556
f 599/477/512 597/475/510 643/521/556
f 599/477/512 643/521/556 644/522/557
f 601/479/514 599/477/512 644/522/557
f 601/479/514 644/522/557 609/487/522
f 609/487/522 645/317/558 646/328/559
f 609/487/522 646/328/559 610/488/523
f 611/489/524 610/488/523 646/328/559
f 611/489/524 646/328/559 647/339/560
f 612/490/525 611/489/524 647/339/560
f 612/490/525 647/339/560 648/350/561
f 649/350/562 650/349/563 614/492/527
f 649/350/562 614/492/527 613/491/526
f 650/349/563 651/351/564 615/493/528
f 650/349/563 615/493/528 614/492/527
f 651/351/564 652/353/565 616/494/529
f 651/351/564 616/494/529 615/493/528
f 652/353/565 653/352/566 617/495/530
f 652/353/565 617/495/530 616/494/529
f 653/352/566 654/355/567 618/496/531
f 653/352/566 618/496/531 617/495/530
f 654/355/567 655/354/568 619/497/532
f 654/355/567 619/497/532 618/496/531
f 655/354/568 656/357/569 620/498/533
f 655/354/568 620/498/533 619/497/532
f 656/357/569 657/356/570 621/499/534
f 656/357/569 621/499/534 620/498/533
f 657/356/570 658/359/571 622/500/535
f 657/356/570 622/500/535 621/499/534
f 658/359/571 659/358/572 623/501/536
f 658/359/571 623/501/536 622/500/535
f 660/347/573 624/502/537 625/503/538
f 660/347/573 625/503/538 661/358/574
f 662/336/575 626/504/539 624/502/537
f 662/336/575 624/502/537 660/347/573
f 663/325/576 627/505/540 626/504/539
f 663/325/576 626/504/539 662/336/575
f 664/314/577 628/506/541 627/505/540
f 664/314/577 627/505/540 663/325/576
f 665/303/578 629/507/542 628/506/541
f 665/303/578 628/506/541 664/314/577
f 666/302/579 630/508/543 629/507/542
f 666/302/579 629/507/542 665/303/578
f 632/510/545 631/509/544 667/523/580
f 632/510/545 667/523/580 668/524/581
f 669/525/582 633/511/546 632/510/545
f 669/525/582 632/510/545 668/524/581
f 634/512/547 633/511/546 669/525/582
f 634/512/547 669/525/582 670/526/583
f 671/527/584 635/513/548 634/512/547
f 671/527/584 634/512/547 670/526/583
f 636/514/549 635/513/548 671/527/584
f 636/514/549 671/527/584 672/528/585
f 673/529/586 637/515/550 636/514/549
f 673/529/586 636/514/549 672/528/585
f 638/516/551 637/515/550 673/529/586
f 638/516/551 673/529/586 674/530/587
f 675/531/588 639/517/552 638/516/551
f 675/531/588 638/516/551 674/530/587
f 640/518/553 639/517/552 675/531/588
f 640/518/553 675/531/588 676/532/589
f 641/519/554 640/518/553 676/532/589
f 641/519/554 676/532/589 677/533/590
f 643/521/556 642/520/555 678/283/591
f 643/521/556 678/283/591 679/286/592
f 644/522/557 643/521/556 679/286/592
f 644/522/557 679/286/592 680/306/593
f 609/487/522 644/522/557 680/306/593
f 609/487/522 680/306/593 645/317/558
o pCube2_lambert2_0
v 0.025090 0.024675 0.009572
v 0.035245 0.023665 0.009572
v 0.033280 0.028194 0.011131
v 0.023058 0.026963 0.009572
v 0.045399 0.023665 0.009572
v 0.045088 0.028194 0.011131
v 0.055553 0.023665 0.009572
v 0.056897 0.028194 0.011131
v 0.062258 0.024697 0.009572
v 0.064856 0.027351 0.009572
v 0.024624 0.032283 0.009572
v 0.033280 0.033356 0.011131
v 0.033280 0.039400 0.011131
v 0.024244 0.037742 0.009572
v 0.045088 0.033356 0.011131
v 0.045088 0.040342 0.011131
v 0.056897 0.033356 0.011131
v 0.056897 0.040342 0.011131
v 0.064345 0.032798 0.009572
v 0.067993 0.040922 0.009572
v 0.033280 0.046934 0.011131
v 0.022666 0.043720 0.009572
v 0.045088 0.049789 0.011131
v 0.056897 0.049789 0.011131
v 0.070311 0.049045 0.009572
v 0.033280 0.054469 0.011131
v 0.021728 0.049699 0.009572
v 0.045088 0.059235 0.011131
v 0.056897 0.059235 0.011131
v 0.072338 0.057169 0.009572
v 0.035245 0.060848 0.009572
v 0.025090 0.055677 0.009572
v 0.045399 0.065292 0.009572
v 0.055553 0.065292 0.009572
v 0.072882 0.065292 0.009572
v 0.025090 0.055677 0.009572
v 0.035245 0.060848 0.009572
v 0.033280 0.063514 0.005690
v 0.021472 0.057501 0.005690
v 0.045399 0.065292 0.009572
v 0.045088 0.068682 0.005690
v 0.055553 0.065292 0.009572
v 0.056897 0.068682 0.005690
v 0.072882 0.065292 0.009572
v 0.077048 0.068682 0.005690
v 0.025090 0.055677 -0.009572
v 0.035245 0.060848 -0.009572
v 0.033280 0.056261 -0.011131
v 0.021728 0.049699 -0.009572
v 0.045399 0.065292 -0.009572
v 0.045088 0.059235 -0.011131
v 0.055553 0.065292 -0.009572
v 0.056897 0.059235 -0.011131
v 0.072882 0.065292 -0.009572
v 0.072338 0.057169 -0.009572
v 0.033280 0.049789 -0.011131
v 0.022666 0.043720 -0.009572
v 0.045088 0.049789 -0.011131
v 0.056897 0.049789 -0.011131
v 0.070311 0.049045 -0.009572
v 0.033280 0.040342 -0.011131
v 0.024244 0.037742 -0.009572
v 0.045088 0.040342 -0.011131
v 0.056897 0.040342 -0.011131
v 0.067993 0.040922 -0.009572
v 0.033280 0.033356 -0.011131
v 0.024624 0.032283 -0.009572
v 0.045088 0.033356 -0.011131
v 0.056897 0.033356 -0.011131
v 0.064345 0.032798 -0.009572
v 0.023058 0.026963 -0.009572
v 0.033280 0.028194 -0.011131
v 0.035245 0.023665 -0.009572
v 0.025090 0.024675 -0.009572
v 0.045088 0.028194 -0.011131
v 0.045399 0.023665 -0.009572
v 0.056897 0.028194 -0.011131
v 0.055553 0.023665 -0.009572
v 0.064856 0.027351 -0.009572
v 0.062258 0.024697 -0.009572
v 0.021472 0.021449 0.005690
v 0.033280 0.020276 0.005690
v 0.035245 0.023665 0.009572
v 0.025090 0.024675 0.009572
v 0.045088 0.020276 0.005690
v 0.045399 0.023665 0.009572
v 0.056897 0.020276 0.005690
v 0.055553 0.023665 0.009572
v 0.064693 0.021476 0.005690
v 0.062258 0.024697 0.009572
v 0.062258 0.024697 0.009572
v 0.064693 0.021476 0.005690
v 0.067714 0.024561 0.005690
v 0.064856 0.027351 0.009572
v 0.064345 0.032798 0.009572
v 0.067120 0.030896 0.005690
v 0.071362 0.040342 0.005690
v 0.067993 0.040922 0.009572
v 0.074058 0.049789 0.005690
v 0.070311 0.049045 0.009572
v 0.076415 0.059235 0.005690
v 0.072338 0.057169 0.009572
v 0.077048 0.068682 0.005690
v 0.072882 0.065292 0.009572
v 0.021472 0.021449 0.005690
v 0.025090 0.024675 0.009572
v 0.023058 0.026963 0.009572
v 0.019110 0.024110 0.005690
v 0.020930 0.030297 0.005690
v 0.024624 0.032283 0.009572
v 0.024244 0.037742 0.009572
v 0.020489 0.036645 0.005690
v 0.022666 0.043720 0.009572
v 0.018653 0.043597 0.005690
v 0.021728 0.049699 0.009572
v 0.017563 0.050549 0.005690
v 0.025090 0.055677 0.009572
v 0.021472 0.057501 0.005690
v 0.022739 0.030038 0.009572
v 0.033280 0.030151 0.011131
v 0.018739 0.027686 0.005690
v 0.022739 0.030038 0.009572
v 0.033280 0.030151 -0.011131
v 0.022739 0.030038 -0.009572
v 0.045088 0.030151 -0.011131
v 0.056897 0.030151 -0.011131
v 0.065081 0.030706 -0.009572
v 0.065081 0.030706 0.009572
v 0.067975 0.028463 0.005690
v 0.056897 0.030151 0.011131
v 0.065081 0.030706 0.009572
v 0.045088 0.030151 0.011131
v 0.077048 0.068682 -0.005999
v 0.056897 0.068682 -0.005999
v 0.045088 0.068682 -0.005999
v 0.033280 0.063514 -0.005999
v 0.021472 0.057501 -0.005999
v 0.017563 0.050549 -0.005999
v 0.021472 0.057501 -0.005999
v 0.018653 0.043597 -0.005999
v 0.020489 0.036645 -0.005999
v 0.020930 0.030297 -0.005999
v 0.018739 0.027686 -0.005999
v 0.019110 0.024110 -0.005999
v 0.021472 0.021449 -0.005999
v 0.021472 0.021449 -0.005999
v 0.033280 0.020276 -0.005999
v 0.045088 0.020276 -0.005999
v 0.056897 0.020276 -0.005999
v 0.064693 0.021476 -0.005999
v 0.064693 0.021476 -0.005999
v 0.067714 0.024561 -0.005999
v 0.067975 0.028463 -0.005999
v 0.067120 0.030896 -0.005999
v 0.071362 0.040342 -0.005999
v 0.074058 0.049789 -0.005999
v 0.076415 0.059235 -0.005999
v 0.077048 0.068682 -0.005999
v 0.072882 0.065292 -0.009572
v 0.055553 0.065292 -0.009572
v 0.045399 0.065292 -0.009572
v 0.035245 0.060848 -0.009572
v 0.025090 0.055677 -0.009572
v 0.021728 0.049699 -0.009572
v 0.025090 0.055677 -0.009572
v 0.022666 0.043720 -0.009572
v 0.024244 0.037742 -0.009572
v 0.024624 0.032283 -0.009572
v 0.022739 0.030038 -0.009572
v 0.023058 0.026963 -0.009572
v 0.025090 0.024675 -0.009572
v 0.025090 0.024675 -0.009572
v 0.035245 0.023665 -0.009572
v 0.045399 0.023665 -0.009572
v 0.055553 0.023665 -0.009572
v 0.062258 0.024697 -0.009572
v 0.062258 0.024697 -0.009572
v 0.064856 0.027351 -0.009572
v 0.065081 0.030706 -0.009572
v 0.064345 0.032798 -0.009572
v 0.067993 0.040922 -0.009572
v 0.070311 0.049045 -0.009572
v 0.072338 0.057169 -0.009572
v 0.072882 0.065292 -0.009572
vn -0.0708 -0.2616 0.9626
vn -0.0209 -0.3070 0.9515
vn -0.0533 -0.1827 0.9817
vn -0.1128 -0.1284 0.9853
vn -0.0000 -0.3255 0.9455
vn -0.0000 -0.2288 0.9735
vn 0.0273 -0.3105 0.9502
vn 0.0618 -0.1876 0.9803
vn 0.1053 -0.2658 0.9583
vn 0.1540 -0.1221 0.9805
vn -0.1688 0.0213 0.9854
vn -0.0700 0.0054 0.9975
vn -0.0660 -0.0055 0.9978
vn -0.1612 -0.0126 0.9868
vn -0.0000 -0.0000 1.0000
vn 0.0759 -0.0113 0.9970
vn 0.0684 -0.0126 0.9976
vn 0.1728 -0.0243 0.9847
vn 0.1372 -0.0232 0.9903
vn -0.0606 -0.0054 0.9981
vn -0.1441 -0.0136 0.9895
vn 0.0595 -0.0073 0.9982
vn 0.1141 -0.0140 0.9934
vn -0.0806 0.0805 0.9935
vn -0.1410 0.0345 0.9894
vn -0.0268 0.1139 0.9931
vn 0.0470 0.0676 0.9966
vn 0.0814 0.0479 0.9955
vn -0.1215 0.2425 0.9625
vn -0.1565 0.1897 0.9693
vn -0.0447 0.2542 0.9661
vn 0.0310 0.1715 0.9847
vn 0.0543 0.1121 0.9922
vn -0.3472 0.6818 0.6439
vn -0.3269 0.6937 0.6418
vn -0.4201 0.8867 0.1930
vn -0.4472 0.8782 0.1696
vn -0.1653 0.7363 0.6561
vn -0.2084 0.9587 0.1937
vn -0.0000 0.7533 0.6577
vn -0.0000 0.9787 0.2055
vn -0.0000 0.9876 0.1572
vn -0.1980 0.2400 -0.9504
vn -0.1238 0.2860 -0.9502
vn -0.0877 0.0992 -0.9912
vn -0.1444 0.0292 -0.9891
vn -0.0380 0.2685 -0.9625
vn -0.0210 0.1141 -0.9932
vn 0.0310 0.1715 -0.9847
vn 0.0470 0.0676 -0.9966
vn 0.0543 0.1121 -0.9922
vn 0.0813 0.0479 -0.9955
vn -0.0591 -0.0051 -0.9982
vn -0.1439 -0.0134 -0.9895
vn -0.0000 -0.0000 -1.0000
vn 0.0595 -0.0073 -0.9982
vn 0.1140 -0.0140 -0.9934
vn -0.0663 -0.0051 -0.9978
vn -0.1601 -0.0109 -0.9870
vn 0.0684 -0.0126 -0.9976
vn 0.1372 -0.0232 -0.9903
vn -0.0703 0.0051 -0.9975
vn -0.1688 0.0203 -0.9854
vn 0.0759 -0.0113 -0.9970
vn 0.1728 -0.0243 -0.9847
vn -0.1128 -0.1284 -0.9853
vn -0.0533 -0.1828 -0.9817
vn -0.0209 -0.3070 -0.9515
vn -0.0708 -0.2616 -0.9626
vn -0.0000 -0.2288 -0.9735
vn -0.0000 -0.3255 -0.9455
vn 0.0618 -0.1876 -0.9803
vn 0.0273 -0.3105 -0.9502
vn 0.1540 -0.1222 -0.9805
vn 0.1053 -0.2658 -0.9583
vn -0.0974 -0.9797 0.1752
vn -0.0500 -0.9773 0.2060
vn -0.0322 -0.7447 0.6666
vn -0.0728 -0.7327 0.6766
vn -0.0000 -0.9794 0.2018
vn -0.0000 -0.7533 0.6577
vn 0.0612 -0.9776 0.2014
vn 0.0416 -0.7454 0.6653
vn 0.1494 -0.9704 0.1897
vn 0.1122 -0.7289 0.6753
vn 0.4980 -0.4876 0.7171
vn 0.6956 -0.6810 0.2288
vn 0.8812 -0.4227 0.2117
vn 0.6618 -0.2862 0.6929
vn 0.7338 -0.2323 0.6384
vn 0.9463 -0.2628 0.1883
vn 0.9204 -0.3372 0.1977
vn 0.7089 -0.2628 0.6545
vn 0.9460 -0.2525 0.2035
vn 0.7241 -0.1952 0.6615
vn 0.9645 -0.1488 0.2180
vn 0.7167 -0.1249 0.6862
vn 0.9799 -0.0657 0.1885
vn 0.7012 -0.0470 0.7114
vn -0.7173 -0.6369 0.2825
vn -0.4675 -0.4151 0.7805
vn -0.5850 -0.2431 0.7737
vn -0.8826 -0.3922 0.2594
vn -0.9614 0.2047 0.1840
vn -0.7441 0.0902 0.6619
vn -0.6960 -0.1214 0.7077
vn -0.9585 -0.1634 0.2338
vn -0.6855 -0.1459 0.7133
vn -0.9522 -0.1997 0.2312
vn -0.6611 0.1326 0.7385
vn -0.9531 0.1938 0.2326
vn -0.6033 0.3393 0.7217
vn -0.8459 0.4757 0.2411
vn -0.1538 0.0152 0.9880
vn -0.0723 0.0109 0.9973
vn -0.9466 0.2558 0.1963
vn -0.7489 0.2918 0.5950
vn -0.0723 0.0109 -0.9973
vn -0.1538 0.0152 -0.9880
vn 0.0799 0.0036 -0.9968
vn 0.1923 0.0085 -0.9813
vn 0.8258 0.1075 0.5537
vn 0.9826 0.0837 0.1659
vn 0.0799 0.0036 0.9968
vn 0.1923 0.0085 0.9813
vn -0.0000 0.9877 -0.1563
vn -0.0000 0.9778 -0.2097
vn -0.2083 0.9581 -0.1965
vn -0.4198 0.8861 -0.1965
vn -0.4471 0.8781 -0.1704
vn -0.9525 0.1936 -0.2352
vn -0.8449 0.4751 -0.2457
vn -0.9515 -0.1984 -0.2353
vn -0.9574 -0.1632 -0.2384
vn -0.9608 0.2047 -0.1868
vn -0.9459 0.2556 -0.2000
vn -0.8818 -0.3918 -0.2624
vn -0.7162 -0.6359 -0.2875
vn -0.0974 -0.9797 -0.1752
vn -0.0514 -0.9764 -0.2096
vn -0.0000 -0.9786 -0.2056
vn 0.0611 -0.9769 -0.2046
vn 0.1493 -0.9701 -0.1912
vn 0.6950 -0.6804 -0.2323
vn 0.8807 -0.4225 -0.2144
vn 0.9820 0.0836 -0.1693
vn 0.9457 -0.2626 -0.1917
vn 0.9198 -0.3370 -0.2010
vn 0.9454 -0.2517 -0.2072
vn 0.9637 -0.1487 -0.2218
vn 0.9799 -0.0657 -0.1883
vn -0.0000 0.7254 -0.6883
vn -0.1595 0.7092 -0.6867
vn -0.3157 0.6691 -0.6728
vn -0.3349 0.6576 -0.6748
vn -0.6308 0.1265 -0.7656
vn -0.5768 0.3244 -0.7497
vn -0.6560 -0.1398 -0.7417
vn -0.6665 -0.1164 -0.7364
vn -0.7155 0.0830 -0.6936
vn -0.7264 0.2875 -0.6242
vn -0.5561 -0.2304 -0.7986
vn -0.4437 -0.3940 -0.8049
vn -0.0700 -0.7042 -0.7066
vn -0.0306 -0.7166 -0.6968
vn -0.0000 -0.7254 -0.6883
vn 0.0397 -0.7174 -0.6956
vn 0.1078 -0.7007 -0.7053
vn 0.4764 -0.4664 -0.7453
vn 0.6356 -0.2734 -0.7220
vn 0.8043 0.1069 -0.5845
vn 0.7075 -0.2257 -0.6697
vn 0.6829 -0.2534 -0.6851
vn 0.6971 -0.1880 -0.6919
vn 0.6882 -0.1207 -0.7154
vn 0.6712 -0.0450 -0.7399
vt 0.375000 1.000000
vt 0.437500 1.000000
vt 0.437500 0.983859
vt 0.375000 0.983859
vt 0.500000 1.000000
vt 0.500000 0.983859
vt 0.562500 1.000000
vt 0.562500 0.983859
vt 0.625000 1.000000
vt 0.625000 0.983859
vt 0.375000 0.950000
vt 0.437500 0.950000
vt 0.437500 0.900000
vt 0.375000 0.900000
vt 0.500000 0.950000
vt 0.500000 0.900000
vt 0.562500 0.950000
vt 0.562500 0.900000
vt 0.625000 0.950000
vt 0.625000 0.900000
vt 0.437500 0.850000
vt 0.375000 0.850000
vt 0.500000 0.850000
vt 0.562500 0.850000
vt 0.625000 0.850000
vt 0.437500 0.800000
vt 0.375000 0.800000
vt 0.500000 0.800000
vt 0.562500 0.800000
vt 0.625000 0.800000
vt 0.437500 0.750000
vt 0.375000 0.750000
vt 0.500000 0.750000
vt 0.562500 0.750000
vt 0.625000 0.750000
vt 0.437500 0.688899
vt 0.375000 0.688899
vt 0.500000 0.688899
vt 0.562500 0.688899
vt 0.625000 0.688899
vt 0.375000 0.500000
vt 0.437500 0.500000
vt 0.437500 0.450000
vt 0.375000 0.450000
vt 0.500000 0.500000
vt 0.500000 0.450000
vt 0.562500 0.500000
vt 0.562500 0.450000
vt 0.625000 0.500000
vt 0.625000 0.450000
vt 0.437500 0.400000
vt 0.375000 0.400000
vt 0.500000 0.400000
vt 0.562500 0.400000
vt 0.625000 0.400000
vt 0.437500 0.350000
vt 0.375000 0.350000
vt 0.500000 0.350000
vt 0.562500 0.350000
vt 0.625000 0.350000
vt 0.437500 0.300000
vt 0.375000 0.300000
vt 0.500000 0.300000
vt 0.562500 0.300000
vt 0.625000 0.300000
vt 0.375000 0.266141
vt 0.437500 0.266141
vt 0.437500 0.250000
vt 0.375000 0.250000
vt 0.500000 0.266141
vt 0.500000 0.250000
vt 0.562500 0.266141
vt 0.562500 0.250000
vt 0.625000 0.266141
vt 0.625000 0.250000
vt 0.375000 0.061101
vt 0.437500 0.061101
vt 0.437500 0.000000
vt 0.375000 0.000000
vt 0.500000 0.061101
vt 0.500000 0.000000
vt 0.562500 0.061101
vt 0.562500 0.000000
vt 0.625000 0.061101
vt 0.625000 0.000000
vt 0.686101 1.000000
vt 0.686101 0.983859
vt 0.686101 0.950000
vt 0.686101 0.900000
vt 0.686101 0.850000
vt 0.686101 0.800000
vt 0.686101 0.750000
vt 0.313899 1.000000
vt 0.313899 0.983859
vt 0.313899 0.950000
vt 0.313899 0.900000
vt 0.313899 0.850000
vt 0.313899 0.800000
vt 0.313899 0.750000
vt 0.375000 0.965087
vt 0.437500 0.965087
vt 0.313899 0.965087
vt 0.437500 0.284913
vt 0.375000 0.284913
vt 0.500000 0.284913
vt 0.562500 0.284913
vt 0.625000 0.284913
vt 0.625000 0.965087
vt 0.686101 0.965087
vt 0.562500 0.965087
vt 0.500000 0.965087
vt 0.625000 0.557628
vt 0.562500 0.557628
vt 0.500000 0.557628
vt 0.437500 0.557628
vt 0.375000 0.557628
vt 0.182628 0.800000
vt 0.182628 0.750000
vt 0.182628 0.850000
vt 0.182628 0.900000
vt 0.182628 0.950000
vt 0.182628 0.965087
vt 0.182628 0.983859
vt 0.182628 1.000000
vt 0.375000 0.192372
vt 0.437500 0.192372
vt 0.500000 0.192372
vt 0.562500 0.192372
vt 0.625000 0.192372
vt 0.817372 1.000000
vt 0.817372 0.983859
vt 0.817372 0.965087
vt 0.817372 0.950000
vt 0.817372 0.900000
vt 0.817372 0.850000
vt 0.817372 0.800000
vt 0.817372 0.750000
vt 0.125000 0.800000
vt 0.125000 0.750000
vt 0.125000 0.850000
vt 0.125000 0.900000
vt 0.125000 0.950000
vt 0.125000 0.965087
vt 0.125000 0.983859
vt 0.125000 1.000000
vt 0.875000 1.000000
vt 0.875000 0.983859
vt 0.875000 0.965087
vt 0.875000 0.950000
vt 0.875000 0.900000
vt 0.875000 0.850000
vt 0.875000 0.800000
vt 0.875000 0.750000
s 1
usemtl lambert2
f 681/534/594 682/535/595 683/536/596
f 681/534/594 683/536/596 684/537/597
f 682/535/595 685/538/598 686/539/599
f 682/535/595 686/539/599 683/536/596
f 685/538/598 687/540/600 688/541/601
f 685/538/598 688/541/601 686/539/599
f 687/540/600 689/542/602 690/543/603
f 687/540/600 690/543/603 688/541/601
f 691/544/604 692/545/605 693/546/606
f 691/544/604 693/546/606 694/547/607
f 692/545/605 695/548/608 696/549/608
f 692/545/605 696/549/608 693/546/606
f 695/548/608 697/550/609 698/551/610
f 695/548/608 698/551/610 696/549/608
f 697/550/609 699/552/611 700/553/612
f 697/550/609 700/553/612 698/551/610
f 694/547/607 693/546/606 701/554/613
f 694/547/607 701/554/613 702/555/614
f 693/546/606 696/549/608 703/556/608
f 693/546/606 703/556/608 701/554/613
f 696/549/608 698/551/610 704/557/615
f 696/549/608 704/557/615 703/556/608
f 698/551/610 700/553/612 705/558/616
f 698/551/610 705/558/616 704/557/615
f 702/555/614 701/554/613 706/559/617
f 702/555/614 706/559/617 707/560/618
f 701/554/613 703/556/608 708/561/619
f 701/554/613 708/561/619 706/559/617
f 703/556/608 704/557/615 709/562/620
f 703/556/608 709/562/620 708/561/619
f 704/557/615 705/558/616 710/563/621
f 704/557/615 710/563/621 709/562/620
f 707/560/618 706/559/617 711/564/622
f 707/560/618 711/564/622 712/565/623
f 706/559/617 708/561/619 713/566/624
f 706/559/617 713/566/624 711/564/622
f 708/561/619 709/562/620 714/567/625
f 708/561/619 714/567/625 713/566/624
f 709/562/620 710/563/621 715/568/626
f 709/562/620 715/568/626 714/567/625
f 716/565/627 717/564/628 718/569/629
f 716/565/627 718/569/629 719/570/630
f 717/564/628 720/566/631 721/571/632
f 717/564/628 721/571/632 718/569/629
f 720/566/631 722/567/633 723/572/634
f 720/566/631 723/572/634 721/571/632
f 722/567/633 724/568/633 725/573/635
f 722/567/633 725/573/635 723/572/634
f 726/574/636 727/575/637 728/576/638
f 726/574/636 728/576/638 729/577/639
f 727/575/637 730/578/640 731/579/641
f 727/575/637 731/579/641 728/576/638
f 730/578/640 732/580/642 733/581/643
f 730/578/640 733/581/643 731/579/641
f 732/580/642 734/582/644 735/583/645
f 732/580/642 735/583/645 733/581/643
f 729/577/639 728/576/638 736/584/646
f 729/577/639 736/584/646 737/585/647
f 728/576/638 731/579/641 738/586/648
f 728/576/638 738/586/648 736/584/646
f 731/579/641 733/581/643 739/587/649
f 731/579/641 739/587/649 738/586/648
f 733/581/643 735/583/645 740/588/650
f 733/581/643 740/588/650 739/587/649
f 737/585/647 736/584/646 741/589/651
f 737/585/647 741/589/651 742/590/652
f 736/584/646 738/586/648 743/591/648
f 736/584/646 743/591/648 741/589/651
f 738/586/648 739/587/649 744/592/653
f 738/586/648 744/592/653 743/591/648
f 739/587/649 740/588/650 745/593/654
f 739/587/649 745/593/654 744/592/653
f 742/590/652 741/589/651 746/594/655
f 742/590/652 746/594/655 747/595/656
f 741/589/651 743/591/648 748/596/648
f 741/589/651 748/596/648 746/594/655
f 743/591/648 744/592/653 749/597/657
f 743/591/648 749/597/657 748/596/648
f 744/592/653 745/593/654 750/598/658
f 744/592/653 750/598/658 749/597/657
f 751/599/659 752/600/660 753/601/661
f 751/599/659 753/601/661 754/602/662
f 752/600/660 755/603/663 756/604/664
f 752/600/660 756/604/664 753/601/661
f 755/603/663 757/605/665 758/606/666
f 755/603/663 758/606/666 756/604/664
f 757/605/665 759/607/667 760/608/668
f 757/605/665 760/608/668 758/606/666
f 761/609/669 762/610/670 763/611/671
f 761/609/669 763/611/671 764/612/672
f 762/610/670 765/613/673 766/614/674
f 762/610/670 766/614/674 763/611/671
f 765/613/673 767/615/675 768/616/676
f 765/613/673 768/616/676 766/614/674
f 767/615/675 769/617/677 770/618/678
f 767/615/675 770/618/678 768/616/676
f 771/542/679 772/619/680 773/620/681
f 771/542/679 773/620/681 774/543/682
f 775/552/683 776/621/684 777/622/685
f 775/552/683 777/622/685 778/553/686
f 778/553/686 777/622/685 779/623/687
f 778/553/686 779/623/687 780/558/688
f 780/558/688 779/623/687 781/624/689
f 780/558/688 781/624/689 782/563/690
f 782/563/690 781/624/689 783/625/691
f 782/563/690 783/625/691 784/568/692
f 785/626/693 786/534/694 787/537/695
f 785/626/693 787/537/695 788/627/696
f 789/628/697 790/544/698 791/547/699
f 789/628/697 791/547/699 792/629/700
f 792/629/700 791/547/699 793/555/701
f 792/629/700 793/555/701 794/630/702
f 794/630/702 793/555/701 795/560/703
f 794/630/702 795/560/703 796/631/704
f 796/631/704 795/560/703 797/565/705
f 796/631/704 797/565/705 798/632/706
f 799/633/707 800/634/708 692/545/605
f 799/633/707 692/545/605 691/544/604
f 801/635/709 802/633/710 790/544/698
f 801/635/709 790/544/698 789/628/697
f 747/595/656 746/594/655 803/636/711
f 747/595/656 803/636/711 804/637/712
f 746/594/655 748/596/648 805/638/648
f 746/594/655 805/638/648 803/636/711
f 748/596/648 749/597/657 806/639/713
f 748/596/648 806/639/713 805/638/648
f 749/597/657 750/598/658 807/640/714
f 749/597/657 807/640/714 806/639/713
f 808/641/715 809/642/716 776/621/684
f 808/641/715 776/621/684 775/552/683
f 810/643/717 811/641/718 699/552/611
f 810/643/717 699/552/611 697/550/609
f 812/644/608 810/643/717 697/550/609
f 812/644/608 697/550/609 695/548/608
f 800/634/708 812/644/608 695/548/608
f 800/634/708 695/548/608 692/545/605
f 684/537/597 683/536/596 800/634/708
f 684/537/597 800/634/708 799/633/707
f 788/627/696 787/537/695 802/633/710
f 788/627/696 802/633/710 801/635/709
f 804/637/712 803/636/711 752/600/660
f 804/637/712 752/600/660 751/599/659
f 803/636/711 805/638/648 755/603/663
f 803/636/711 755/603/663 752/600/660
f 805/638/648 806/639/713 757/605/665
f 805/638/648 757/605/665 755/603/663
f 806/639/713 807/640/714 759/607/667
f 806/639/713 759/607/667 757/605/665
f 774/543/682 773/620/681 809/642/716
f 774/543/682 809/642/716 808/641/715
f 688/541/601 690/543/603 811/641/718
f 688/541/601 811/641/718 810/643/717
f 686/539/599 688/541/601 810/643/717
f 686/539/599 810/643/717 812/644/608
f 683/536/596 686/539/599 812/644/608
f 683/536/596 812/644/608 800/634/708
f 723/572/634 725/573/635 813/645/719
f 723/572/634 813/645/719 814/646/720
f 721/571/632 723/572/634 814/646/720
f 721/571/632 814/646/720 815/647/721
f 718/569/629 721/571/632 815/647/721
f 718/569/629 815/647/721 816/648/722
f 719/570/630 718/569/629 816/648/722
f 719/570/630 816/648/722 817/649/723
f 818/650/724 796/631/704 798/632/706
f 818/650/724 798/632/706 819/651/725
f 820/652/726 794/630/702 796/631/704
f 820/652/726 796/631/704 818/650/724
f 821/653/727 792/629/700 794/630/702
f 821/653/727 794/630/702 820/652/726
f 822/654/728 789/628/697 792/629/700
f 822/654/728 792/629/700 821/653/727
f 823/655/729 801/635/709 789/628/697
f 823/655/729 789/628/697 822/654/728
f 824/656/730 788/627/696 801/635/709
f 824/656/730 801/635/709 823/655/729
f 825/657/731 785/626/693 788/627/696
f 825/657/731 788/627/696 824/656/730
f 826/658/732 827/659/733 762/610/670
f 826/658/732 762/610/670 761/609/669
f 827/659/733 828/660/734 765/613/673
f 827/659/733 765/613/673 762/610/670
f 828/660/734 829/661/735 767/615/675
f 828/660/734 767/615/675 765/613/673
f 829/661/735 830/662/736 769/617/677
f 829/661/735 769/617/677 767/615/675
f 773/620/681 772/619/680 831/663/737
f 773/620/681 831/663/737 832/664/738
f 809/642/716 773/620/681 832/664/738
f 809/642/716 832/664/738 833/665/739
f 776/621/684 809/642/716 833/665/739
f 776/621/684 833/665/739 834/666/740
f 777/622/685 776/621/684 834/666/740
f 777/622/685 834/666/740 835/667/741
f 779/623/687 777/622/685 835/667/741
f 779/623/687 835/667/741 836/668/742
f 781/624/689 779/623/687 836/668/742
f 781/624/689 836/668/742 837/669/743
f 783/625/691 781/624/689 837/669/743
f 783/625/691 837/669/743 838/670/744
f 814/646/720 813/645/719 839/582/745
f 814/646/720 839/582/745 840/580/745
f 815/647/721 814/646/720 840/580/745
f 815/647/721 840/580/745 841/578/746
f 816/648/722 815/647/721 841/578/746
f 816/648/722 841/578/746 842/575/747
f 817/649/723 816/648/722 842/575/747
f 817/649/723 842/575/747 843/574/748
f 844/671/749 818/650/724 819/651/725
f 844/671/749 819/651/725 845/672/750
f 846/673/751 820/652/726 818/650/724
f 846/673/751 818/650/724 844/671/749
f 847/674/752 821/653/727 820/652/726
f 847/674/752 820/652/726 846/673/751
f 848/675/753 822/654/728 821/653/727
f 848/675/753 821/653/727 847/674/752
f 849/676/754 823/655/729 822/654/728
f 849/676/754 822/654/728 848/675/753
f 850/677/755 824/656/730 823/655/729
f 850/677/755 823/655/729 849/676/754
f 851/678/756 825/657/731 824/656/730
f 851/678/756 824/656/730 850/677/755
f 852/602/757 853/601/758 827/659/733
f 852/602/757 827/659/733 826/658/732
f 853/601/758 854/604/759 828/660/734
f 853/601/758 828/660/734 827/659/733
f 854/604/759 855/606/760 829/661/735
f 854/604/759 829/661/735 828/660/734
f 855/606/760 856/608/761 830/662/736
f 855/606/760 830/662/736 829/661/735
f 832/664/738 831/663/737 857/679/762
f 832/664/738 857/679/762 858/680/763
f 833/665/739 832/664/738 858/680/763
f 833/665/739 858/680/763 859/681/764
f 834/666/740 833/665/739 859/681/764
f 834/666/740 859/681/764 860/682/765
f 835/667/741 834/666/740 860/682/765
f 835/667/741 860/682/765 861/683/766
f 836/668/742 835/667/741 861/683/766
f 836/668/742 861/683/766 862/684/767
f 837/669/743 836/668/742 862/684/767
f 837/669/743 862/684/767 863/685/768
f 838/670/744 837/669/743 863/685/768
f 838/670/744 863/685/768 864/686/769
o pCube12_phong1_0
v -0.068345 0.382815 -0.017885
v -0.088383 0.372416 -0.021879
v -0.088383 0.399678 -0.021879
v -0.068345 0.405805 -0.017885
v -0.115645 0.372416 -0.021879
v -0.115645 0.399678 -0.021879
v -0.142907 0.372416 -0.021879
v -0.142907 0.399678 -0.021879
v -0.145148 0.363265 -0.017885
v -0.160306 0.405805 -0.017885
v -0.088383 0.426941 -0.021879
v -0.068345 0.428795 -0.017885
v -0.115645 0.426941 -0.021879
v -0.142907 0.426941 -0.021879
v -0.162695 0.428795 -0.017885
v -0.088383 0.467161 -0.021879
v -0.048564 0.451785 -0.017885
v -0.115645 0.467161 -0.021879
v -0.142907 0.467161 -0.021879
v -0.165862 0.451785 -0.017885
v -0.113588 0.503522 -0.017885
v -0.081996 0.484598 -0.017885
v -0.155510 0.514286 -0.017885
v -0.163366 0.494572 -0.017885
v -0.165881 0.474776 -0.017885
v -0.081996 0.484598 -0.017885
v -0.113588 0.503522 -0.017885
v -0.114771 0.515553 -0.009133
v -0.077308 0.493113 -0.009133
v -0.155510 0.514286 -0.017885
v -0.164483 0.528317 -0.009133
v -0.163366 0.494572 -0.017885
v -0.173799 0.504940 -0.009133
v -0.165881 0.474776 -0.017885
v -0.176781 0.481465 -0.009133
v -0.114771 0.515553 0.003612
v -0.077308 0.493113 0.003612
v -0.164483 0.528317 0.003612
v -0.173799 0.504940 0.003612
v -0.176781 0.481465 0.003612
v -0.114771 0.515553 0.016358
v -0.077308 0.493113 0.016358
v -0.164483 0.528317 0.016358
v -0.173799 0.504940 0.016358
v -0.176781 0.481465 0.016358
v -0.113588 0.503522 0.025109
v -0.081996 0.484598 0.025109
v -0.155510 0.514286 0.025109
v -0.163366 0.494572 0.025109
v -0.165881 0.474776 0.025109
v -0.081996 0.484598 0.025109
v -0.113588 0.503522 0.025109
v -0.088383 0.454203 0.004414
v -0.048564 0.451785 0.025109
v -0.155510 0.514286 0.025109
v -0.115645 0.454203 0.004414
v -0.163366 0.494572 0.025109
v -0.142907 0.454203 0.004414
v -0.165881 0.474776 0.025109
v -0.165862 0.451785 0.025109
v -0.088383 0.426941 0.004414
v -0.068345 0.428795 0.025109
v -0.115645 0.426941 0.004414
v -0.142907 0.426941 0.004414
v -0.162695 0.428795 0.025109
v -0.088383 0.399678 0.004414
v -0.068345 0.405805 0.025109
v -0.115645 0.399678 0.004414
v -0.142907 0.399678 0.004414
v -0.160306 0.405805 0.025109
v -0.088383 0.372416 0.029104
v -0.068345 0.382815 0.025109
v -0.115645 0.372416 0.029104
v -0.142907 0.372416 0.029104
v -0.145148 0.363265 0.025109
v -0.068345 0.382815 0.025109
v -0.088383 0.372416 0.029104
v -0.088383 0.372416 0.016358
v -0.061120 0.372416 0.016358
v -0.115645 0.372416 0.029104
v -0.115645 0.372416 0.016358
v -0.142907 0.372416 0.029104
v -0.142907 0.372416 0.016358
v -0.145148 0.363265 0.025109
v -0.152195 0.349233 0.016358
v -0.088383 0.372416 0.003612
v -0.061120 0.372416 0.003612
v -0.115645 0.372416 0.003612
v -0.142907 0.372416 0.003612
v -0.152195 0.349233 0.003612
v -0.088383 0.372416 -0.009133
v -0.061120 0.372416 -0.009133
v -0.115645 0.372416 -0.009133
v -0.142907 0.372416 -0.009133
v -0.152195 0.349233 -0.009133
v -0.088383 0.372416 -0.021879
v -0.068345 0.382815 -0.017885
v -0.115645 0.372416 -0.021879
v -0.142907 0.372416 -0.021879
v -0.145148 0.363265 -0.017885
v -0.152195 0.349233 0.016358
v -0.145148 0.363265 0.025109
v -0.160306 0.405805 0.025109
v -0.170170 0.399678 0.016358
v -0.152195 0.349233 0.003612
v -0.170170 0.399678 0.003612
v -0.152195 0.349233 -0.009133
v -0.170170 0.399678 -0.009133
v -0.145148 0.363265 -0.017885
v -0.160306 0.405805 -0.017885
v -0.162695 0.428795 0.025109
v -0.173003 0.426941 0.016358
v -0.173003 0.426941 0.003612
v -0.173003 0.426941 -0.009133
v -0.162695 0.428795 -0.017885
v -0.165862 0.451785 0.025109
v -0.176758 0.454203 0.016358
v -0.176758 0.454203 0.003612
v -0.176758 0.454203 -0.009133
v -0.165862 0.451785 -0.017885
v -0.165881 0.474776 0.025109
v -0.176781 0.481465 0.016358
v -0.176781 0.481465 0.003612
v -0.176781 0.481465 -0.009133
v -0.165881 0.474776 -0.017885
v -0.068345 0.382815 0.025109
v -0.061120 0.372416 0.016358
v -0.061120 0.399678 0.016358
v -0.068345 0.405805 0.025109
v -0.061120 0.372416 0.003612
v -0.061120 0.399678 0.003612
v -0.061120 0.372416 -0.009133
v -0.061120 0.399678 -0.009133
v -0.068345 0.382815 -0.017885
v -0.068345 0.405805 -0.017885
v -0.061120 0.426941 0.016358
v -0.068345 0.428795 0.025109
v -0.061120 0.426941 0.003612
v -0.061120 0.426941 -0.009133
v -0.068345 0.428795 -0.017885
v -0.037664 0.454203 0.016358
v -0.048564 0.451785 0.025109
v -0.037664 0.454203 0.003612
v -0.037664 0.454203 -0.009133
v -0.048564 0.451785 -0.017885
v -0.077308 0.493113 0.016358
v -0.081996 0.484598 0.025109
v -0.077308 0.493113 0.003612
v -0.077308 0.493113 -0.009133
v -0.081996 0.484598 -0.017885
vn 0.1955 -0.0000 -0.9807
vn 0.0650 -0.0000 -0.9979
vn 0.0803 -0.0000 -0.9968
vn -0.0000 -0.0000 -1.0000
vn -0.1625 -0.0353 -0.9861
vn -0.1078 -0.0174 -0.9940
vn -0.3652 -0.0793 -0.9276
vn -0.2562 -0.0298 -0.9662
vn 0.0675 -0.0112 -0.9977
vn 0.1414 -0.0292 -0.9895
vn -0.0755 -0.0037 -0.9971
vn -0.1918 -0.0094 -0.9814
vn 0.0709 0.0672 -0.9952
vn 0.1270 0.0061 -0.9919
vn 0.0020 0.0523 -0.9986
vn -0.0645 0.0295 -0.9975
vn -0.1775 -0.0040 -0.9841
vn 0.0292 0.1149 -0.9929
vn 0.1377 0.1730 -0.9753
vn -0.0159 0.0887 -0.9959
vn -0.0626 0.0628 -0.9961
vn -0.1681 0.0098 -0.9857
vn 0.3440 0.5742 -0.7430
vn 0.2522 0.5853 -0.7706
vn 0.3309 0.8419 -0.4262
vn 0.4715 0.7872 -0.3974
vn -0.0787 0.4908 -0.8677
vn -0.1650 0.8629 -0.4778
vn -0.5570 0.1317 -0.8200
vn -0.8422 0.2301 -0.4875
vn -0.5956 0.0756 -0.7997
vn -0.8652 0.1099 -0.4892
vn 0.3744 0.9272 -0.0000
vn 0.5139 0.8579 -0.0000
vn -0.1770 0.9842 -0.0000
vn -0.9672 0.2538 -0.0000
vn -0.9920 0.1260 -0.0000
vn 0.3309 0.8420 0.4261
vn 0.4716 0.7872 0.3974
vn -0.1650 0.8629 0.4778
vn -0.8422 0.2301 0.4875
vn -0.8653 0.1099 0.4891
vn 0.2521 0.5853 0.7706
vn 0.3440 0.5742 0.7429
vn -0.0787 0.4909 0.8677
vn -0.5570 0.1317 0.8200
vn -0.5956 0.0756 0.7997
vn -0.3721 -0.4677 0.8017
vn -0.1350 -0.4083 0.9028
vn -0.2610 -0.2311 0.9373
vn -0.4786 -0.1920 0.8568
vn 0.0401 -0.3449 0.9378
vn -0.0013 -0.2528 0.9675
vn 0.2669 -0.2471 0.9315
vn 0.3080 -0.1348 0.9418
vn 0.6499 -0.0379 0.7591
vn 0.6744 0.0053 0.7383
vn -0.3542 0.0680 0.9327
vn -0.6238 0.1351 0.7698
vn -0.0000 -0.0000 1.0000
vn 0.3860 0.0213 0.9222
vn 0.7189 0.0400 0.6940
vn -0.2593 0.3278 0.9085
vn -0.6349 0.1703 0.7536
vn -0.0000 0.4125 0.9110
vn 0.2618 0.3397 0.9033
vn 0.6960 0.1583 0.7003
vn -0.1490 0.6072 0.7805
vn -0.4859 0.3854 0.7845
vn -0.0000 0.6713 0.7412
vn 0.1680 0.6143 0.7710
vn 0.5640 0.3815 0.7323
vn 0.2267 -0.8447 0.4848
vn 0.0926 -0.9758 0.1980
vn 0.0510 -0.9927 0.1092
vn 0.0943 -0.9749 0.2017
vn -0.0000 -1.0000 -0.0000
vn 0.2197 -0.9753 -0.0228
vn 0.4643 -0.8855 -0.0168
vn 0.9412 -0.3236 -0.0974
vn 0.9322 -0.3612 -0.0223
vn 0.5356 -0.8445 -0.0000
vn 0.9283 -0.3719 -0.0000
vn 0.0510 -0.9927 -0.1091
vn 0.0943 -0.9749 -0.2017
vn 0.4643 -0.8855 0.0169
vn 0.9322 -0.3612 0.0223
vn 0.0926 -0.9758 -0.1980
vn 0.2266 -0.8447 -0.4848
vn 0.2197 -0.9753 0.0227
vn 0.9412 -0.3235 0.0973
vn -0.8744 -0.3115 0.3721
vn -0.5752 -0.2050 0.7919
vn -0.6008 -0.1533 0.7846
vn -0.8653 -0.2359 0.4423
vn -0.9420 -0.3356 -0.0000
vn -0.9660 -0.2586 -0.0000
vn -0.8743 -0.3115 -0.3721
vn -0.8653 -0.2359 -0.4423
vn -0.5752 -0.2050 -0.7919
vn -0.6008 -0.1533 -0.7846
vn -0.6372 -0.0772 0.7669
vn -0.9004 -0.1087 0.4213
vn -0.9928 -0.1199 -0.0000
vn -0.9004 -0.1087 -0.4213
vn -0.6372 -0.0772 -0.7669
vn -0.6319 -0.0477 0.7736
vn -0.9035 -0.0604 0.4243
vn -0.9976 -0.0693 -0.0000
vn -0.9035 -0.0604 -0.4242
vn -0.6319 -0.0477 -0.7736
vn -0.6263 -0.0005 0.7796
vn -0.9215 -0.0008 0.3884
vn -1.0000 -0.0008 -0.0000
vn -0.9215 -0.0008 -0.3884
vn -0.6262 -0.0005 -0.7796
vn 0.7712 -0.0000 0.6366
vn 0.9696 -0.0000 0.2447
vn 0.9524 -0.0000 0.3047
vn 1.0000 -0.0000 -0.0000
vn 0.9696 -0.0000 -0.2447
vn 0.9524 -0.0000 -0.3048
vn 0.7712 -0.0000 -0.6366
vn 0.8679 -0.3766 0.3240
vn 0.7050 -0.2956 0.6446
vn 0.9186 -0.3952 -0.0000
vn 0.8679 -0.3766 -0.3240
vn 0.7050 -0.2956 -0.6446
vn 0.8902 0.2330 0.3916
vn 0.6036 0.1275 0.7870
vn 0.9714 0.2376 -0.0000
vn 0.8902 0.2330 -0.3916
vn 0.6036 0.1275 -0.7870
vn 0.6517 0.6640 0.3664
vn 0.4784 0.4874 0.7305
vn 0.7005 0.7137 -0.0000
vn 0.6518 0.6640 -0.3664
vn 0.4784 0.4874 -0.7305
vt 0.375000 1.000000
vt 0.437500 1.000000
vt 0.437500 0.937500
vt 0.375000 0.937500
vt 0.500000 1.000000
vt 0.500000 0.937500
vt 0.562500 1.000000
vt 0.562500 0.937500
vt 0.625000 1.000000
vt 0.625000 0.937500
vt 0.437500 0.875000
vt 0.375000 0.875000
vt 0.500000 0.875000
vt 0.562500 0.875000
vt 0.625000 0.875000
vt 0.437500 0.812500
vt 0.375000 0.812500
vt 0.500000 0.812500
vt 0.562500 0.812500
vt 0.625000 0.812500
vt 0.437500 0.750000
vt 0.375000 0.750000
vt 0.500000 0.750000
vt 0.562500 0.750000
vt 0.625000 0.750000
vt 0.437500 0.687500
vt 0.375000 0.687500
vt 0.500000 0.687500
vt 0.562500 0.687500
vt 0.625000 0.687500
vt 0.437500 0.625000
vt 0.375000 0.625000
vt 0.500000 0.625000
vt 0.562500 0.625000
vt 0.625000 0.625000
vt 0.437500 0.562500
vt 0.375000 0.562500
vt 0.500000 0.562500
vt 0.562500 0.562500
vt 0.625000 0.562500
vt 0.437500 0.500000
vt 0.375000 0.500000
vt 0.500000 0.500000
vt 0.562500 0.500000
vt 0.625000 0.500000
vt 0.437500 0.437500
vt 0.375000 0.437500
vt 0.500000 0.437500
vt 0.562500 0.437500
vt 0.625000 0.437500
vt 0.437500 0.375000
vt 0.375000 0.375000
vt 0.500000 0.375000
vt 0.562500 0.375000
vt 0.625000 0.375000
vt 0.437500 0.312500
vt 0.375000 0.312500
vt 0.500000 0.312500
vt 0.562500 0.312500
vt 0.625000 0.312500
vt 0.437500 0.250000
vt 0.375000 0.250000
vt 0.500000 0.250000
vt 0.562500 0.250000
vt 0.625000 0.250000
vt 0.437500 0.187500
vt 0.375000 0.187500
vt 0.500000 0.187500
vt 0.562500 0.187500
vt 0.625000 0.187500
vt 0.437500 0.125000
vt 0.375000 0.125000
vt 0.500000 0.125000
vt 0.562500 0.125000
vt 0.625000 0.125000
vt 0.437500 0.062500
vt 0.375000 0.062500
vt 0.500000 0.062500
vt 0.562500 0.062500
vt 0.625000 0.062500
vt 0.437500 0.000000
vt 0.375000 0.000000
vt 0.500000 0.000000
vt 0.562500 0.000000
vt 0.625000 0.000000
vt 0.812500 1.000000
vt 0.875000 1.000000
vt 0.875000 0.937500
vt 0.812500 0.937500
vt 0.750000 1.000000
vt 0.750000 0.937500
vt 0.687500 1.000000
vt 0.687500 0.937500
vt 0.875000 0.875000
vt 0.812500 0.875000
vt 0.750000 0.875000
vt 0.687500 0.875000
vt 0.875000 0.812500
vt 0.812500 0.812500
vt 0.750000 0.812500
vt 0.687500 0.812500
vt 0.875000 0.750000
vt 0.812500 0.750000
vt 0.750000 0.750000
vt 0.687500 0.750000
vt 0.125000 1.000000
vt 0.187500 1.000000
vt 0.187500 0.937500
vt 0.125000 0.937500
vt 0.250000 1.000000
vt 0.250000 0.937500
vt 0.312500 1.000000
vt 0.312500 0.937500
vt 0.187500 0.875000
vt 0.125000 0.875000
vt 0.250000 0.875000
vt 0.312500 0.875000
vt 0.187500 0.812500
vt 0.125000 0.812500
vt 0.250000 0.812500
vt 0.312500 0.812500
vt 0.187500 0.750000
vt 0.125000 0.750000
vt 0.250000 0.750000
vt 0.312500 0.750000
s 1
usemtl phong1
f 865/687/770 866/688/771 867/689/772
f 865/687/770 867/689/772 868/690/770
f 866/688/771 869/691/773 870/692/773
f 866/688/771 870/692/773 867/689/772
f 869/691/773 871/693/774 872/694/775
f 869/691/773 872/694/775 870/692/773
f 871/693/774 873/695/776 874/696/777
f 871/693/774 874/696/777 872/694/775
f 868/690/770 867/689/772 875/697/778
f 868/690/770 875/697/778 876/698/779
f 867/689/772 870/692/773 877/699/773
f 867/689/772 877/699/773 875/697/778
f 870/692/773 872/694/775 878/700/780
f 870/692/773 878/700/780 877/699/773
f 872/694/775 874/696/777 879/701/781
f 872/694/775 879/701/781 878/700/780
f 876/698/779 875/697/778 880/702/782
f 876/698/779 880/702/782 881/703/783
f 875/697/778 877/699/773 882/704/784
f 875/697/778 882/704/784 880/702/782
f 877/699/773 878/700/780 883/705/785
f 877/699/773 883/705/785 882/704/784
f 878/700/780 879/701/781 884/706/786
f 878/700/780 884/706/786 883/705/785
f 881/703/783 880/702/782 885/707/787
f 881/703/783 885/707/787 886/708/788
f 880/702/782 882/704/784 887/709/789
f 880/702/782 887/709/789 885/707/787
f 882/704/784 883/705/785 888/710/790
f 882/704/784 888/710/790 887/709/789
f 883/705/785 884/706/786 889/711/791
f 883/705/785 889/711/791 888/710/790
f 890/708/792 891/707/793 892/712/794
f 890/708/792 892/712/794 893/713/795
f 891/707/793 894/709/796 895/714/797
f 891/707/793 895/714/797 892/712/794
f 894/709/796 896/710/798 897/715/799
f 894/709/796 897/715/799 895/714/797
f 896/710/798 898/711/800 899/716/801
f 896/710/798 899/716/801 897/715/799
f 893/713/795 892/712/794 900/717/802
f 893/713/795 900/717/802 901/718/803
f 892/712/794 895/714/797 902/719/804
f 892/712/794 902/719/804 900/717/802
f 895/714/797 897/715/799 903/720/805
f 895/714/797 903/720/805 902/719/804
f 897/715/799 899/716/801 904/721/806
f 897/715/799 904/721/806 903/720/805
f 901/718/803 900/717/802 905/722/807
f 901/718/803 905/722/807 906/723/808
f 900/717/802 902/719/804 907/724/809
f 900/717/802 907/724/809 905/722/807
f 902/719/804 903/720/805 908/725/810
f 902/719/804 908/725/810 907/724/809
f 903/720/805 904/721/806 909/726/811
f 903/720/805 909/726/811 908/725/810
f 906/723/808 905/722/807 910/727/812
f 906/723/808 910/727/812 911/728/813
f 905/722/807 907/724/809 912/729/814
f 905/722/807 912/729/814 910/727/812
f 907/724/809 908/725/810 913/730/815
f 907/724/809 913/730/815 912/729/814
f 908/725/810 909/726/811 914/731/816
f 908/725/810 914/731/816 913/730/815
f 915/728/817 916/727/818 917/732/819
f 915/728/817 917/732/819 918/733/820
f 916/727/818 919/729/821 920/734/822
f 916/727/818 920/734/822 917/732/819
f 919/729/821 921/730/823 922/735/824
f 919/729/821 922/735/824 920/734/822
f 921/730/823 923/731/825 924/736/826
f 921/730/823 924/736/826 922/735/824
f 918/733/820 917/732/819 925/737/827
f 918/733/820 925/737/827 926/738/828
f 917/732/819 920/734/822 927/739/829
f 917/732/819 927/739/829 925/737/827
f 920/734/822 922/735/824 928/740/830
f 920/734/822 928/740/830 927/739/829
f 922/735/824 924/736/826 929/741/831
f 922/735/824 929/741/831 928/740/830
f 926/738/828 925/737/827 930/742/832
f 926/738/828 930/742/832 931/743/833
f 925/737/827 927/739/829 932/744/834
f 925/737/827 932/744/834 930/742/832
f 927/739/829 928/740/830 933/745/835
f 927/739/829 933/745/835 932/744/834
f 928/740/830 929/741/831 934/746/836
f 928/740/830 934/746/836 933/745/835
f 931/743/833 930/742/832 935/747/837
f 931/743/833 935/747/837 936/748/838
f 930/742/832 932/744/834 937/749/839
f 930/742/832 937/749/839 935/747/837
f 932/744/834 933/745/835 938/750/840
f 932/744/834 938/750/840 937/749/839
f 933/745/835 934/746/836 939/751/841
f 933/745/835 939/751/841 938/750/840
f 940/748/842 941/747/843 942/752/844
f 940/748/842 942/752/844 943/753/845
f 941/747/843 944/749/846 945/754/846
f 941/747/843 945/754/846 942/752/844
f 944/749/846 946/750/847 947/755/848
f 944/749/846 947/755/848 945/754/846
f 946/750/847 948/751/849 949/756/850
f 946/750/847 949/756/850 947/755/848
f 943/753/845 942/752/844 950/757/846
f 943/753/845 950/757/846 951/758/846
f 942/752/844 945/754/846 952/759/846
f 942/752/844 952/759/846 950/757/846
f 945/754/846 947/755/848 953/760/851
f 945/754/846 953/760/851 952/759/846
f 947/755/848 949/756/850 954/761/852
f 947/755/848 954/761/852 953/760/851
f 951/758/846 950/757/846 955/762/853
f 951/758/846 955/762/853 956/763/854
s 0
f 950/757/846 952/759/846 957/764/846
s 1
f 950/757/846 957/764/846 955/762/853
f 952/759/846 953/760/851 958/765/855
f 952/759/846 958/765/855 957/764/846
f 953/760/851 954/761/852 959/766/856
f 953/760/851 959/766/856 958/765/855
f 956/763/854 955/762/853 960/767/857
f 956/763/854 960/767/857 961/768/858
f 955/762/853 957/764/846 962/769/846
f 955/762/853 962/769/846 960/767/857
f 957/764/846 958/765/855 963/770/859
f 957/764/846 963/770/859 962/769/846
f 958/765/855 959/766/856 964/771/860
f 958/765/855 964/771/860 963/770/859
f 965/772/861 966/773/862 967/774/863
f 965/772/861 967/774/863 968/775/864
f 969/776/865 965/772/861 968/775/864
f 969/776/865 968/775/864 970/777/866
f 971/778/867 969/776/865 970/777/866
f 971/778/867 970/777/866 972/779/868
f 973/695/869 971/778/867 972/779/868
f 973/695/869 972/779/868 974/696/870
f 968/775/864 967/774/863 975/780/871
f 968/775/864 975/780/871 976/781/872
f 970/777/866 968/775/864 976/781/872
f 970/777/866 976/781/872 977/782/873
f 972/779/868 970/777/866 977/782/873
f 972/779/868 977/782/873 978/783/874
f 974/696/870 972/779/868 978/783/874
f 974/696/870 978/783/874 979/701/875
f 976/781/872 975/780/871 980/784/876
f 976/781/872 980/784/876 981/785/877
f 977/782/873 976/781/872 981/785/877
f 977/782/873 981/785/877 982/786/878
f 978/783/874 977/782/873 982/786/878
f 978/783/874 982/786/878 983/787/879
f 979/701/875 978/783/874 983/787/879
f 979/701/875 983/787/879 984/706/880
f 981/785/877 980/784/876 985/788/881
f 981/785/877 985/788/881 986/789/882
f 982/786/878 981/785/877 986/789/882
f 982/786/878 986/789/882 987/790/883
f 983/787/879 982/786/878 987/790/883
f 983/787/879 987/790/883 988/791/884
f 984/706/880 983/787/879 988/791/884
f 984/706/880 988/791/884 989/711/885
f 990/792/886 991/793/887 992/794/888
f 990/792/886 992/794/888 993/795/886
f 991/793/887 994/796/889 995/797/889
f 991/793/887 995/797/889 992/794/888
f 994/796/889 996/798/890 997/799/891
f 994/796/889 997/799/891 995/797/889
f 996/798/890 998/687/892 999/690/892
f 996/798/890 999/690/892 997/799/891
f 993/795/886 992/794/888 1000/800/893
f 993/795/886 1000/800/893 1001/801/894
f 992/794/888 995/797/889 1002/802/895
f 992/794/888 1002/802/895 1000/800/893
f 995/797/889 997/799/891 1003/803/896
f 995/797/889 1003/803/896 1002/802/895
f 997/799/891 999/690/892 1004/698/897
f 997/799/891 1004/698/897 1003/803/896
f 1001/801/894 1000/800/893 1005/804/898
f 1001/801/894 1005/804/898 1006/805/899
f 1000/800/893 1002/802/895 1007/806/900
f 1000/800/893 1007/806/900 1005/804/898
f 1002/802/895 1003/803/896 1008/807/901
f 1002/802/895 1008/807/901 1007/806/900
f 1003/803/896 1004/698/897 1009/703/902
f 1003/803/896 1009/703/902 1008/807/901
f 1006/805/899 1005/804/898 1010/808/903
f 1006/805/899 1010/808/903 1011/809/904
f 1005/804/898 1007/806/900 1012/810/905
f 1005/804/898 1012/810/905 1010/808/903
f 1007/806/900 1008/807/901 1013/811/906
f 1007/806/900 1013/811/906 1012/810/905
f 1008/807/901 1009/703/902 1014/708/907
f 1008/807/901 1014/708/907 1013/811/906
o pSphere3_phong1_0
v 0.011265 0.052329 -0.008319
v 0.013275 0.052329 -0.004374
v -0.000185 0.051215 0.000000
v 0.008134 0.052329 -0.011450
v -0.000185 0.051215 0.000000
v 0.004188 0.052329 -0.013461
v -0.000185 0.051215 0.000000
v -0.000185 0.052329 -0.014153
v -0.000185 0.051215 0.000000
v -0.004559 0.052329 -0.013461
v -0.000185 0.051215 0.000000
v -0.008505 0.052329 -0.011450
v -0.000185 0.051215 0.000000
v -0.011636 0.052329 -0.008319
v -0.000185 0.051215 0.000000
v -0.013646 0.052329 -0.004374
v -0.000185 0.051215 0.000000
v -0.014339 0.052329 0.000000
v -0.000185 0.051215 0.000000
v -0.013646 0.052329 0.004374
v -0.000185 0.051215 0.000000
v -0.011636 0.052329 0.008319
v -0.000185 0.051215 0.000000
v -0.008505 0.052329 0.011450
v -0.000185 0.051215 0.000000
v -0.004559 0.052329 0.013461
v -0.000185 0.051215 0.000000
v -0.000185 0.052329 0.014153
v -0.000185 0.051215 0.000000
v 0.004188 0.052329 0.013461
v -0.000185 0.051215 0.000000
v 0.008134 0.052329 0.011450
v -0.000185 0.051215 0.000000
v 0.011265 0.052329 0.008319
v -0.000185 0.051215 0.000000
v 0.013275 0.052329 0.004374
v -0.000185 0.051215 0.000000
v 0.013968 0.052329 0.000000
v -0.000185 0.051215 0.000000
v 0.013275 0.052329 -0.004374
v -0.000185 0.051215 0.000000
v 0.013275 0.231051 -0.004374
v 0.011265 0.231051 -0.008319
v -0.000185 0.232164 0.000000
v 0.008134 0.231051 -0.011450
v -0.000185 0.232164 0.000000
v 0.004188 0.231051 -0.013461
v -0.000185 0.232164 0.000000
v -0.000185 0.231051 -0.014153
v -0.000185 0.232164 0.000000
v -0.004559 0.231051 -0.013461
v -0.000185 0.232164 0.000000
v -0.008505 0.231051 -0.011450
v -0.000185 0.232164 0.000000
v -0.011636 0.231051 -0.008319
v -0.000185 0.232164 0.000000
v -0.013646 0.231051 -0.004374
v -0.000185 0.232164 0.000000
v -0.014339 0.231051 0.000000
v -0.000185 0.232164 0.000000
v -0.013646 0.231051 0.004374
v -0.000185 0.232164 0.000000
v -0.011636 0.231051 0.008319
v -0.000185 0.232164 0.000000
v -0.008505 0.231051 0.011450
v -0.000185 0.232164 0.000000
v -0.004559 0.231051 0.013461
v -0.000185 0.232164 0.000000
v -0.000185 0.231051 0.014153
v -0.000185 0.232164 0.000000
v 0.004188 0.231051 0.013461
v -0.000185 0.232164 0.000000
v 0.008134 0.231051 0.011450
v -0.000185 0.232164 0.000000
v 0.011265 0.231051 0.008319
v -0.000185 0.232164 0.000000
v 0.013275 0.231051 0.004374
v -0.000185 0.232164 0.000000
v 0.013968 0.231051 0.000000
v -0.000185 0.232164 0.000000
v 0.013275 0.231051 -0.004374
v -0.000185 0.232164 0.000000
v 0.022433 0.055644 -0.016433
v 0.026404 0.055644 -0.008640
v 0.016248 0.055644 -0.022619
v 0.008454 0.055644 -0.026590
v -0.000185 0.055644 -0.027958
v -0.008825 0.055644 -0.026590
v -0.016619 0.055644 -0.022619
v -0.022804 0.055644 -0.016433
v -0.026775 0.055644 -0.008640
v -0.028144 0.055644 0.000000
v -0.026775 0.055644 0.008640
v -0.022804 0.055644 0.016433
v -0.016619 0.055644 0.022619
v -0.008825 0.055644 0.026590
v -0.000185 0.055644 0.027958
v 0.008454 0.055644 0.026590
v 0.016248 0.055644 0.022619
v 0.022433 0.055644 0.016433
v 0.026404 0.055644 0.008640
v 0.027773 0.055644 0.000000
v 0.026404 0.055644 -0.008640
v 0.048430 0.061077 -0.026034
v 0.056965 0.061077 -0.014704
v 0.035135 0.061077 -0.035025
v 0.018384 0.061077 -0.040798
v -0.000185 0.061077 -0.042787
v -0.018755 0.061077 -0.040798
v -0.035506 0.061077 -0.035025
v -0.048801 0.061077 -0.026034
v -0.057336 0.061077 -0.014704
v -0.060277 0.061077 0.000000
v -0.057336 0.061077 0.014704
v -0.048801 0.061077 0.026034
v -0.035506 0.061077 0.035025
v -0.018755 0.061077 0.040798
v -0.000185 0.061077 0.042787
v 0.018384 0.061077 0.040798
v 0.035135 0.061077 0.035025
v 0.048430 0.061077 0.026034
v 0.056965 0.061077 0.014704
v 0.059906 0.061077 0.000000
v 0.056965 0.061077 -0.014704
v 0.061938 0.068494 -0.031829
v 0.072845 0.068494 -0.015191
v 0.044950 0.068494 -0.045033
v 0.023544 0.068494 -0.053511
v -0.000185 0.068494 -0.056432
v -0.023915 0.068494 -0.053511
v -0.045321 0.068494 -0.045033
v -0.062309 0.068494 -0.031829
v -0.073216 0.068494 -0.015191
v -0.076974 0.068494 0.000000
v -0.073216 0.068494 0.015191
v -0.062309 0.068494 0.031829
v -0.045321 0.068494 0.045033
v -0.023915 0.068494 0.053511
v -0.000185 0.068494 0.056432
v 0.023544 0.068494 0.053511
v 0.044950 0.068494 0.045033
v 0.061938 0.068494 0.031829
v 0.072845 0.068494 0.015191
v 0.076603 0.068494 0.000000
v 0.072845 0.068494 -0.015191
v 0.070056 0.077715 -0.038310
v 0.082388 0.077715 -0.018233
v 0.050848 0.077715 -0.054243
v 0.026644 0.077715 -0.064472
v -0.000185 0.077715 -0.067997
v -0.027015 0.077715 -0.064472
v -0.051219 0.077715 -0.054243
v -0.070427 0.077715 -0.038310
v -0.082759 0.077715 -0.018233
v -0.087009 0.077715 0.000000
v -0.082759 0.077715 0.018233
v -0.070427 0.077715 0.038310
v -0.051219 0.077715 0.054243
v -0.027015 0.077715 0.064472
v -0.000185 0.077715 0.067997
v 0.026644 0.077715 0.064472
v 0.050848 0.077715 0.054243
v 0.070056 0.077715 0.038310
v 0.082388 0.077715 0.018233
v 0.086638 0.077715 0.000000
v 0.082388 0.077715 -0.018233
v 0.075962 0.088510 -0.044023
v 0.089332 0.088510 -0.020443
v 0.055139 0.088510 -0.062736
v 0.028900 0.088510 -0.074750
v -0.000185 0.088510 -0.078890
v -0.029271 0.088510 -0.074750
v -0.055510 0.088510 -0.062736
v -0.076333 0.088510 -0.044023
v -0.089703 0.088510 -0.020443
v -0.094309 0.088510 0.000000
v -0.089703 0.088510 0.020443
v -0.076333 0.088510 0.044023
v -0.055510 0.088510 0.062736
v -0.029271 0.088510 0.074750
v -0.000185 0.088510 0.078890
v 0.028900 0.088510 0.074750
v 0.055139 0.088510 0.062736
v 0.075962 0.088510 0.044023
v 0.089332 0.088510 0.020443
v 0.093938 0.088510 0.000000
v 0.089332 0.088510 -0.020443
v 0.080829 0.100615 -0.048091
v 0.098065 0.100615 -0.023371
v 0.058675 0.100615 -0.067709
v 0.030759 0.100615 -0.080305
v -0.000185 0.100615 -0.084645
v -0.031130 0.100615 -0.080305
v -0.059046 0.100615 -0.067709
v -0.081200 0.100615 -0.048091
v -0.095424 0.100615 -0.023371
v -0.100325 0.100615 0.000000
v -0.095424 0.100615 0.023371
v -0.081200 0.100615 0.048091
v -0.059046 0.100615 0.067709
v -0.031130 0.100615 0.080305
v -0.000185 0.100615 0.084645
v 0.030759 0.100615 0.080305
v 0.058675 0.100615 0.067709
v 0.080829 0.100615 0.048091
v 0.095053 0.100615 0.023371
v 0.102302 0.100615 -0.000000
v 0.098065 0.100615 -0.023371
v 0.081803 0.113732 -0.050874
v 0.096198 0.113732 -0.026177
v 0.059383 0.113732 -0.070474
v 0.031131 0.113732 -0.083058
v -0.000185 0.113732 -0.087394
v -0.031502 0.113732 -0.083058
v -0.059754 0.113732 -0.070474
v -0.082174 0.113732 -0.050874
v -0.096569 0.113732 -0.026177
v -0.101529 0.113732 0.000000
v -0.096569 0.113732 0.026177
v -0.082174 0.113732 0.050874
v -0.059754 0.113732 0.070474
v -0.031502 0.113732 0.083058
v -0.000185 0.113732 0.087394
v 0.031131 0.113732 0.083058
v 0.059383 0.113732 0.070474
v 0.081803 0.113732 0.050874
v 0.096198 0.113732 0.026177
v 0.101158 0.113732 0.000000
v 0.096198 0.113732 -0.026177
v 0.080074 0.127537 -0.052649
v 0.094165 0.127537 -0.027877
v 0.058126 0.127537 -0.072308
v 0.030471 0.127537 -0.084930
v -0.000185 0.127537 -0.089279
v -0.030842 0.127537 -0.084930
v -0.058497 0.127537 -0.072308
v -0.080445 0.127537 -0.052649
v -0.094536 0.127537 -0.027877
v -0.099391 0.127537 0.000000
v -0.094536 0.127537 0.027877
v -0.080445 0.127537 0.052649
v -0.058497 0.127537 0.072308
v -0.030842 0.127537 0.084930
v -0.000185 0.127537 0.089279
v 0.030471 0.127537 0.084930
v 0.058126 0.127537 0.072308
v 0.080074 0.127537 0.052649
v 0.094165 0.127537 0.027877
v 0.099020 0.127537 0.000000
v 0.094165 0.127537 -0.027877
v 0.077076 0.141690 -0.052650
v 0.090641 0.141690 -0.029111
v 0.055949 0.141690 -0.071331
v 0.029326 0.141690 -0.083324
v -0.000185 0.141690 -0.087457
v -0.029697 0.141690 -0.083324
v -0.056320 0.141690 -0.071331
v -0.077447 0.141690 -0.052650
v -0.091012 0.141690 -0.029111
v -0.095686 0.141690 0.000000
v -0.091012 0.141690 0.029111
v -0.077447 0.141690 0.052650
v -0.056319 0.141690 0.071331
v -0.029697 0.141690 0.083324
v -0.000185 0.141690 0.087457
v 0.029326 0.141690 0.083324
v 0.055949 0.141690 0.071331
v 0.077076 0.141690 0.052650
v 0.090641 0.141690 0.029111
v 0.095315 0.141690 0.000000
v 0.090641 0.141690 -0.029111
v 0.073715 0.155843 -0.051827
v 0.086690 0.155843 -0.029132
v 0.053507 0.155843 -0.069838
v 0.028042 0.155843 -0.081402
v -0.000185 0.155843 -0.085386
v -0.028413 0.155843 -0.081402
v -0.053878 0.155843 -0.069838
v -0.074086 0.155843 -0.051827
v -0.087061 0.155843 -0.029132
v -0.091532 0.155843 0.000000
v -0.087061 0.155843 0.029132
v -0.074086 0.155843 0.051827
v -0.053878 0.155843 0.069838
v -0.028413 0.155843 0.081402
v -0.000185 0.155843 0.085386
v 0.028042 0.155843 0.081402
v 0.053507 0.155843 0.069838
v 0.073715 0.155843 0.051827
v 0.086690 0.155843 0.029132
v 0.091161 0.155843 0.000000
v 0.086690 0.155843 -0.029132
v 0.069428 0.169648 -0.049569
v 0.081650 0.169648 -0.028783
v 0.050391 0.169648 -0.066065
v 0.026404 0.169648 -0.076656
v -0.000185 0.169648 -0.080306
v -0.026775 0.169648 -0.076656
v -0.050762 0.169648 -0.066065
v -0.069798 0.169648 -0.049569
v -0.082020 0.169648 -0.028783
v -0.086232 0.169648 0.000000
v -0.082020 0.169648 0.028783
v -0.069798 0.169648 0.049569
v -0.050762 0.169648 0.066065
v -0.026775 0.169648 0.076656
v -0.000185 0.169648 0.080306
v 0.026404 0.169648 0.076656
v 0.050391 0.169648 0.066065
v 0.069428 0.169648 0.049569
v 0.081650 0.169648 0.028783
v 0.085861 0.169648 0.000000
v 0.081650 0.169648 -0.028783
v 0.065032 0.182765 -0.045888
v 0.076482 0.182765 -0.028164
v 0.047198 0.182765 -0.059955
v 0.024725 0.182765 -0.068986
v -0.000185 0.182765 -0.072098
v -0.025096 0.182765 -0.068986
v -0.047569 0.182765 -0.059955
v -0.065403 0.182765 -0.045888
v -0.076853 0.182765 -0.028164
v -0.080799 0.182765 0.000000
v -0.076853 0.182765 0.028164
v -0.065403 0.182765 0.045888
v -0.047569 0.182765 0.059955
v -0.025096 0.182765 0.068986
v -0.000185 0.182765 0.072098
v 0.024725 0.182765 0.068986
v 0.047198 0.182765 0.059955
v 0.065032 0.182765 0.045888
v 0.076482 0.182765 0.028163
v 0.080428 0.182765 0.000000
v 0.076482 0.182765 -0.028164
v 0.059031 0.194870 -0.041523
v 0.069428 0.194870 -0.025882
v 0.042838 0.194870 -0.053935
v 0.022433 0.194870 -0.061905
v -0.000185 0.194870 -0.064651
v -0.022804 0.194870 -0.061905
v -0.043209 0.194870 -0.053935
v -0.059402 0.194870 -0.041523
v -0.069798 0.194870 -0.025882
v -0.073381 0.194870 0.000000
v -0.069798 0.194870 0.025882
v -0.059402 0.194870 0.041523
v -0.043209 0.194870 0.053935
v -0.022804 0.194870 0.061905
v -0.000185 0.194870 0.064651
v 0.022433 0.194870 0.061905
v 0.042838 0.194870 0.053935
v 0.059031 0.194870 0.041523
v 0.069428 0.194870 0.025882
v 0.073010 0.194870 0.000000
v 0.069428 0.194870 -0.025882
v 0.051572 0.205665 -0.036480
v 0.060659 0.205665 -0.022215
v 0.037418 0.205665 -0.047800
v 0.019584 0.205665 -0.055069
v -0.000185 0.205665 -0.057573
v -0.019955 0.205665 -0.055069
v -0.037789 0.205665 -0.047800
v -0.051942 0.205665 -0.036480
v -0.061029 0.205665 -0.022215
v -0.064161 0.205665 0.000000
v -0.061029 0.205665 0.022215
v -0.051942 0.205665 0.036480
v -0.037789 0.205665 0.047800
v -0.019955 0.205665 0.055069
v -0.000185 0.205665 0.057573
v 0.019584 0.205665 0.055069
v 0.037418 0.205665 0.047800
v 0.051572 0.205665 0.036480
v 0.060659 0.205665 0.022215
v 0.063790 0.205665 0.000000
v 0.060659 0.205665 -0.022215
v 0.042838 0.214885 -0.029857
v 0.050391 0.214885 -0.019482
v 0.031073 0.214885 -0.038090
v 0.016248 0.214885 -0.043376
v -0.000185 0.214885 -0.045197
v -0.016619 0.214885 -0.043376
v -0.031444 0.214885 -0.038090
v -0.043209 0.214885 -0.029857
v -0.050762 0.214885 -0.019482
v -0.053365 0.214885 0.000000
v -0.050762 0.214885 0.019482
v -0.043209 0.214885 0.029857
v -0.031444 0.214885 0.038090
v -0.016619 0.214885 0.043376
v -0.000185 0.214885 0.045197
v 0.016248 0.214885 0.043376
v 0.031073 0.214885 0.038090
v 0.042838 0.214885 0.029857
v 0.050391 0.214885 0.019482
v 0.052994 0.214885 0.000000
v 0.050391 0.214885 -0.019482
v 0.033045 0.222303 -0.023260
v 0.038879 0.222303 -0.014615
v 0.023958 0.222303 -0.030120
v 0.012507 0.222303 -0.034525
v -0.000185 0.222303 -0.036043
v -0.012878 0.222303 -0.034525
v -0.024329 0.222303 -0.030120
v -0.033416 0.222303 -0.023260
v -0.039250 0.222303 -0.014615
v -0.041260 0.222303 0.000000
v -0.039250 0.222303 0.014615
v -0.033416 0.222303 0.023260
v -0.024329 0.222303 0.030120
v -0.012878 0.222303 0.034525
v -0.000185 0.222303 0.036043
v 0.012507 0.222303 0.034525
v 0.023958 0.222303 0.030120
v 0.033045 0.222303 0.023260
v 0.038879 0.222303 0.014615
v 0.040889 0.222303 0.000000
v 0.038879 0.222303 -0.014615
v 0.022433 0.227736 -0.016433
v 0.026404 0.227736 -0.008640
v 0.016248 0.227736 -0.022619
v 0.008454 0.227736 -0.026590
v -0.000185 0.227736 -0.027958
v -0.008825 0.227736 -0.026590
v -0.016619 0.227736 -0.022619
v -0.022804 0.227736 -0.016433
v -0.026775 0.227736 -0.008640
v -0.028144 0.227736 0.000000
v -0.026775 0.227736 0.008640
v -0.022804 0.227736 0.016433
v -0.016619 0.227736 0.022619
v -0.008825 0.227736 0.026590
v -0.000185 0.227736 0.027958
v 0.008454 0.227736 0.026590
v 0.016248 0.227736 0.022619
v 0.022433 0.227736 0.016433
v 0.026404 0.227736 0.008640
v 0.027773 0.227736 0.000000
v 0.026404 0.227736 -0.008640
vn 0.1621 -0.9797 -0.1177
vn 0.1905 -0.9797 -0.0619
vn -0.0000 -1.0000 -0.0000
vn 0.1177 -0.9797 -0.1621
vn 0.0619 -0.9797 -0.1905
vn -0.0000 -0.9797 -0.2003
vn -0.0619 -0.9797 -0.1905
vn -0.1177 -0.9797 -0.1621
vn -0.1621 -0.9797 -0.1177
vn -0.1905 -0.9797 -0.0619
vn -0.2003 -0.9797 -0.0000
vn -0.1905 -0.9797 0.0619
vn -0.1621 -0.9797 0.1177
vn -0.1178 -0.9797 0.1621
vn -0.0619 -0.9797 0.1905
vn -0.0000 -0.9797 0.2003
vn 0.0619 -0.9797 0.1905
vn 0.1178 -0.9797 0.1621
vn 0.1621 -0.9797 0.1177
vn 0.1905 -0.9797 0.0619
vn 0.2003 -0.9797 -0.0000
vn 0.1905 0.9797 -0.0619
vn 0.1621 0.9797 -0.1178
vn -0.0000 1.0000 -0.0000
vn 0.1178 0.9797 -0.1621
vn 0.0619 0.9797 -0.1905
vn -0.0000 0.9797 -0.2003
vn -0.0619 0.9797 -0.1905
vn -0.1177 0.9797 -0.1621
vn -0.1621 0.9797 -0.1177
vn -0.1905 0.9797 -0.0619
vn -0.2003 0.9797 -0.0000
vn -0.1905 0.9797 0.0619
vn -0.1621 0.9797 0.1177
vn -0.1177 0.9797 0.1621
vn -0.0619 0.9797 0.1905
vn -0.0000 0.9797 0.2003
vn 0.0619 0.9797 0.1905
vn 0.1178 0.9797 0.1621
vn 0.1621 0.9797 0.1177
vn 0.1905 0.9797 0.0619
vn 0.2003 0.9797 -0.0000
vn 0.1590 -0.9764 -0.1464
vn 0.1743 -0.9823 -0.0684
vn 0.1272 -0.9661 -0.2246
vn 0.0717 -0.9550 -0.2877
vn -0.0000 -0.9503 -0.3113
vn -0.0717 -0.9550 -0.2877
vn -0.1272 -0.9661 -0.2246
vn -0.1590 -0.9764 -0.1464
vn -0.1743 -0.9823 -0.0683
vn -0.1789 -0.9839 -0.0000
vn -0.1743 -0.9823 0.0683
vn -0.1590 -0.9764 0.1464
vn -0.1272 -0.9661 0.2246
vn -0.0717 -0.9550 0.2877
vn -0.0000 -0.9503 0.3113
vn 0.0717 -0.9550 0.2877
vn 0.1272 -0.9661 0.2246
vn 0.1590 -0.9764 0.1464
vn 0.1743 -0.9823 0.0683
vn 0.1789 -0.9839 -0.0000
vn 0.1743 -0.9823 -0.0683
vn 0.2473 -0.9373 -0.2457
vn 0.2838 -0.9500 -0.1298
vn 0.1828 -0.9231 -0.3384
vn 0.0989 -0.9093 -0.4043
vn -0.0000 -0.9030 -0.4297
vn -0.0989 -0.9093 -0.4042
vn -0.1828 -0.9231 -0.3383
vn -0.2473 -0.9373 -0.2457
vn -0.2838 -0.9501 -0.1298
vn -0.2868 -0.9580 -0.0000
vn -0.2838 -0.9501 0.1298
vn -0.2473 -0.9373 0.2457
vn -0.1828 -0.9231 0.3384
vn -0.0989 -0.9093 0.4043
vn -0.0000 -0.9030 0.4297
vn 0.0989 -0.9093 0.4042
vn 0.1828 -0.9231 0.3383
vn 0.2473 -0.9373 0.2457
vn 0.2838 -0.9501 0.1298
vn 0.2868 -0.9580 -0.0000
vn 0.2838 -0.9501 -0.1298
vn 0.4320 -0.8104 -0.3957
vn 0.5232 -0.8215 -0.2266
vn 0.2882 -0.8150 -0.5027
vn 0.1412 -0.8216 -0.5523
vn -0.0000 -0.8243 -0.5661
vn -0.1413 -0.8216 -0.5523
vn -0.2882 -0.8150 -0.5027
vn -0.4320 -0.8104 -0.3957
vn -0.5232 -0.8215 -0.2266
vn -0.5561 -0.8311 -0.0000
vn -0.5232 -0.8215 0.2266
vn -0.4320 -0.8104 0.3957
vn -0.2882 -0.8150 0.5027
vn -0.1412 -0.8216 0.5523
vn -0.0000 -0.8243 0.5661
vn 0.1413 -0.8216 0.5523
vn 0.2882 -0.8150 0.5027
vn 0.4320 -0.8104 0.3957
vn 0.5232 -0.8215 0.2266
vn 0.5561 -0.8311 -0.0000
vn 0.5625 -0.6714 -0.4826
vn 0.7005 -0.6471 -0.3010
vn 0.3718 -0.7053 -0.6036
vn 0.1815 -0.7299 -0.6590
vn -0.0000 -0.7386 -0.6742
vn -0.1815 -0.7299 -0.6590
vn -0.3718 -0.7053 -0.6036
vn -0.5625 -0.6714 -0.4825
vn -0.7005 -0.6471 -0.3009
vn -0.7651 -0.6439 -0.0000
vn -0.7005 -0.6471 0.3009
vn -0.5625 -0.6714 0.4826
vn -0.3718 -0.7053 0.6036
vn -0.1815 -0.7299 0.6590
vn -0.0000 -0.7386 0.6742
vn 0.1815 -0.7299 0.6590
vn 0.3717 -0.7053 0.6036
vn 0.5625 -0.6714 0.4825
vn 0.7005 -0.6471 0.3009
vn 0.7651 -0.6439 -0.0000
vn 0.7005 -0.6471 -0.3009
vn 0.6377 -0.5479 -0.5414
vn 0.7597 -0.5644 -0.3230
vn 0.4465 -0.5522 -0.7041
vn 0.2243 -0.5676 -0.7922
vn -0.0000 -0.5731 -0.8195
vn -0.2243 -0.5676 -0.7921
vn -0.4464 -0.5522 -0.7041
vn -0.6527 -0.5305 -0.5408
vn -0.7977 -0.5091 -0.3232
vn -0.8647 -0.5023 -0.0001
vn -0.7977 -0.5091 0.3232
vn -0.6528 -0.5305 0.5408
vn -0.4465 -0.5522 0.7041
vn -0.2243 -0.5676 0.7922
vn -0.0000 -0.5731 0.8195
vn 0.2243 -0.5676 0.7921
vn 0.4464 -0.5522 0.7041
vn 0.6527 -0.5305 0.5408
vn 0.7851 -0.5242 0.3300
vn 0.8280 -0.5604 0.0170
vn 0.7597 -0.5644 -0.3229
vn 0.7228 -0.3230 -0.6109
vn 0.8909 -0.2848 -0.3538
vn 0.5152 -0.3244 -0.7933
vn 0.2641 -0.3190 -0.9102
vn 0.0001 -0.3163 -0.9487
vn -0.2640 -0.3190 -0.9102
vn -0.5152 -0.3244 -0.7933
vn -0.7350 -0.3240 -0.5957
vn -0.8902 -0.2981 -0.3445
vn -0.9621 -0.2728 -0.0000
vn -0.8902 -0.2981 0.3445
vn -0.7350 -0.3240 0.5957
vn -0.5152 -0.3244 0.7933
vn -0.2641 -0.3190 0.9102
vn -0.0000 -0.3162 0.9487
vn 0.2641 -0.3191 0.9102
vn 0.5152 -0.3244 0.7933
vn 0.7350 -0.3240 0.5957
vn 0.8838 -0.2940 0.3640
vn 0.9649 -0.2609 0.0283
vn 0.7670 -0.0633 -0.6385
vn 0.9287 0.0437 -0.3681
vn 0.5386 -0.1291 -0.8326
vn 0.2745 -0.1584 -0.9484
vn -0.0000 -0.1684 -0.9857
vn -0.2746 -0.1583 -0.9484
vn -0.5386 -0.1291 -0.8326
vn -0.7717 -0.0833 -0.6305
vn -0.9353 -0.0189 -0.3532
vn -0.9997 0.0227 -0.0000
vn -0.9353 -0.0189 0.3532
vn -0.7716 -0.0833 0.6306
vn -0.5386 -0.1291 0.8326
vn -0.2745 -0.1583 0.9485
vn -0.0000 -0.1683 0.9857
vn 0.2745 -0.1583 0.9485
vn 0.5387 -0.1291 0.8326
vn 0.7716 -0.0833 0.6306
vn 0.9324 -0.0022 0.3615
vn 0.9959 0.0896 0.0143
vn 0.9288 0.0438 -0.3681
vn 0.7693 0.0865 -0.6330
vn 0.9293 0.1542 -0.3355
vn 0.5392 0.0378 -0.8413
vn 0.2754 0.0071 -0.9613
vn -0.0003 -0.0036 -1.0000
vn -0.2755 0.0071 -0.9613
vn -0.5392 0.0377 -0.8413
vn -0.7693 0.0865 -0.6330
vn -0.9294 0.1542 -0.3354
vn -0.9815 0.1913 -0.0000
vn -0.9294 0.1542 0.3354
vn -0.7693 0.0865 0.6330
vn -0.5392 0.0377 0.8414
vn -0.2754 0.0071 0.9613
vn -0.0000 -0.0032 1.0000
vn 0.2754 0.0071 0.9613
vn 0.5392 0.0377 0.8413
vn 0.7694 0.0864 0.6329
vn 0.9294 0.1542 0.3354
vn 0.9815 0.1913 -0.0000
vn 0.9294 0.1542 -0.3354
vn 0.7594 0.1878 -0.6229
vn 0.9175 0.2324 -0.3228
vn 0.5353 0.1591 -0.8295
vn 0.2747 0.1414 -0.9511
vn 0.0001 0.1360 -0.9907
vn -0.2747 0.1414 -0.9511
vn -0.5353 0.1592 -0.8295
vn -0.7594 0.1878 -0.6229
vn -0.9175 0.2324 -0.3228
vn -0.9662 0.2578 -0.0000
vn -0.9175 0.2324 0.3228
vn -0.7595 0.1878 0.6229
vn -0.5353 0.1590 0.8295
vn -0.2747 0.1414 0.9511
vn -0.0000 0.1357 0.9908
vn 0.2747 0.1414 0.9511
vn 0.5353 0.1591 0.8296
vn 0.7594 0.1879 0.6229
vn 0.9175 0.2324 0.3228
vn 0.9662 0.2578 -0.0000
vn 0.9175 0.2324 -0.3227
vn 0.7430 0.2674 -0.6136
vn 0.9044 0.2976 -0.3059
vn 0.5208 0.2521 -0.8156
vn 0.2662 0.2442 -0.9325
vn -0.0000 0.2419 -0.9703
vn -0.2662 0.2442 -0.9325
vn -0.5208 0.2521 -0.8156
vn -0.7430 0.2674 -0.6136
vn -0.9044 0.2976 -0.3058
vn -0.9498 0.3128 -0.0000
vn -0.9044 0.2976 0.3059
vn -0.7430 0.2674 0.6136
vn -0.5208 0.2521 0.8156
vn -0.2662 0.2442 0.9325
vn -0.0000 0.2419 0.9703
vn 0.2663 0.2443 0.9324
vn 0.5208 0.2521 0.8156
vn 0.7430 0.2674 0.6136
vn 0.9044 0.2976 0.3058
vn 0.9498 0.3128 -0.0000
vn 0.9044 0.2976 -0.3058
vn 0.7087 0.3615 -0.6059
vn 0.8853 0.3582 -0.2964
vn 0.4828 0.3931 -0.7825
vn 0.2414 0.4203 -0.8747
vn -0.0000 0.4306 -0.9025
vn -0.2414 0.4204 -0.8747
vn -0.4828 0.3931 -0.7825
vn -0.7087 0.3615 -0.6059
vn -0.8854 0.3582 -0.2964
vn -0.9314 0.3641 -0.0000
vn -0.8854 0.3582 0.2964
vn -0.7087 0.3615 0.6059
vn -0.4828 0.3931 0.7826
vn -0.2414 0.4203 0.8747
vn -0.0000 0.4306 0.9025
vn 0.2414 0.4204 0.8747
vn 0.4829 0.3931 0.7825
vn 0.7087 0.3615 0.6059
vn 0.8854 0.3582 0.2964
vn 0.9314 0.3641 -0.0000
vn 0.8854 0.3582 -0.2964
vn 0.6621 0.4567 -0.5941
vn 0.8473 0.4463 -0.2878
vn 0.4439 0.4878 -0.7517
vn 0.2193 0.5131 -0.8298
vn -0.0000 0.5225 -0.8526
vn -0.2193 0.5131 -0.8298
vn -0.4438 0.4877 -0.7517
vn -0.6621 0.4567 -0.5941
vn -0.8473 0.4463 -0.2878
vn -0.8950 0.4461 -0.0000
vn -0.8473 0.4463 0.2878
vn -0.6621 0.4567 0.5941
vn -0.4438 0.4878 0.7517
vn -0.2193 0.5131 0.8298
vn -0.0000 0.5225 0.8526
vn 0.2193 0.5131 0.8298
vn 0.4438 0.4878 0.7517
vn 0.6621 0.4567 0.5941
vn 0.8473 0.4463 0.2878
vn 0.8950 0.4461 -0.0000
vn 0.6003 0.5727 -0.5582
vn 0.7687 0.5839 -0.2612
vn 0.4117 0.5547 -0.7230
vn 0.2081 0.5401 -0.8155
vn -0.0000 0.5346 -0.8451
vn -0.2079 0.5401 -0.8155
vn -0.4117 0.5547 -0.7230
vn -0.6003 0.5727 -0.5583
vn -0.7687 0.5839 -0.2611
vn -0.8140 0.5808 -0.0000
vn -0.7687 0.5839 0.2611
vn -0.6003 0.5727 0.5583
vn -0.4116 0.5547 0.7231
vn -0.2081 0.5401 0.8155
vn -0.0000 0.5346 0.8451
vn 0.2079 0.5401 0.8155
vn 0.4117 0.5547 0.7230
vn 0.6003 0.5727 0.5583
vn 0.7687 0.5839 0.2611
vn 0.8140 0.5808 -0.0000
vn 0.7687 0.5839 -0.2611
vn 0.5241 0.6922 -0.4961
vn 0.6768 0.7016 -0.2229
vn 0.3536 0.6842 -0.6379
vn 0.1760 0.6799 -0.7119
vn 0.0001 0.6786 -0.7345
vn -0.1760 0.6798 -0.7119
vn -0.3536 0.6841 -0.6379
vn -0.5241 0.6922 -0.4961
vn -0.6768 0.7016 -0.2229
vn -0.7150 0.6991 -0.0000
vn -0.6768 0.7016 0.2229
vn -0.5241 0.6922 0.4961
vn -0.3536 0.6841 0.6379
vn -0.1760 0.6798 0.7119
vn -0.0000 0.6786 0.7345
vn 0.1760 0.6798 0.7119
vn 0.3536 0.6841 0.6379
vn 0.5241 0.6922 0.4961
vn 0.6768 0.7016 0.2229
vn 0.7150 0.6991 -0.0000
vn 0.4319 0.7970 -0.4221
vn 0.5650 0.8014 -0.1964
vn 0.2901 0.7944 -0.5337
vn 0.1444 0.7924 -0.5926
vn -0.0000 0.7917 -0.6109
vn -0.1444 0.7924 -0.5926
vn -0.2901 0.7944 -0.5336
vn -0.4319 0.7970 -0.4221
vn -0.5650 0.8014 -0.1964
vn -0.5994 0.8004 -0.0000
vn -0.5650 0.8014 0.1964
vn -0.4319 0.7970 0.4221
vn -0.2901 0.7944 0.5337
vn -0.1444 0.7924 0.5926
vn -0.0000 0.7917 0.6110
vn 0.1444 0.7924 0.5926
vn 0.2901 0.7944 0.5336
vn 0.4319 0.7970 0.4221
vn 0.5650 0.8014 0.1964
vn 0.5994 0.8004 -0.0000
vn 0.3508 0.8743 -0.3354
vn 0.4411 0.8850 -0.1489
vn 0.2592 0.8449 -0.4680
vn 0.1402 0.8139 -0.5638
vn -0.0000 0.8000 -0.6000
vn -0.1402 0.8139 -0.5638
vn -0.2592 0.8449 -0.4680
vn -0.3508 0.8743 -0.3355
vn -0.4411 0.8850 -0.1488
vn -0.4705 0.8824 -0.0000
vn -0.4411 0.8850 0.1488
vn -0.3508 0.8743 0.3354
vn -0.2592 0.8449 0.4679
vn -0.1402 0.8139 0.5638
vn -0.0000 0.8000 0.6000
vn 0.1402 0.8139 0.5638
vn 0.2592 0.8449 0.4680
vn 0.3508 0.8743 0.3355
vn 0.4411 0.8850 0.1488
vn 0.4705 0.8824 -0.0000
vn 0.4411 0.8850 -0.1488
vn 0.2627 0.9403 -0.2165
vn 0.3137 0.9442 -0.1000
vn 0.2005 0.9268 -0.3175
vn 0.1101 0.9127 -0.3935
vn -0.0000 0.9067 -0.4217
vn -0.1101 0.9127 -0.3934
vn -0.2005 0.9268 -0.3175
vn -0.2627 0.9403 -0.2164
vn -0.3137 0.9442 -0.1000
vn -0.3347 0.9423 -0.0000
vn -0.3138 0.9442 0.1000
vn -0.2627 0.9403 0.2165
vn -0.2005 0.9268 0.3175
vn -0.1101 0.9127 0.3935
vn -0.0000 0.9067 0.4217
vn 0.1101 0.9127 0.3935
vn 0.2005 0.9268 0.3175
vn 0.2627 0.9403 0.2165
vn 0.3137 0.9442 0.1000
vn 0.3347 0.9423 -0.0000
vn 0.3138 0.9442 -0.1000
vt 0.050000 0.950000
vt 0.000000 0.950000
vt 0.025000 1.000000
vt 0.100000 0.950000
vt 0.075000 1.000000
vt 0.150000 0.950000
vt 0.125000 1.000000
vt 0.200000 0.950000
vt 0.175000 1.000000
vt 0.250000 0.950000
vt 0.225000 1.000000
vt 0.300000 0.950000
vt 0.275000 1.000000
vt 0.350000 0.950000
vt 0.325000 1.000000
vt 0.400000 0.950000
vt 0.375000 1.000000
vt 0.450000 0.950000
vt 0.425000 1.000000
vt 0.500000 0.950000
vt 0.475000 1.000000
vt 0.550000 0.950000
vt 0.525000 1.000000
vt 0.600000 0.950000
vt 0.575000 1.000000
vt 0.650000 0.950000
vt 0.625000 1.000000
vt 0.700000 0.950000
vt 0.675000 1.000000
vt 0.750000 0.950000
vt 0.725000 1.000000
vt 0.800000 0.950000
vt 0.775000 1.000000
vt 0.850000 0.950000
vt 0.825000 1.000000
vt 0.900000 0.950000
vt 0.875000 1.000000
vt 0.950000 0.950000
vt 0.925000 1.000000
vt 1.000000 0.950000
vt 0.975000 1.000000
vt 0.000000 0.050000
vt 0.050000 0.050000
vt 0.025000 0.000000
vt 0.100000 0.050000
vt 0.075000 0.000000
vt 0.150000 0.050000
vt 0.125000 0.000000
vt 0.200000 0.050000
vt 0.175000 0.000000
vt 0.250000 0.050000
vt 0.225000 0.000000
vt 0.300000 0.050000
vt 0.275000 0.000000
vt 0.350000 0.050000
vt 0.325000 0.000000
vt 0.400000 0.050000
vt 0.375000 0.000000
vt 0.450000 0.050000
vt 0.425000 0.000000
vt 0.500000 0.050000
vt 0.475000 0.000000
vt 0.550000 0.050000
vt 0.525000 0.000000
vt 0.600000 0.050000
vt 0.575000 0.000000
vt 0.650000 0.050000
vt 0.625000 0.000000
vt 0.700000 0.050000
vt 0.675000 0.000000
vt 0.750000 0.050000
vt 0.725000 0.000000
vt 0.800000 0.050000
vt 0.775000 0.000000
vt 0.850000 0.050000
vt 0.825000 0.000000
vt 0.900000 0.050000
vt 0.875000 0.000000
vt 0.950000 0.050000
vt 0.925000 0.000000
vt 1.000000 0.050000
vt 0.975000 0.000000
vt 0.050000 0.900000
vt 0.000000 0.900000
vt 0.100000 0.900000
vt 0.150000 0.900000
vt 0.200000 0.900000
vt 0.250000 0.900000
vt 0.300000 0.900000
vt 0.350000 0.900000
vt 0.400000 0.900000
vt 0.450000 0.900000
vt 0.500000 0.900000
vt 0.550000 0.900000
vt 0.600000 0.900000
vt 0.650000 0.900000
vt 0.700000 0.900000
vt 0.750000 0.900000
vt 0.800000 0.900000
vt 0.850000 0.900000
vt 0.900000 0.900000
vt 0.950000 0.900000
vt 1.000000 0.900000
vt 0.050000 0.850000
vt 0.000000 0.850000
vt 0.100000 0.850000
vt 0.150000 0.850000
vt 0.200000 0.850000
vt 0.250000 0.850000
vt 0.300000 0.850000
vt 0.350000 0.850000
vt 0.400000 0.850000
vt 0.450000 0.850000
vt 0.500000 0.850000
vt 0.550000 0.850000
vt 0.600000 0.850000
vt 0.650000 0.850000
vt 0.700000 0.850000
vt 0.750000 0.850000
vt 0.800000 0.850000
vt 0.850000 0.850000
vt 0.900000 0.850000
vt 0.950000 0.850000
vt 1.000000 0.850000
vt 0.050000 0.800000
vt 0.000000 0.800000
vt 0.100000 0.800000
vt 0.150000 0.800000
vt 0.200000 0.800000
vt 0.250000 0.800000
vt 0.300000 0.800000
vt 0.350000 0.800000
vt 0.400000 0.800000
vt 0.450000 0.800000
vt 0.500000 0.800000
vt 0.550000 0.800000
vt 0.600000 0.800000
vt 0.650000 0.800000
vt 0.700000 0.800000
vt 0.750000 0.800000
vt 0.800000 0.800000
vt 0.850000 0.800000
vt 0.900000 0.800000
vt 0.950000 0.800000
vt 1.000000 0.800000
vt 0.050000 0.750000
vt 0.000000 0.750000
vt 0.100000 0.750000
vt 0.150000 0.750000
vt 0.200000 0.750000
vt 0.250000 0.750000
vt 0.300000 0.750000
vt 0.350000 0.750000
vt 0.400000 0.750000
vt 0.450000 0.750000
vt 0.500000 0.750000
vt 0.550000 0.750000
vt 0.600000 0.750000
vt 0.650000 0.750000
vt 0.700000 0.750000
vt 0.750000 0.750000
vt 0.800000 0.750000
vt 0.850000 0.750000
vt 0.900000 0.750000
vt 0.950000 0.750000
vt 1.000000 0.750000
vt 0.050000 0.700000
vt 0.000000 0.700000
vt 0.100000 0.700000
vt 0.150000 0.700000
vt 0.200000 0.700000
vt 0.250000 0.700000
vt 0.300000 0.700000
vt 0.350000 0.700000
vt 0.400000 0.700000
vt 0.450000 0.700000
vt 0.500000 0.700000
vt 0.550000 0.700000
vt 0.600000 0.700000
vt 0.650000 0.700000
vt 0.700000 0.700000
vt 0.750000 0.700000
vt 0.800000 0.700000
vt 0.850000 0.700000
vt 0.900000 0.700000
vt 0.950000 0.700000
vt 1.000000 0.700000
vt 0.050000 0.650000
vt 0.000000 0.650000
vt 0.100000 0.650000
vt 0.150000 0.650000
vt 0.200000 0.650000
vt 0.250000 0.650000
vt 0.300000 0.650000
vt 0.350000 0.650000
vt 0.400000 0.650000
vt 0.450000 0.650000
vt 0.500000 0.650000
vt 0.550000 0.650000
vt 0.600000 0.650000
vt 0.650000 0.650000
vt 0.700000 0.650000
vt 0.750000 0.650000
vt 0.800000 0.650000
vt 0.850000 0.650000
vt 0.900000 0.650000
vt 0.950000 0.650000
vt 1.000000 0.650000
vt 0.050000 0.600000
vt 0.000000 0.600000
vt 0.100000 0.600000
vt 0.150000 0.600000
vt 0.200000 0.600000
vt 0.250000 0.600000
vt 0.300000 0.600000
vt 0.350000 0.600000
vt 0.400000 0.600000
vt 0.450000 0.600000
vt 0.500000 0.600000
vt 0.550000 0.600000
vt 0.600000 0.600000
vt 0.650000 0.600000
vt 0.700000 0.600000
vt 0.750000 0.600000
vt 0.800000 0.600000
vt 0.850000 0.600000
vt 0.900000 0.600000
vt 0.950000 0.600000
vt 1.000000 0.600000
vt 0.050000 0.550000
vt 0.000000 0.550000
vt 0.100000 0.550000
vt 0.150000 0.550000
vt 0.200000 0.550000
vt 0.250000 0.550000
vt 0.300000 0.550000
vt 0.350000 0.550000
vt 0.400000 0.550000
vt 0.450000 0.550000
vt 0.500000 0.550000
vt 0.550000 0.550000
vt 0.600000 0.550000
vt 0.650000 0.550000
vt 0.700000 0.550000
vt 0.750000 0.550000
vt 0.800000 0.550000
vt 0.850000 0.550000
vt 0.900000 0.550000
vt 0.950000 0.550000
vt 1.000000 0.550000
vt 0.050000 0.500000
vt 0.000000 0.500000
vt 0.100000 0.500000
vt 0.150000 0.500000
vt 0.200000 0.500000
vt 0.250000 0.500000
vt 0.300000 0.500000
vt 0.350000 0.500000
vt 0.400000 0.500000
vt 0.450000 0.500000
vt 0.500000 0.500000
vt 0.550000 0.500000
vt 0.600000 0.500000
vt 0.650000 0.500000
vt 0.700000 0.500000
vt 0.750000 0.500000
vt 0.800000 0.500000
vt 0.850000 0.500000
vt 0.900000 0.500000
vt 0.950000 0.500000
vt 1.000000 0.500000
vt 0.050000 0.450000
vt 0.000000 0.450000
vt 0.100000 0.450000
vt 0.150000 0.450000
vt 0.200000 0.450000
vt 0.250000 0.450000
vt 0.300000 0.450000
vt 0.350000 0.450000
vt 0.400000 0.450000
vt 0.450000 0.450000
vt 0.500000 0.450000
vt 0.550000 0.450000
vt 0.600000 0.450000
vt 0.650000 0.450000
vt 0.700000 0.450000
vt 0.750000 0.450000
vt 0.800000 0.450000
vt 0.850000 0.450000
vt 0.900000 0.450000
vt 0.950000 0.450000
vt 1.000000 0.450000
vt 0.050000 0.400000
vt 0.000000 0.400000
vt 0.100000 0.400000
vt 0.150000 0.400000
vt 0.200000 0.400000
vt 0.250000 0.400000
vt 0.300000 0.400000
vt 0.350000 0.400000
vt 0.400000 0.400000
vt 0.450000 0.400000
vt 0.500000 0.400000
vt 0.550000 0.400000
vt 0.600000 0.400000
vt 0.650000 0.400000
vt 0.700000 0.400000
vt 0.750000 0.400000
vt 0.800000 0.400000
vt 0.850000 0.400000
vt 0.900000 0.400000
vt 0.950000 0.400000
vt 1.000000 0.400000
vt 0.050000 0.350000
vt 0.000000 0.350000
vt 0.100000 0.350000
vt 0.150000 0.350000
vt 0.200000 0.350000
vt 0.250000 0.350000
vt 0.300000 0.350000
vt 0.350000 0.350000
vt 0.400000 0.350000
vt 0.450000 0.350000
vt 0.500000 0.350000
vt 0.550000 0.350000
vt 0.600000 0.350000
vt 0.650000 0.350000
vt 0.700000 0.350000
vt 0.750000 0.350000
vt 0.800000 0.350000
vt 0.850000 0.350000
vt 0.900000 0.350000
vt 0.950000 0.350000
vt 1.000000 0.350000
vt 0.050000 0.300000
vt 0.000000 0.300000
vt 0.100000 0.300000
vt 0.150000 0.300000
vt 0.200000 0.300000
vt 0.250000 0.300000
vt 0.300000 0.300000
vt 0.350000 0.300000
vt 0.400000 0.300000
vt 0.450000 0.300000
vt 0.500000 0.300000
vt 0.550000 0.300000
vt 0.600000 0.300000
vt 0.650000 0.300000
vt 0.700000 0.300000
vt 0.750000 0.300000
vt 0.800000 0.300000
vt 0.850000 0.300000
vt 0.900000 0.300000
vt 0.950000 0.300000
vt 1.000000 0.300000
vt 0.050000 0.250000
vt 0.000000 0.250000
vt 0.100000 0.250000
vt 0.150000 0.250000
vt 0.200000 0.250000
vt 0.250000 0.250000
vt 0.300000 0.250000
vt 0.350000 0.250000
vt 0.400000 0.250000
vt 0.450000 0.250000
vt 0.500000 0.250000
vt 0.550000 0.250000
vt 0.600000 0.250000
vt 0.650000 0.250000
vt 0.700000 0.250000
vt 0.750000 0.250000
vt 0.800000 0.250000
vt 0.850000 0.250000
vt 0.900000 0.250000
vt 0.950000 0.250000
vt 1.000000 0.250000
vt 0.050000 0.200000
vt 0.000000 0.200000
vt 0.100000 0.200000
vt 0.150000 0.200000
vt 0.200000 0.200000
vt 0.250000 0.200000
vt 0.300000 0.200000
vt 0.350000 0.200000
vt 0.400000 0.200000
vt 0.450000 0.200000
vt 0.500000 0.200000
vt 0.550000 0.200000
vt 0.600000 0.200000
vt 0.650000 0.200000
vt 0.700000 0.200000
vt 0.750000 0.200000
vt 0.800000 0.200000
vt 0.850000 0.200000
vt 0.900000 0.200000
vt 0.950000 0.200000
vt 1.000000 0.200000
vt 0.050000 0.150000
vt 0.000000 0.150000
vt 0.100000 0.150000
vt 0.150000 0.150000
vt 0.200000 0.150000
vt 0.250000 0.150000
vt 0.300000 0.150000
vt 0.350000 0.150000
vt 0.400000 0.150000
vt 0.450000 0.150000
vt 0.500000 0.150000
vt 0.550000 0.150000
vt 0.600000 0.150000
vt 0.650000 0.150000
vt 0.700000 0.150000
vt 0.750000 0.150000
vt 0.800000 0.150000
vt 0.850000 0.150000
vt 0.900000 0.150000
vt 0.950000 0.150000
vt 1.000000 0.150000
vt 0.050000 0.100000
vt 0.000000 0.100000
vt 0.100000 0.100000
vt 0.150000 0.100000
vt 0.200000 0.100000
vt 0.250000 0.100000
vt 0.300000 0.100000
vt 0.350000 0.100000
vt 0.400000 0.100000
vt 0.450000 0.100000
vt 0.500000 0.100000
vt 0.550000 0.100000
vt 0.600000 0.100000
vt 0.650000 0.100000
vt 0.700000 0.100000
vt 0.750000 0.100000
vt 0.800000 0.100000
vt 0.850000 0.100000
vt 0.900000 0.100000
vt 0.950000 0.100000
vt 1.000000 0.100000
s 1
usemtl phong1
f 1015/812/908 1016/813/909 1017/814/910
f 1018/815/911 1015/812/908 1019/816/910
f 1020/817/912 1018/815/911 1021/818/910
f 1022/819/913 1020/817/912 1023/820/910
f 1024/821/914 1022/819/913 1025/822/910
f 1026/823/915 1024/821/914 1027/824/910
f 1028/825/916 1026/823/915 1029/826/910
f 1030/827/917 1028/825/916 1031/828/910
f 1032/829/918 1030/827/917 1033/830/910
f 1034/831/919 1032/829/918 1035/832/910
f 1036/833/920 1034/831/919 1037/834/910
f 1038/835/921 1036/833/920 1039/836/910
f 1040/837/922 1038/835/921 1041/838/910
f 1042/839/923 1040/837/922 1043/840/910
f 1044/841/924 1042/839/923 1045/842/910
f 1046/843/925 1044/841/924 1047/844/910
f 1048/845/926 1046/843/925 1049/846/910
f 1050/847/927 1048/845/926 1051/848/910
f 1052/849/928 1050/847/927 1053/850/910
f 1054/851/909 1052/849/928 1055/852/910
f 1056/853/929 1057/854/930 1058/855/931
f 1057/854/930 1059/856/932 1060/857/931
f 1059/856/932 1061/858/933 1062/859/931
f 1061/858/933 1063/860/934 1064/861/931
f 1063/860/934 1065/862/935 1066/863/931
f 1065/862/935 1067/864/936 1068/865/931
f 1067/864/936 1069/866/937 1070/867/931
f 1069/866/937 1071/868/938 1072/869/931
f 1071/868/938 1073/870/939 1074/871/931
f 1073/870/939 1075/872/940 1076/873/931
f 1075/872/940 1077/874/941 1078/875/931
f 1077/874/941 1079/876/942 1080/877/931
f 1079/876/942 1081/878/943 1082/879/931
f 1081/878/943 1083/880/944 1084/881/931
f 1083/880/944 1085/882/945 1086/883/931
f 1085/882/945 1087/884/946 1088/885/931
f 1087/884/946 1089/886/947 1090/887/931
f 1089/886/947 1091/888/948 1092/889/931
f 1091/888/948 1093/890/949 1094/891/931
f 1093/890/949 1095/892/929 1096/893/931
f 1016/813/909 1015/812/908 1097/894/950
f 1016/813/909 1097/894/950 1098/895/951
f 1015/812/908 1018/815/911 1099/896/952
f 1015/812/908 1099/896/952 1097/894/950
f 1018/815/911 1020/817/912 1100/897/953
f 1018/815/911 1100/897/953 1099/896/952
f 1020/817/912 1022/819/913 1101/898/954
f 1020/817/912 1101/898/954 1100/897/953
f 1022/819/913 1024/821/914 1102/899/955
f 1022/819/913 1102/899/955 1101/898/954
f 1024/821/914 1026/823/915 1103/900/956
f 1024/821/914 1103/900/956 1102/899/955
f 1026/823/915 1028/825/916 1104/901/957
f 1026/823/915 1104/901/957 1103/900/956
f 1028/825/916 1030/827/917 1105/902/958
f 1028/825/916 1105/902/958 1104/901/957
f 1030/827/917 1032/829/918 1106/903/959
f 1030/827/917 1106/903/959 1105/902/958
f 1032/829/918 1034/831/919 1107/904/960
f 1032/829/918 1107/904/960 1106/903/959
f 1034/831/919 1036/833/920 1108/905/961
f 1034/831/919 1108/905/961 1107/904/960
f 1036/833/920 1038/835/921 1109/906/962
f 1036/833/920 1109/906/962 1108/905/961
f 1038/835/921 1040/837/922 1110/907/963
f 1038/835/921 1110/907/963 1109/906/962
f 1040/837/922 1042/839/923 1111/908/964
f 1040/837/922 1111/908/964 1110/907/963
f 1042/839/923 1044/841/924 1112/909/965
f 1042/839/923 1112/909/965 1111/908/964
f 1044/841/924 1046/843/925 1113/910/966
f 1044/841/924 1113/910/966 1112/909/965
f 1046/843/925 1048/845/926 1114/911/967
f 1046/843/925 1114/911/967 1113/910/966
f 1048/845/926 1050/847/927 1115/912/968
f 1048/845/926 1115/912/968 1114/911/967
f 1050/847/927 1052/849/928 1116/913/969
f 1050/847/927 1116/913/969 1115/912/968
f 1052/849/928 1054/851/909 1117/914/970
f 1052/849/928 1117/914/970 1116/913/969
f 1098/895/951 1097/894/950 1118/915/971
f 1098/895/951 1118/915/971 1119/916/972
f 1097/894/950 1099/896/952 1120/917/973
f 1097/894/950 1120/917/973 1118/915/971
f 1099/896/952 1100/897/953 1121/918/974
f 1099/896/952 1121/918/974 1120/917/973
f 1100/897/953 1101/898/954 1122/919/975
f 1100/897/953 1122/919/975 1121/918/974
f 1101/898/954 1102/899/955 1123/920/976
f 1101/898/954 1123/920/976 1122/919/975
f 1102/899/955 1103/900/956 1124/921/977
f 1102/899/955 1124/921/977 1123/920/976
f 1103/900/956 1104/901/957 1125/922/978
f 1103/900/956 1125/922/978 1124/921/977
f 1104/901/957 1105/902/958 1126/923/979
f 1104/901/957 1126/923/979 1125/922/978
f 1105/902/958 1106/903/959 1127/924/980
f 1105/902/958 1127/924/980 1126/923/979
f 1106/903/959 1107/904/960 1128/925/981
f 1106/903/959 1128/925/981 1127/924/980
f 1107/904/960 1108/905/961 1129/926/982
f 1107/904/960 1129/926/982 1128/925/981
f 1108/905/961 1109/906/962 1130/927/983
f 1108/905/961 1130/927/983 1129/926/982
f 1109/906/962 1110/907/963 1131/928/984
f 1109/906/962 1131/928/984 1130/927/983
f 1110/907/963 1111/908/964 1132/929/985
f 1110/907/963 1132/929/985 1131/928/984
f 1111/908/964 1112/909/965 1133/930/986
f 1111/908/964 1133/930/986 1132/929/985
f 1112/909/965 1113/910/966 1134/931/987
f 1112/909/965 1134/931/987 1133/930/986
f 1113/910/966 1114/911/967 1135/932/988
f 1113/910/966 1135/932/988 1134/931/987
f 1114/911/967 1115/912/968 1136/933/989
f 1114/911/967 1136/933/989 1135/932/988
f 1115/912/968 1116/913/969 1137/934/990
f 1115/912/968 1137/934/990 1136/933/989
f 1116/913/969 1117/914/970 1138/935/991
f 1116/913/969 1138/935/991 1137/934/990
f 1119/916/972 1118/915/971 1139/936/992
f 1119/916/972 1139/936/992 1140/937/993
f 1118/915/971 1120/917/973 1141/938/994
f 1118/915/971 1141/938/994 1139/936/992
f 1120/917/973 1121/918/974 1142/939/995
f 1120/917/973 1142/939/995 1141/938/994
f 1121/918/974 1122/919/975 1143/940/996
f 1121/918/974 1143/940/996 1142/939/995
f 1122/919/975 1123/920/976 1144/941/997
f 1122/919/975 1144/941/997 1143/940/996
f 1123/920/976 1124/921/977 1145/942/998
f 1123/920/976 1145/942/998 1144/941/997
f 1124/921/977 1125/922/978 1146/943/999
f 1124/921/977 1146/943/999 1145/942/998
f 1125/922/978 1126/923/979 1147/944/1000
f 1125/922/978 1147/944/1000 1146/943/999
f 1126/923/979 1127/924/980 1148/945/1001
f 1126/923/979 1148/945/1001 1147/944/1000
f 1127/924/980 1128/925/981 1149/946/1002
f 1127/924/980 1149/946/1002 1148/945/1001
f 1128/925/981 1129/926/982 1150/947/1003
f 1128/925/981 1150/947/1003 1149/946/1002
f 1129/926/982 1130/927/983 1151/948/1004
f 1129/926/982 1151/948/1004 1150/947/1003
f 1130/927/983 1131/928/984 1152/949/1005
f 1130/927/983 1152/949/1005 1151/948/1004
f 1131/928/984 1132/929/985 1153/950/1006
f 1131/928/984 1153/950/1006 1152/949/1005
f 1132/929/985 1133/930/986 1154/951/1007
f 1132/929/985 1154/951/1007 1153/950/1006
f 1133/930/986 1134/931/987 1155/952/1008
f 1133/930/986 1155/952/1008 1154/951/1007
f 1134/931/987 1135/932/988 1156/953/1009
f 1134/931/987 1156/953/1009 1155/952/1008
f 1135/932/988 1136/933/989 1157/954/1010
f 1135/932/988 1157/954/1010 1156/953/1009
f 1136/933/989 1137/934/990 1158/955/1011
f 1136/933/989 1158/955/1011 1157/954/1010
f 1137/934/990 1138/935/991 1159/956/993
f 1137/934/990 1159/956/993 1158/955/1011
f 1140/937/993 1139/936/992 1160/957/1012
f 1140/937/993 1160/957/1012 1161/958/1013
f 1139/936/992 1141/938/994 1162/959/1014
f 1139/936/992 1162/959/1014 1160/957/1012
f 1141/938/994 1142/939/995 1163/960/1015
f 1141/938/994 1163/960/1015 1162/959/1014
f 1142/939/995 1143/940/996 1164/961/1016
f 1142/939/995 1164/961/1016 1163/960/1015
f 1143/940/996 1144/941/997 1165/962/1017
f 1143/940/996 1165/962/1017 1164/961/1016
f 1144/941/997 1145/942/998 1166/963/1018
f 1144/941/997 1166/963/1018 1165/962/1017
f 1145/942/998 1146/943/999 1167/964/1019
f 1145/942/998 1167/964/1019 1166/963/1018
f 1146/943/999 1147/944/1000 1168/965/1020
f 1146/943/999 1168/965/1020 1167/964/1019
f 1147/944/1000 1148/945/1001 1169/966/1021
f 1147/944/1000 1169/966/1021 1168/965/1020
f 1148/945/1001 1149/946/1002 1170/967/1022
f 1148/945/1001 1170/967/1022 1169/966/1021
f 1149/946/1002 1150/947/1003 1171/968/1023
f 1149/946/1002 1171/968/1023 1170/967/1022
f 1150/947/1003 1151/948/1004 1172/969/1024
f 1150/947/1003 1172/969/1024 1171/968/1023
f 1151/948/1004 1152/949/1005 1173/970/1025
f 1151/948/1004 1173/970/1025 1172/969/1024
f 1152/949/1005 1153/950/1006 1174/971/1026
f 1152/949/1005 1174/971/1026 1173/970/1025
f 1153/950/1006 1154/951/1007 1175/972/1027
f 1153/950/1006 1175/972/1027 1174/971/1026
f 1154/951/1007 1155/952/1008 1176/973/1028
f 1154/951/1007 1176/973/1028 1175/972/1027
f 1155/952/1008 1156/953/1009 1177/974/1029
f 1155/952/1008 1177/974/1029 1176/973/1028
f 1156/953/1009 1157/954/1010 1178/975/1030
f 1156/953/1009 1178/975/1030 1177/974/1029
f 1157/954/1010 1158/955/1011 1179/976/1031
f 1157/954/1010 1179/976/1031 1178/975/1030
f 1158/955/1011 1159/956/993 1180/977/1032
f 1158/955/1011 1180/977/1032 1179/976/1031
f 1161/958/1013 1160/957/1012 1181/978/1033
f 1161/958/1013 1181/978/1033 1182/979/1034
f 1160/957/1012 1162/959/1014 1183/980/1035
f 1160/957/1012 1183/980/1035 1181/978/1033
f 1162/959/1014 1163/960/1015 1184/981/1036
f 1162/959/1014 1184/981/1036 1183/980/1035
f 1163/960/1015 1164/961/1016 1185/982/1037
f 1163/960/1015 1185/982/1037 1184/981/1036
f 1164/961/1016 1165/962/1017 1186/983/1038
f 1164/961/1016 1186/983/1038 1185/982/1037
f 1165/962/1017 1166/963/1018 1187/984/1039
f 1165/962/1017 1187/984/1039 1186/983/1038
f 1166/963/1018 1167/964/1019 1188/985/1040
f 1166/963/1018 1188/985/1040 1187/984/1039
f 1167/964/1019 1168/965/1020 1189/986/1041
f 1167/964/1019 1189/986/1041 1188/985/1040
f 1168/965/1020 1169/966/1021 1190/987/1042
f 1168/965/1020 1190/987/1042 1189/986/1041
f 1169/966/1021 1170/967/1022 1191/988/1043
f 1169/966/1021 1191/988/1043 1190/987/1042
f 1170/967/1022 1171/968/1023 1192/989/1044
f 1170/967/1022 1192/989/1044 1191/988/1043
f 1171/968/1023 1172/969/1024 1193/990/1045
f 1171/968/1023 1193/990/1045 1192/989/1044
f 1172/969/1024 1173/970/1025 1194/991/1046
f 1172/969/1024 1194/991/1046 1193/990/1045
f 1173/970/1025 1174/971/1026 1195/992/1047
f 1173/970/1025 1195/992/1047 1194/991/1046
f 1174/971/1026 1175/972/1027 1196/993/1048
f 1174/971/1026 1196/993/1048 1195/992/1047
f 1175/972/1027 1176/973/1028 1197/994/1049
f 1175/972/1027 1197/994/1049 1196/993/1048
f 1176/973/1028 1177/974/1029 1198/995/1050
f 1176/973/1028 1198/995/1050 1197/994/1049
f 1177/974/1029 1178/975/1030 1199/996/1051
f 1177/974/1029 1199/996/1051 1198/995/1050
f 1178/975/1030 1179/976/1031 1200/997/1052
f 1178/975/1030 1200/997/1052 1199/996/1051
f 1179/976/1031 1180/977/1032 1201/998/1053
f 1179/976/1031 1201/998/1053 1200/997/1052
f 1182/979/1034 1181/978/1033 1202/999/1054
f 1182/979/1034 1202/999/1054 1203/1000/1055
f 1181/978/1033 1183/980/1035 1204/1001/1056
f 1181/978/1033 1204/1001/1056 1202/999/1054
f 1183/980/1035 1184/981/1036 1205/1002/1057
f 1183/980/1035 1205/1002/1057 1204/1001/1056
f 1184/981/1036 1185/982/1037 1206/1003/1058
f 1184/981/1036 1206/1003/1058 1205/1002/1057
f 1185/982/1037 1186/983/1038 1207/1004/1059
f 1185/982/1037 1207/1004/1059 1206/1003/1058
f 1186/983/1038 1187/984/1039 1208/1005/1060
f 1186/983/1038 1208/1005/1060 1207/1004/1059
f 1187/984/1039 1188/985/1040 1209/1006/1061
f 1187/984/1039 1209/1006/1061 1208/1005/1060
f 1188/985/1040 1189/986/1041 1210/1007/1062
f 1188/985/1040 1210/1007/1062 1209/1006/1061
f 1189/986/1041 1190/987/1042 1211/1008/1063
f 1189/986/1041 1211/1008/1063 1210/1007/1062
f 1190/987/1042 1191/988/1043 1212/1009/1064
f 1190/987/1042 1212/1009/1064 1211/1008/1063
f 1191/988/1043 1192/989/1044 1213/1010/1065
f 1191/988/1043 1213/1010/1065 1212/1009/1064
f 1192/989/1044 1193/990/1045 1214/1011/1066
f 1192/989/1044 1214/1011/1066 1213/1010/1065
f 1193/990/1045 1194/991/1046 1215/1012/1067
f 1193/990/1045 1215/1012/1067 1214/1011/1066
f 1194/991/1046 1195/992/1047 1216/1013/1068
f 1194/991/1046 1216/1013/1068 1215/1012/1067
f 1195/992/1047 1196/993/1048 1217/1014/1069
f 1195/992/1047 1217/1014/1069 1216/1013/1068
f 1196/993/1048 1197/994/1049 1218/1015/1070
f 1196/993/1048 1218/1015/1070 1217/1014/1069
f 1197/994/1049 1198/995/1050 1219/1016/1071
f 1197/994/1049 1219/1016/1071 1218/1015/1070
f 1198/995/1050 1199/996/1051 1220/1017/1072
f 1198/995/1050 1220/1017/1072 1219/1016/1071
f 1199/996/1051 1200/997/1052 1221/1018/1073
f 1199/996/1051 1221/1018/1073 1220/1017/1072
f 1200/997/1052 1201/998/1053 1222/1019/1055
f 1200/997/1052 1222/1019/1055 1221/1018/1073
f 1203/1000/1055 1202/999/1054 1223/1020/1074
f 1203/1000/1055 1223/1020/1074 1224/1021/1075
f 1202/999/1054 1204/1001/1056 1225/1022/1076
f 1202/999/1054 1225/1022/1076 1223/1020/1074
f 1204/1001/1056 1205/1002/1057 1226/1023/1077
f 1204/1001/1056 1226/1023/1077 1225/1022/1076
f 1205/1002/1057 1206/1003/1058 1227/1024/1078
f 1205/1002/1057 1227/1024/1078 1226/1023/1077
f 1206/1003/1058 1207/1004/1059 1228/1025/1079
f 1206/1003/1058 1228/1025/1079 1227/1024/1078
f 1207/1004/1059 1208/1005/1060 1229/1026/1080
f 1207/1004/1059 1229/1026/1080 1228/1025/1079
f 1208/1005/1060 1209/1006/1061 1230/1027/1081
f 1208/1005/1060 1230/1027/1081 1229/1026/1080
f 1209/1006/1061 1210/1007/1062 1231/1028/1082
f 1209/1006/1061 1231/1028/1082 1230/1027/1081
f 1210/1007/1062 1211/1008/1063 1232/1029/1083
f 1210/1007/1062 1232/1029/1083 1231/1028/1082
f 1211/1008/1063 1212/1009/1064 1233/1030/1084
f 1211/1008/1063 1233/1030/1084 1232/1029/1083
f 1212/1009/1064 1213/1010/1065 1234/1031/1085
f 1212/1009/1064 1234/1031/1085 1233/1030/1084
f 1213/1010/1065 1214/1011/1066 1235/1032/1086
f 1213/1010/1065 1235/1032/1086 1234/1031/1085
f 1214/1011/1066 1215/1012/1067 1236/1033/1087
f 1214/1011/1066 1236/1033/1087 1235/1032/1086
f 1215/1012/1067 1216/1013/1068 1237/1034/1088
f 1215/1012/1067 1237/1034/1088 1236/1033/1087
f 1216/1013/1068 1217/1014/1069 1238/1035/1089
f 1216/1013/1068 1238/1035/1089 1237/1034/1088
f 1217/1014/1069 1218/1015/1070 1239/1036/1090
f 1217/1014/1069 1239/1036/1090 1238/1035/1089
f 1218/1015/1070 1219/1016/1071 1240/1037/1091
f 1218/1015/1070 1240/1037/1091 1239/1036/1090
f 1219/1016/1071 1220/1017/1072 1241/1038/1092
f 1219/1016/1071 1241/1038/1092 1240/1037/1091
f 1220/1017/1072 1221/1018/1073 1242/1039/1093
f 1220/1017/1072 1242/1039/1093 1241/1038/1092
f 1221/1018/1073 1222/1019/1055 1243/1040/1094
f 1221/1018/1073 1243/1040/1094 1242/1039/1093
f 1224/1021/1075 1223/1020/1074 1244/1041/1095
f 1224/1021/1075 1244/1041/1095 1245/1042/1096
f 1223/1020/1074 1225/1022/1076 1246/1043/1097
f 1223/1020/1074 1246/1043/1097 1244/1041/1095
f 1225/1022/1076 1226/1023/1077 1247/1044/1098
f 1225/1022/1076 1247/1044/1098 1246/1043/1097
f 1226/1023/1077 1227/1024/1078 1248/1045/1099
f 1226/1023/1077 1248/1045/1099 1247/1044/1098
f 1227/1024/1078 1228/1025/1079 1249/1046/1100
f 1227/1024/1078 1249/1046/1100 1248/1045/1099
f 1228/1025/1079 1229/1026/1080 1250/1047/1101
f 1228/1025/1079 1250/1047/1101 1249/1046/1100
f 1229/1026/1080 1230/1027/1081 1251/1048/1102
f 1229/1026/1080 1251/1048/1102 1250/1047/1101
f 1230/1027/1081 1231/1028/1082 1252/1049/1103
f 1230/1027/1081 1252/1049/1103 1251/1048/1102
f 1231/1028/1082 1232/1029/1083 1253/1050/1104
f 1231/1028/1082 1253/1050/1104 1252/1049/1103
f 1232/1029/1083 1233/1030/1084 1254/1051/1105
f 1232/1029/1083 1254/1051/1105 1253/1050/1104
f 1233/1030/1084 1234/1031/1085 1255/1052/1106
f 1233/1030/1084 1255/1052/1106 1254/1051/1105
f 1234/1031/1085 1235/1032/1086 1256/1053/1107
f 1234/1031/1085 1256/1053/1107 1255/1052/1106
f 1235/1032/1086 1236/1033/1087 1257/1054/1108
f 1235/1032/1086 1257/1054/1108 1256/1053/1107
f 1236/1033/1087 1237/1034/1088 1258/1055/1109
f 1236/1033/1087 1258/1055/1109 1257/1054/1108
f 1237/1034/1088 1238/1035/1089 1259/1056/1110
f 1237/1034/1088 1259/1056/1110 1258/1055/1109
f 1238/1035/1089 1239/1036/1090 1260/1057/1111
f 1238/1035/1089 1260/1057/1111 1259/1056/1110
f 1239/1036/1090 1240/1037/1091 1261/1058/1112
f 1239/1036/1090 1261/1058/1112 1260/1057/1111
f 1240/1037/1091 1241/1038/1092 1262/1059/1113
f 1240/1037/1091 1262/1059/1113 1261/1058/1112
f 1241/1038/1092 1242/1039/1093 1263/1060/1114
f 1241/1038/1092 1263/1060/1114 1262/1059/1113
f 1242/1039/1093 1243/1040/1094 1264/1061/1115
f 1242/1039/1093 1264/1061/1115 1263/1060/1114
f 1245/1042/1096 1244/1041/1095 1265/1062/1116
f 1245/1042/1096 1265/1062/1116 1266/1063/1117
f 1244/1041/1095 1246/1043/1097 1267/1064/1118
f 1244/1041/1095 1267/1064/1118 1265/1062/1116
f 1246/1043/1097 1247/1044/1098 1268/1065/1119
f 1246/1043/1097 1268/1065/1119 1267/1064/1118
f 1247/1044/1098 1248/1045/1099 1269/1066/1120
f 1247/1044/1098 1269/1066/1120 1268/1065/1119
f 1248/1045/1099 1249/1046/1100 1270/1067/1121
f 1248/1045/1099 1270/1067/1121 1269/1066/1120
f 1249/1046/1100 1250/1047/1101 1271/1068/1122
f 1249/1046/1100 1271/1068/1122 1270/1067/1121
f 1250/1047/1101 1251/1048/1102 1272/1069/1123
f 1250/1047/1101 1272/1069/1123 1271/1068/1122
f 1251/1048/1102 1252/1049/1103 1273/1070/1124
f 1251/1048/1102 1273/1070/1124 1272/1069/1123
f 1252/1049/1103 1253/1050/1104 1274/1071/1125
f 1252/1049/1103 1274/1071/1125 1273/1070/1124
f 1253/1050/1104 1254/1051/1105 1275/1072/1126
f 1253/1050/1104 1275/1072/1126 1274/1071/1125
f 1254/1051/1105 1255/1052/1106 1276/1073/1127
f 1254/1051/1105 1276/1073/1127 1275/1072/1126
f 1255/1052/1106 1256/1053/1107 1277/1074/1128
f 1255/1052/1106 1277/1074/1128 1276/1073/1127
f 1256/1053/1107 1257/1054/1108 1278/1075/1129
f 1256/1053/1107 1278/1075/1129 1277/1074/1128
f 1257/1054/1108 1258/1055/1109 1279/1076/1130
f 1257/1054/1108 1279/1076/1130 1278/1075/1129
f 1258/1055/1109 1259/1056/1110 1280/1077/1131
f 1258/1055/1109 1280/1077/1131 1279/1076/1130
f 1259/1056/1110 1260/1057/1111 1281/1078/1132
f 1259/1056/1110 1281/1078/1132 1280/1077/1131
f 1260/1057/1111 1261/1058/1112 1282/1079/1133
f 1260/1057/1111 1282/1079/1133 1281/1078/1132
f 1261/1058/1112 1262/1059/1113 1283/1080/1134
f 1261/1058/1112 1283/1080/1134 1282/1079/1133
f 1262/1059/1113 1263/1060/1114 1284/1081/1135
f 1262/1059/1113 1284/1081/1135 1283/1080/1134
f 1263/1060/1114 1264/1061/1115 1285/1082/1136
f 1263/1060/1114 1285/1082/1136 1284/1081/1135
f 1266/1063/1117 1265/1062/1116 1286/1083/1137
f 1266/1063/1117 1286/1083/1137 1287/1084/1138
f 1265/1062/1116 1267/1064/1118 1288/1085/1139
f 1265/1062/1116 1288/1085/1139 1286/1083/1137
f 1267/1064/1118 1268/1065/1119 1289/1086/1140
f 1267/1064/1118 1289/1086/1140 1288/1085/1139
f 1268/1065/1119 1269/1066/1120 1290/1087/1141
f 1268/1065/1119 1290/1087/1141 1289/1086/1140
f 1269/1066/1120 1270/1067/1121 1291/1088/1142
f 1269/1066/1120 1291/1088/1142 1290/1087/1141
f 1270/1067/1121 1271/1068/1122 1292/1089/1143
f 1270/1067/1121 1292/1089/1143 1291/1088/1142
f 1271/1068/1122 1272/1069/1123 1293/1090/1144
f 1271/1068/1122 1293/1090/1144 1292/1089/1143
f 1272/1069/1123 1273/1070/1124 1294/1091/1145
f 1272/1069/1123 1294/1091/1145 1293/1090/1144
f 1273/1070/1124 1274/1071/1125 1295/1092/1146
f 1273/1070/1124 1295/1092/1146 1294/1091/1145
f 1274/1071/1125 1275/1072/1126 1296/1093/1147
f 1274/1071/1125 1296/1093/1147 1295/1092/1146
f 1275/1072/1126 1276/1073/1127 1297/1094/1148
f 1275/1072/1126 1297/1094/1148 1296/1093/1147
f 1276/1073/1127 1277/1074/1128 1298/1095/1149
f 1276/1073/1127 1298/1095/1149 1297/1094/1148
f 1277/1074/1128 1278/1075/1129 1299/1096/1150
f 1277/1074/1128 1299/1096/1150 1298/1095/1149
f 1278/1075/1129 1279/1076/1130 1300/1097/1151
f 1278/1075/1129 1300/1097/1151 1299/1096/1150
f 1279/1076/1130 1280/1077/1131 1301/1098/1152
f 1279/1076/1130 1301/1098/1152 1300/1097/1151
f 1280/1077/1131 1281/1078/1132 1302/1099/1153
f 1280/1077/1131 1302/1099/1153 1301/1098/1152
f 1281/1078/1132 1282/1079/1133 1303/1100/1154
f 1281/1078/1132 1303/1100/1154 1302/1099/1153
f 1282/1079/1133 1283/1080/1134 1304/1101/1155
f 1282/1079/1133 1304/1101/1155 1303/1100/1154
f 1283/1080/1134 1284/1081/1135 1305/1102/1156
f 1283/1080/1134 1305/1102/1156 1304/1101/1155
f 1284/1081/1135 1285/1082/1136 1306/1103/1157
f 1284/1081/1135 1306/1103/1157 1305/1102/1156
f 1287/1084/1138 1286/1083/1137 1307/1104/1158
f 1287/1084/1138 1307/1104/1158 1308/1105/1159
f 1286/1083/1137 1288/1085/1139 1309/1106/1160
f 1286/1083/1137 1309/1106/1160 1307/1104/1158
f 1288/1085/1139 1289/1086/1140 1310/1107/1161
f 1288/1085/1139 1310/1107/1161 1309/1106/1160
f 1289/1086/1140 1290/1087/1141 1311/1108/1162
f 1289/1086/1140 1311/1108/1162 1310/1107/1161
f 1290/1087/1141 1291/1088/1142 1312/1109/1163
f 1290/1087/1141 1312/1109/1163 1311/1108/1162
f 1291/1088/1142 1292/1089/1143 1313/1110/1164
f 1291/1088/1142 1313/1110/1164 1312/1109/1163
f 1292/1089/1143 1293/1090/1144 1314/1111/1165
f 1292/1089/1143 1314/1111/1165 1313/1110/1164
f 1293/1090/1144 1294/1091/1145 1315/1112/1166
f 1293/1090/1144 1315/1112/1166 1314/1111/1165
f 1294/1091/1145 1295/1092/1146 1316/1113/1167
f 1294/1091/1145 1316/1113/1167 1315/1112/1166
f 1295/1092/1146 1296/1093/1147 1317/1114/1168
f 1295/1092/1146 1317/1114/1168 1316/1113/1167
f 1296/1093/1147 1297/1094/1148 1318/1115/1169
f 1296/1093/1147 1318/1115/1169 1317/1114/1168
f 1297/1094/1148 1298/1095/1149 1319/1116/1170
f 1297/1094/1148 1319/1116/1170 1318/1115/1169
f 1298/1095/1149 1299/1096/1150 1320/1117/1171
f 1298/1095/1149 1320/1117/1171 1319/1116/1170
f 1299/1096/1150 1300/1097/1151 1321/1118/1172
f 1299/1096/1150 1321/1118/1172 1320/1117/1171
f 1300/1097/1151 1301/1098/1152 1322/1119/1173
f 1300/1097/1151 1322/1119/1173 1321/1118/1172
f 1301/1098/1152 1302/1099/1153 1323/1120/1174
f 1301/1098/1152 1323/1120/1174 1322/1119/1173
f 1302/1099/1153 1303/1100/1154 1324/1121/1175
f 1302/1099/1153 1324/1121/1175 1323/1120/1174
f 1303/1100/1154 1304/1101/1155 1325/1122/1176
f 1303/1100/1154 1325/1122/1176 1324/1121/1175
f 1304/1101/1155 1305/1102/1156 1326/1123/1177
f 1304/1101/1155 1326/1123/1177 1325/1122/1176
f 1305/1102/1156 1306/1103/1157 1327/1124/1178
f 1305/1102/1156 1327/1124/1178 1326/1123/1177
f 1308/1105/1159 1307/1104/1158 1328/1125/1179
f 1308/1105/1159 1328/1125/1179 1329/1126/1180
f 1307/1104/1158 1309/1106/1160 1330/1127/1181
f 1307/1104/1158 1330/1127/1181 1328/1125/1179
f 1309/1106/1160 1310/1107/1161 1331/1128/1182
f 1309/1106/1160 1331/1128/1182 1330/1127/1181
f 1310/1107/1161 1311/1108/1162 1332/1129/1183
f 1310/1107/1161 1332/1129/1183 1331/1128/1182
f 1311/1108/1162 1312/1109/1163 1333/1130/1184
f 1311/1108/1162 1333/1130/1184 1332/1129/1183
f 1312/1109/1163 1313/1110/1164 1334/1131/1185
f 1312/1109/1163 1334/1131/1185 1333/1130/1184
f 1313/1110/1164 1314/1111/1165 1335/1132/1186
f 1313/1110/1164 1335/1132/1186 1334/1131/1185
f 1314/1111/1165 1315/1112/1166 1336/1133/1187
f 1314/1111/1165 1336/1133/1187 1335/1132/1186
f 1315/1112/1166 1316/1113/1167 1337/1134/1188
f 1315/1112/1166 1337/1134/1188 1336/1133/1187
f 1316/1113/1167 1317/1114/1168 1338/1135/1189
f 1316/1113/1167 1338/1135/1189 1337/1134/1188
f 1317/1114/1168 1318/1115/1169 1339/1136/1190
f 1317/1114/1168 1339/1136/1190 1338/1135/1189
f 1318/1115/1169 1319/1116/1170 1340/1137/1191
f 1318/1115/1169 1340/1137/1191 1339/1136/1190
f 1319/1116/1170 1320/1117/1171 1341/1138/1192
f 1319/1116/1170 1341/1138/1192 1340/1137/1191
f 1320/1117/1171 1321/1118/1172 1342/1139/1193
f 1320/1117/1171 1342/1139/1193 1341/1138/1192
f 1321/1118/1172 1322/1119/1173 1343/1140/1194
f 1321/1118/1172 1343/1140/1194 1342/1139/1193
f 1322/1119/1173 1323/1120/1174 1344/1141/1195
f 1322/1119/1173 1344/1141/1195 1343/1140/1194
f 1323/1120/1174 1324/1121/1175 1345/1142/1196
f 1323/1120/1174 1345/1142/1196 1344/1141/1195
f 1324/1121/1175 1325/1122/1176 1346/1143/1197
f 1324/1121/1175 1346/1143/1197 1345/1142/1196
f 1325/1122/1176 1326/1123/1177 1347/1144/1198
f 1325/1122/1176 1347/1144/1198 1346/1143/1197
f 1326/1123/1177 1327/1124/1178 1348/1145/1180
f 1326/1123/1177 1348/1145/1180 1347/1144/1198
f 1329/1126/1180 1328/1125/1179 1349/1146/1199
f 1329/1126/1180 1349/1146/1199 1350/1147/1200
f 1328/1125/1179 1330/1127/1181 1351/1148/1201
f 1328/1125/1179 1351/1148/1201 1349/1146/1199
f 1330/1127/1181 1331/1128/1182 1352/1149/1202
f 1330/1127/1181 1352/1149/1202 1351/1148/1201
f 1331/1128/1182 1332/1129/1183 1353/1150/1203
f 1331/1128/1182 1353/1150/1203 1352/1149/1202
f 1332/1129/1183 1333/1130/1184 1354/1151/1204
f 1332/1129/1183 1354/1151/1204 1353/1150/1203
f 1333/1130/1184 1334/1131/1185 1355/1152/1205
f 1333/1130/1184 1355/1152/1205 1354/1151/1204
f 1334/1131/1185 1335/1132/1186 1356/1153/1206
f 1334/1131/1185 1356/1153/1206 1355/1152/1205
f 1335/1132/1186 1336/1133/1187 1357/1154/1207
f 1335/1132/1186 1357/1154/1207 1356/1153/1206
f 1336/1133/1187 1337/1134/1188 1358/1155/1208
f 1336/1133/1187 1358/1155/1208 1357/1154/1207
f 1337/1134/1188 1338/1135/1189 1359/1156/1209
f 1337/1134/1188 1359/1156/1209 1358/1155/1208
f 1338/1135/1189 1339/1136/1190 1360/1157/1210
f 1338/1135/1189 1360/1157/1210 1359/1156/1209
f 1339/1136/1190 1340/1137/1191 1361/1158/1211
f 1339/1136/1190 1361/1158/1211 1360/1157/1210
f 1340/1137/1191 1341/1138/1192 1362/1159/1212
f 1340/1137/1191 1362/1159/1212 1361/1158/1211
f 1341/1138/1192 1342/1139/1193 1363/1160/1213
f 1341/1138/1192 1363/1160/1213 1362/1159/1212
f 1342/1139/1193 1343/1140/1194 1364/1161/1214
f 1342/1139/1193 1364/1161/1214 1363/1160/1213
f 1343/1140/1194 1344/1141/1195 1365/1162/1215
f 1343/1140/1194 1365/1162/1215 1364/1161/1214
f 1344/1141/1195 1345/1142/1196 1366/1163/1216
f 1344/1141/1195 1366/1163/1216 1365/1162/1215
f 1345/1142/1196 1346/1143/1197 1367/1164/1217
f 1345/1142/1196 1367/1164/1217 1366/1163/1216
f 1346/1143/1197 1347/1144/1198 1368/1165/1218
f 1346/1143/1197 1368/1165/1218 1367/1164/1217
f 1347/1144/1198 1348/1145/1180 1369/1166/1219
f 1347/1144/1198 1369/1166/1219 1368/1165/1218
f 1350/1147/1200 1349/1146/1199 1370/1167/1220
f 1350/1147/1200 1370/1167/1220 1371/1168/1221
f 1349/1146/1199 1351/1148/1201 1372/1169/1222
f 1349/1146/1199 1372/1169/1222 1370/1167/1220
f 1351/1148/1201 1352/1149/1202 1373/1170/1223
f 1351/1148/1201 1373/1170/1223 1372/1169/1222
f 1352/1149/1202 1353/1150/1203 1374/1171/1224
f 1352/1149/1202 1374/1171/1224 1373/1170/1223
f 1353/1150/1203 1354/1151/1204 1375/1172/1225
f 1353/1150/1203 1375/1172/1225 1374/1171/1224
f 1354/1151/1204 1355/1152/1205 1376/1173/1226
f 1354/1151/1204 1376/1173/1226 1375/1172/1225
f 1355/1152/1205 1356/1153/1206 1377/1174/1227
f 1355/1152/1205 1377/1174/1227 1376/1173/1226
f 1356/1153/1206 1357/1154/1207 1378/1175/1228
f 1356/1153/1206 1378/1175/1228 1377/1174/1227
f 1357/1154/1207 1358/1155/1208 1379/1176/1229
f 1357/1154/1207 1379/1176/1229 1378/1175/1228
f 1358/1155/1208 1359/1156/1209 1380/1177/1230
f 1358/1155/1208 1380/1177/1230 1379/1176/1229
f 1359/1156/1209 1360/1157/1210 1381/1178/1231
f 1359/1156/1209 1381/1178/1231 1380/1177/1230
f 1360/1157/1210 1361/1158/1211 1382/1179/1232
f 1360/1157/1210 1382/1179/1232 1381/1178/1231
f 1361/1158/1211 1362/1159/1212 1383/1180/1233
f 1361/1158/1211 1383/1180/1233 1382/1179/1232
f 1362/1159/1212 1363/1160/1213 1384/1181/1234
f 1362/1159/1212 1384/1181/1234 1383/1180/1233
f 1363/1160/1213 1364/1161/1214 1385/1182/1235
f 1363/1160/1213 1385/1182/1235 1384/1181/1234
f 1364/1161/1214 1365/1162/1215 1386/1183/1236
f 1364/1161/1214 1386/1183/1236 1385/1182/1235
f 1365/1162/1215 1366/1163/1216 1387/1184/1237
f 1365/1162/1215 1387/1184/1237 1386/1183/1236
f 1366/1163/1216 1367/1164/1217 1388/1185/1238
f 1366/1163/1216 1388/1185/1238 1387/1184/1237
f 1367/1164/1217 1368/1165/1218 1389/1186/1239
f 1367/1164/1217 1389/1186/1239 1388/1185/1238
f 1368/1165/1218 1369/1166/1219 1390/1187/1221
f 1368/1165/1218 1390/1187/1221 1389/1186/1239
f 1371/1168/1221 1370/1167/1220 1391/1188/1240
f 1371/1168/1221 1391/1188/1240 1392/1189/1241
f 1370/1167/1220 1372/1169/1222 1393/1190/1242
f 1370/1167/1220 1393/1190/1242 1391/1188/1240
f 1372/1169/1222 1373/1170/1223 1394/1191/1243
f 1372/1169/1222 1394/1191/1243 1393/1190/1242
f 1373/1170/1223 1374/1171/1224 1395/1192/1244
f 1373/1170/1223 1395/1192/1244 1394/1191/1243
f 1374/1171/1224 1375/1172/1225 1396/1193/1245
f 1374/1171/1224 1396/1193/1245 1395/1192/1244
f 1375/1172/1225 1376/1173/1226 1397/1194/1246
f 1375/1172/1225 1397/1194/1246 1396/1193/1245
f 1376/1173/1226 1377/1174/1227 1398/1195/1247
f 1376/1173/1226 1398/1195/1247 1397/1194/1246
f 1377/1174/1227 1378/1175/1228 1399/1196/1248
f 1377/1174/1227 1399/1196/1248 1398/1195/1247
f 1378/1175/1228 1379/1176/1229 1400/1197/1249
f 1378/1175/1228 1400/1197/1249 1399/1196/1248
f 1379/1176/1229 1380/1177/1230 1401/1198/1250
f 1379/1176/1229 1401/1198/1250 1400/1197/1249
f 1380/1177/1230 1381/1178/1231 1402/1199/1251
f 1380/1177/1230 1402/1199/1251 1401/1198/1250
f 1381/1178/1231 1382/1179/1232 1403/1200/1252
f 1381/1178/1231 1403/1200/1252 1402/1199/1251
f 1382/1179/1232 1383/1180/1233 1404/1201/1253
f 1382/1179/1232 1404/1201/1253 1403/1200/1252
f 1383/1180/1233 1384/1181/1234 1405/1202/1254
f 1383/1180/1233 1405/1202/1254 1404/1201/1253
f 1384/1181/1234 1385/1182/1235 1406/1203/1255
f 1384/1181/1234 1406/1203/1255 1405/1202/1254
f 1385/1182/1235 1386/1183/1236 1407/1204/1256
f 1385/1182/1235 1407/1204/1256 1406/1203/1255
f 1386/1183/1236 1387/1184/1237 1408/1205/1257
f 1386/1183/1236 1408/1205/1257 1407/1204/1256
f 1387/1184/1237 1388/1185/1238 1409/1206/1258
f 1387/1184/1237 1409/1206/1258 1408/1205/1257
f 1388/1185/1238 1389/1186/1239 1410/1207/1259
f 1388/1185/1238 1410/1207/1259 1409/1206/1258
f 1389/1186/1239 1390/1187/1221 1411/1208/1241
f 1389/1186/1239 1411/1208/1241 1410/1207/1259
f 1392/1189/1241 1391/1188/1240 1412/1209/1260
f 1392/1189/1241 1412/1209/1260 1413/1210/1261
f 1391/1188/1240 1393/1190/1242 1414/1211/1262
f 1391/1188/1240 1414/1211/1262 1412/1209/1260
f 1393/1190/1242 1394/1191/1243 1415/1212/1263
f 1393/1190/1242 1415/1212/1263 1414/1211/1262
f 1394/1191/1243 1395/1192/1244 1416/1213/1264
f 1394/1191/1243 1416/1213/1264 1415/1212/1263
f 1395/1192/1244 1396/1193/1245 1417/1214/1265
f 1395/1192/1244 1417/1214/1265 1416/1213/1264
f 1396/1193/1245 1397/1194/1246 1418/1215/1266
f 1396/1193/1245 1418/1215/1266 1417/1214/1265
f 1397/1194/1246 1398/1195/1247 1419/1216/1267
f 1397/1194/1246 1419/1216/1267 1418/1215/1266
f 1398/1195/1247 1399/1196/1248 1420/1217/1268
f 1398/1195/1247 1420/1217/1268 1419/1216/1267
f 1399/1196/1248 1400/1197/1249 1421/1218/1269
f 1399/1196/1248 1421/1218/1269 1420/1217/1268
f 1400/1197/1249 1401/1198/1250 1422/1219/1270
f 1400/1197/1249 1422/1219/1270 1421/1218/1269
f 1401/1198/1250 1402/1199/1251 1423/1220/1271
f 1401/1198/1250 1423/1220/1271 1422/1219/1270
f 1402/1199/1251 1403/1200/1252 1424/1221/1272
f 1402/1199/1251 1424/1221/1272 1423/1220/1271
f 1403/1200/1252 1404/1201/1253 1425/1222/1273
f 1403/1200/1252 1425/1222/1273 1424/1221/1272
f 1404/1201/1253 1405/1202/1254 1426/1223/1274
f 1404/1201/1253 1426/1223/1274 1425/1222/1273
f 1405/1202/1254 1406/1203/1255 1427/1224/1275
f 1405/1202/1254 1427/1224/1275 1426/1223/1274
f 1406/1203/1255 1407/1204/1256 1428/1225/1276
f 1406/1203/1255 1428/1225/1276 1427/1224/1275
f 1407/1204/1256 1408/1205/1257 1429/1226/1277
f 1407/1204/1256 1429/1226/1277 1428/1225/1276
f 1408/1205/1257 1409/1206/1258 1430/1227/1278
f 1408/1205/1257 1430/1227/1278 1429/1226/1277
f 1409/1206/1258 1410/1207/1259 1431/1228/1279
f 1409/1206/1258 1431/1228/1279 1430/1227/1278
f 1410/1207/1259 1411/1208/1241 1432/1229/1280
f 1410/1207/1259 1432/1229/1280 1431/1228/1279
f 1413/1210/1261 1412/1209/1260 1433/1230/1281
f 1413/1210/1261 1433/1230/1281 1434/1231/1282
f 1412/1209/1260 1414/1211/1262 1435/1232/1283
f 1412/1209/1260 1435/1232/1283 1433/1230/1281
f 1414/1211/1262 1415/1212/1263 1436/1233/1284
f 1414/1211/1262 1436/1233/1284 1435/1232/1283
f 1415/1212/1263 1416/1213/1264 1437/1234/1285
f 1415/1212/1263 1437/1234/1285 1436/1233/1284
f 1416/1213/1264 1417/1214/1265 1438/1235/1286
f 1416/1213/1264 1438/1235/1286 1437/1234/1285
f 1417/1214/1265 1418/1215/1266 1439/1236/1287
f 1417/1214/1265 1439/1236/1287 1438/1235/1286
f 1418/1215/1266 1419/1216/1267 1440/1237/1288
f 1418/1215/1266 1440/1237/1288 1439/1236/1287
f 1419/1216/1267 1420/1217/1268 1441/1238/1289
f 1419/1216/1267 1441/1238/1289 1440/1237/1288
f 1420/1217/1268 1421/1218/1269 1442/1239/1290
f 1420/1217/1268 1442/1239/1290 1441/1238/1289
f 1421/1218/1269 1422/1219/1270 1443/1240/1291
f 1421/1218/1269 1443/1240/1291 1442/1239/1290
f 1422/1219/1270 1423/1220/1271 1444/1241/1292
f 1422/1219/1270 1444/1241/1292 1443/1240/1291
f 1423/1220/1271 1424/1221/1272 1445/1242/1293
f 1423/1220/1271 1445/1242/1293 1444/1241/1292
f 1424/1221/1272 1425/1222/1273 1446/1243/1294
f 1424/1221/1272 1446/1243/1294 1445/1242/1293
f 1425/1222/1273 1426/1223/1274 1447/1244/1295
f 1425/1222/1273 1447/1244/1295 1446/1243/1294
f 1426/1223/1274 1427/1224/1275 1448/1245/1296
f 1426/1223/1274 1448/1245/1296 1447/1244/1295
f 1427/1224/1275 1428/1225/1276 1449/1246/1297
f 1427/1224/1275 1449/1246/1297 1448/1245/1296
f 1428/1225/1276 1429/1226/1277 1450/1247/1298
f 1428/1225/1276 1450/1247/1298 1449/1246/1297
f 1429/1226/1277 1430/1227/1278 1451/1248/1299
f 1429/1226/1277 1451/1248/1299 1450/1247/1298
f 1430/1227/1278 1431/1228/1279 1452/1249/1300
f 1430/1227/1278 1452/1249/1300 1451/1248/1299
f 1431/1228/1279 1432/1229/1280 1453/1250/1301
f 1431/1228/1279 1453/1250/1301 1452/1249/1300
f 1434/1231/1282 1433/1230/1281 1057/854/930
f 1434/1231/1282 1057/854/930 1056/853/929
f 1433/1230/1281 1435/1232/1283 1059/856/932
f 1433/1230/1281 1059/856/932 1057/854/930
f 1435/1232/1283 1436/1233/1284 1061/858/933
f 1435/1232/1283 1061/858/933 1059/856/932
f 1436/1233/1284 1437/1234/1285 1063/860/934
f 1436/1233/1284 1063/860/934 1061/858/933
f 1437/1234/1285 1438/1235/1286 1065/862/935
f 1437/1234/1285 1065/862/935 1063/860/934
f 1438/1235/1286 1439/1236/1287 1067/864/936
f 1438/1235/1286 1067/864/936 1065/862/935
f 1439/1236/1287 1440/1237/1288 1069/866/937
f 1439/1236/1287 1069/866/937 1067/864/936
f 1440/1237/1288 1441/1238/1289 1071/868/938
f 1440/1237/1288 1071/868/938 1069/866/937
f 1441/1238/1289 1442/1239/1290 1073/870/939
f 1441/1238/1289 1073/870/939 1071/868/938
f 1442/1239/1290 1443/1240/1291 1075/872/940
f 1442/1239/1290 1075/872/940 1073/870/939
f 1443/1240/1291 1444/1241/1292 1077/874/941
f 1443/1240/1291 1077/874/941 1075/872/940
f 1444/1241/1292 1445/1242/1293 1079/876/942
f 1444/1241/1292 1079/876/942 1077/874/941
f 1445/1242/1293 1446/1243/1294 1081/878/943
f 1445/1242/1293 1081/878/943 1079/876/942
f 1446/1243/1294 1447/1244/1295 1083/880/944
f 1446/1243/1294 1083/880/944 1081/878/943
f 1447/1244/1295 1448/1245/1296 1085/882/945
f 1447/1244/1295 1085/882/945 1083/880/944
f 1448/1245/1296 1449/1246/1297 1087/884/946
f 1448/1245/1296 1087/884/946 1085/882/945
f 1449/1246/1297 1450/1247/1298 1089/886/947
f 1449/1246/1297 1089/886/947 1087/884/946
f 1450/1247/1298 1451/1248/1299 1091/888/948
f 1450/1247/1298 1091/888/948 1089/886/947
f 1451/1248/1299 1452/1249/1300 1093/890/949
f 1451/1248/1299 1093/890/949 1091/888/948
f 1452/1249/1300 1453/1250/1301 1095/892/929
f 1452/1249/1300 1095/892/929 1093/890/949
o pCube3_lambert2_0
v -0.023248 0.024675 0.009572
v -0.033403 0.023665 0.009572
v -0.031439 0.028194 0.011131
v -0.021217 0.026963 0.009572
v -0.043557 0.023665 0.009572
v -0.043247 0.028194 0.011131
v -0.053711 0.023665 0.009572
v -0.055055 0.028194 0.011131
v -0.060416 0.024697 0.009572
v -0.063014 0.027351 0.009572
v -0.022782 0.032283 0.009572
v -0.031439 0.033356 0.011131
v -0.031439 0.039400 0.011131
v -0.022402 0.037742 0.009572
v -0.043247 0.033356 0.011131
v -0.043247 0.040342 0.011131
v -0.055055 0.033356 0.011131
v -0.055055 0.040342 0.011131
v -0.062503 0.032798 0.009572
v -0.066151 0.040922 0.009572
v -0.031439 0.046934 0.011131
v -0.020824 0.043720 0.009572
v -0.043247 0.049789 0.011131
v -0.055055 0.049789 0.011131
v -0.068470 0.049045 0.009572
v -0.031439 0.054469 0.011131
v -0.019887 0.049699 0.009572
v -0.043247 0.059235 0.011131
v -0.055055 0.059235 0.011131
v -0.070496 0.057169 0.009572
v -0.033403 0.060848 0.009572
v -0.023248 0.055677 0.009572
v -0.043557 0.065292 0.009572
v -0.053711 0.065292 0.009572
v -0.071041 0.065292 0.009572
v -0.023248 0.055677 0.009572
v -0.033403 0.060848 0.009572
v -0.031439 0.063514 0.005690
v -0.019630 0.057501 0.005690
v -0.043557 0.065292 0.009572
v -0.043247 0.068682 0.005690
v -0.053711 0.065292 0.009572
v -0.055055 0.068682 0.005690
v -0.071041 0.065292 0.009572
v -0.075206 0.068682 0.005690
v -0.023248 0.055677 -0.009572
v -0.033403 0.060848 -0.009572
v -0.031439 0.056261 -0.011131
v -0.019887 0.049699 -0.009572
v -0.043557 0.065292 -0.009572
v -0.043247 0.059235 -0.011131
v -0.053711 0.065292 -0.009572
v -0.055055 0.059235 -0.011131
v -0.071041 0.065292 -0.009572
v -0.070496 0.057169 -0.009572
v -0.031439 0.049789 -0.011131
v -0.020824 0.043720 -0.009572
v -0.043247 0.049789 -0.011131
v -0.055055 0.049789 -0.011131
v -0.068470 0.049045 -0.009572
v -0.031439 0.040342 -0.011131
v -0.022402 0.037742 -0.009572
v -0.043247 0.040342 -0.011131
v -0.055055 0.040342 -0.011131
v -0.066151 0.040922 -0.009572
v -0.031439 0.033356 -0.011131
v -0.022782 0.032283 -0.009572
v -0.043247 0.033356 -0.011131
v -0.055055 0.033356 -0.011131
v -0.062503 0.032798 -0.009572
v -0.021217 0.026963 -0.009572
v -0.031439 0.028194 -0.011131
v -0.033403 0.023665 -0.009572
v -0.023248 0.024675 -0.009572
v -0.043247 0.028194 -0.011131
v -0.043557 0.023665 -0.009572
v -0.055055 0.028194 -0.011131
v -0.053711 0.023665 -0.009572
v -0.063014 0.027351 -0.009572
v -0.060416 0.024697 -0.009572
v -0.019630 0.021449 0.005690
v -0.031439 0.020276 0.005690
v -0.033403 0.023665 0.009572
v -0.023248 0.024675 0.009572
v -0.043247 0.020276 0.005690
v -0.043557 0.023665 0.009572
v -0.055055 0.020276 0.005690
v -0.053711 0.023665 0.009572
v -0.062851 0.021476 0.005690
v -0.060416 0.024697 0.009572
v -0.060416 0.024697 0.009572
v -0.062851 0.021476 0.005690
v -0.065872 0.024561 0.005690
v -0.063014 0.027351 0.009572
v -0.062503 0.032798 0.009572
v -0.065279 0.030896 0.005690
v -0.069520 0.040342 0.005690
v -0.066151 0.040922 0.009572
v -0.072216 0.049789 0.005690
v -0.068470 0.049045 0.009572
v -0.074573 0.059235 0.005690
v -0.070496 0.057169 0.009572
v -0.075206 0.068682 0.005690
v -0.071041 0.065292 0.009572
v -0.019630 0.021449 0.005690
v -0.023248 0.024675 0.009572
v -0.021217 0.026963 0.009572
v -0.017268 0.024110 0.005690
v -0.019088 0.030297 0.005690
v -0.022782 0.032283 0.009572
v -0.022402 0.037742 0.009572
v -0.018647 0.036645 0.005690
v -0.020824 0.043720 0.009572
v -0.016811 0.043597 0.005690
v -0.019887 0.049699 0.009572
v -0.015721 0.050549 0.005690
v -0.023248 0.055677 0.009572
v -0.019630 0.057501 0.005690
v -0.020898 0.030038 0.009572
v -0.031439 0.030151 0.011131
v -0.016897 0.027686 0.005690
v -0.020898 0.030038 0.009572
v -0.031439 0.030151 -0.011131
v -0.020898 0.030038 -0.009572
v -0.043247 0.030151 -0.011131
v -0.055055 0.030151 -0.011131
v -0.063239 0.030706 -0.009572
v -0.063239 0.030706 0.009572
v -0.066134 0.028463 0.005690
v -0.055055 0.030151 0.011131
v -0.063239 0.030706 0.009572
v -0.043247 0.030151 0.011131
v -0.075206 0.068682 -0.005999
v -0.055055 0.068682 -0.005999
v -0.043247 0.068682 -0.005999
v -0.031439 0.063514 -0.005999
v -0.019630 0.057501 -0.005999
v -0.015721 0.050549 -0.005999
v -0.019630 0.057501 -0.005999
v -0.016811 0.043597 -0.005999
v -0.018647 0.036645 -0.005999
v -0.019088 0.030297 -0.005999
v -0.016897 0.027686 -0.005999
v -0.017268 0.024110 -0.005999
v -0.019630 0.021449 -0.005999
v -0.019630 0.021449 -0.005999
v -0.031439 0.020276 -0.005999
v -0.043247 0.020276 -0.005999
v -0.055055 0.020276 -0.005999
v -0.062851 0.021476 -0.005999
v -0.062851 0.021476 -0.005999
v -0.065872 0.024561 -0.005999
v -0.066134 0.028463 -0.005999
v -0.065279 0.030896 -0.005999
v -0.069520 0.040342 -0.005999
v -0.072216 0.049789 -0.005999
v -0.074573 0.059235 -0.005999
v -0.075206 0.068682 -0.005999
v -0.071041 0.065292 -0.009572
v -0.053711 0.065292 -0.009572
v -0.043557 0.065292 -0.009572
v -0.033403 0.060848 -0.009572
v -0.023248 0.055677 -0.009572
v -0.019887 0.049699 -0.009572
v -0.023248 0.055677 -0.009572
v -0.020824 0.043720 -0.009572
v -0.022402 0.037742 -0.009572
v -0.022782 0.032283 -0.009572
v -0.020898 0.030038 -0.009572
v -0.021217 0.026963 -0.009572
v -0.023248 0.024675 -0.009572
v -0.023248 0.024675 -0.009572
v -0.033403 0.023665 -0.009572
v -0.043557 0.023665 -0.009572
v -0.053711 0.023665 -0.009572
v -0.060416 0.024697 -0.009572
v -0.060416 0.024697 -0.009572
v -0.063014 0.027351 -0.009572
v -0.063239 0.030706 -0.009572
v -0.062503 0.032798 -0.009572
v -0.066151 0.040922 -0.009572
v -0.068470 0.049045 -0.009572
v -0.070496 0.057169 -0.009572
v -0.071041 0.065292 -0.009572
vn 0.0708 -0.2616 0.9626
vn 0.0209 -0.3070 0.9515
vn 0.0533 -0.1827 0.9817
vn 0.1128 -0.1284 0.9853
vn -0.0000 -0.3255 0.9455
vn -0.0000 -0.2288 0.9735
vn -0.0273 -0.3105 0.9502
vn -0.0618 -0.1876 0.9803
vn -0.1053 -0.2658 0.9583
vn -0.1540 -0.1221 0.9805
vn 0.1688 0.0213 0.9854
vn 0.0700 0.0054 0.9975
vn 0.0660 -0.0055 0.9978
vn 0.1612 -0.0126 0.9868
vn -0.0000 -0.0000 1.0000
vn -0.0759 -0.0113 0.9970
vn -0.0684 -0.0126 0.9976
vn -0.1728 -0.0243 0.9847
vn -0.1372 -0.0232 0.9903
vn 0.0606 -0.0054 0.9981
vn 0.1441 -0.0136 0.9895
vn -0.0595 -0.0073 0.9982
vn -0.1141 -0.0140 0.9934
vn 0.0806 0.0805 0.9935
vn 0.1410 0.0345 0.9894
vn 0.0268 0.1139 0.9931
vn -0.0470 0.0676 0.9966
vn -0.0814 0.0479 0.9955
vn 0.1215 0.2425 0.9625
vn 0.1565 0.1897 0.9693
vn 0.0447 0.2542 0.9661
vn -0.0310 0.1715 0.9847
vn -0.0543 0.1121 0.9922
vn 0.3472 0.6818 0.6439
vn 0.3269 0.6937 0.6418
vn 0.4201 0.8867 0.1930
vn 0.4472 0.8782 0.1696
vn 0.1653 0.7363 0.6561
vn 0.2084 0.9587 0.1937
vn -0.0000 0.7533 0.6577
vn -0.0000 0.9787 0.2055
vn -0.0000 0.9876 0.1572
vn 0.1980 0.2400 -0.9504
vn 0.1238 0.2860 -0.9502
vn 0.0877 0.0992 -0.9912
vn 0.1444 0.0292 -0.9891
vn 0.0380 0.2685 -0.9625
vn 0.0210 0.1141 -0.9932
vn -0.0310 0.1715 -0.9847
vn -0.0470 0.0676 -0.9966
vn -0.0543 0.1121 -0.9922
vn -0.0813 0.0479 -0.9955
vn 0.0591 -0.0051 -0.9982
vn 0.1439 -0.0134 -0.9895
vn -0.0000 -0.0000 -1.0000
vn -0.0595 -0.0073 -0.9982
vn -0.1140 -0.0140 -0.9934
vn 0.0663 -0.0051 -0.9978
vn 0.1601 -0.0109 -0.9870
vn -0.0684 -0.0126 -0.9976
vn -0.1372 -0.0232 -0.9903
vn 0.0703 0.0051 -0.9975
vn 0.1688 0.0203 -0.9854
vn -0.0759 -0.0113 -0.9970
vn -0.1728 -0.0243 -0.9847
vn 0.1128 -0.1284 -0.9853
vn 0.0533 -0.1828 -0.9817
vn 0.0209 -0.3070 -0.9515
vn 0.0708 -0.2616 -0.9626
vn -0.0000 -0.2288 -0.9735
vn -0.0000 -0.3255 -0.9455
vn -0.0618 -0.1876 -0.9803
vn -0.0273 -0.3105 -0.9502
vn -0.1540 -0.1222 -0.9805
vn -0.1053 -0.2658 -0.9583
vn 0.0974 -0.9797 0.1752
vn 0.0500 -0.9773 0.2060
vn 0.0322 -0.7447 0.6666
vn 0.0728 -0.7327 0.6766
vn -0.0000 -0.9794 0.2018
vn -0.0000 -0.7533 0.6577
vn -0.0612 -0.9776 0.2014
vn -0.0416 -0.7454 0.6653
vn -0.1494 -0.9704 0.1897
vn -0.1122 -0.7289 0.6753
vn -0.4980 -0.4876 0.7171
vn -0.6956 -0.6810 0.2288
vn -0.8812 -0.4227 0.2117
vn -0.6618 -0.2862 0.6929
vn -0.7338 -0.2323 0.6384
vn -0.9463 -0.2628 0.1883
vn -0.9204 -0.3372 0.1977
vn -0.7089 -0.2628 0.6545
vn -0.9460 -0.2525 0.2035
vn -0.7241 -0.1952 0.6615
vn -0.9645 -0.1488 0.2180
vn -0.7167 -0.1251 0.6861
vn -0.9799 -0.0657 0.1885
vn -0.7012 -0.0470 0.7114
vn 0.7173 -0.6369 0.2825
vn 0.4675 -0.4151 0.7805
vn 0.5850 -0.2431 0.7737
vn 0.8826 -0.3922 0.2594
vn 0.9614 0.2047 0.1840
vn 0.7441 0.0902 0.6619
vn 0.6960 -0.1214 0.7077
vn 0.9585 -0.1634 0.2338
vn 0.6855 -0.1459 0.7133
vn 0.9522 -0.1997 0.2312
vn 0.6611 0.1326 0.7385
vn 0.9531 0.1938 0.2326
vn 0.6033 0.3393 0.7217
vn 0.8459 0.4757 0.2411
vn 0.1538 0.0152 0.9880
vn 0.0723 0.0109 0.9973
vn 0.9466 0.2558 0.1963
vn 0.7489 0.2918 0.5950
vn 0.0723 0.0109 -0.9973
vn 0.1538 0.0152 -0.9880
vn -0.0799 0.0036 -0.9968
vn -0.1923 0.0085 -0.9813
vn -0.8258 0.1075 0.5537
vn -0.9826 0.0837 0.1659
vn -0.0799 0.0036 0.9968
vn -0.1923 0.0085 0.9813
vn -0.0000 0.9877 -0.1563
vn -0.0000 0.9778 -0.2097
vn 0.2083 0.9581 -0.1965
vn 0.4198 0.8861 -0.1965
vn 0.4471 0.8781 -0.1704
vn 0.9525 0.1936 -0.2352
vn 0.8449 0.4751 -0.2457
vn 0.9515 -0.1984 -0.2353
vn 0.9574 -0.1632 -0.2384
vn 0.9608 0.2047 -0.1868
vn 0.9459 0.2556 -0.2000
vn 0.8818 -0.3918 -0.2624
vn 0.7162 -0.6359 -0.2875
vn 0.0974 -0.9797 -0.1752
vn 0.0514 -0.9764 -0.2096
vn -0.0000 -0.9786 -0.2056
vn -0.0611 -0.9769 -0.2046
vn -0.1493 -0.9701 -0.1912
vn -0.6950 -0.6804 -0.2323
vn -0.8807 -0.4225 -0.2144
vn -0.9820 0.0836 -0.1693
vn -0.9457 -0.2626 -0.1917
vn -0.9198 -0.3370 -0.2010
vn -0.9454 -0.2517 -0.2072
vn -0.9637 -0.1487 -0.2218
vn -0.9799 -0.0657 -0.1883
vn -0.0000 0.7254 -0.6883
vn 0.1595 0.7092 -0.6867
vn 0.3157 0.6691 -0.6728
vn 0.3349 0.6576 -0.6748
vn 0.6308 0.1265 -0.7656
vn 0.5768 0.3244 -0.7497
vn 0.6561 -0.1395 -0.7417
vn 0.6665 -0.1164 -0.7364
vn 0.7155 0.0830 -0.6936
vn 0.7264 0.2875 -0.6242
vn 0.5561 -0.2304 -0.7986
vn 0.4437 -0.3940 -0.8049
vn 0.0700 -0.7042 -0.7066
vn 0.0306 -0.7166 -0.6968
vn -0.0000 -0.7254 -0.6883
vn -0.0397 -0.7174 -0.6956
vn -0.1078 -0.7007 -0.7053
vn -0.4764 -0.4664 -0.7453
vn -0.6356 -0.2734 -0.7220
vn -0.8043 0.1069 -0.5845
vn -0.7075 -0.2257 -0.6697
vn -0.6830 -0.2533 -0.6851
vn -0.6971 -0.1880 -0.6919
vn -0.6882 -0.1207 -0.7154
vn -0.6712 -0.0450 -0.7399
vt 0.375000 1.000000
vt 0.437500 1.000000
vt 0.437500 0.983859
vt 0.375000 0.983859
vt 0.500000 1.000000
vt 0.500000 0.983859
vt 0.562500 1.000000
vt 0.562500 0.983859
vt 0.625000 1.000000
vt 0.625000 0.983859
vt 0.375000 0.950000
vt 0.437500 0.950000
vt 0.437500 0.900000
vt 0.375000 0.900000
vt 0.500000 0.950000
vt 0.500000 0.900000
vt 0.562500 0.950000
vt 0.562500 0.900000
vt 0.625000 0.950000
vt 0.625000 0.900000
vt 0.437500 0.850000
vt 0.375000 0.850000
vt 0.500000 0.850000
vt 0.562500 0.850000
vt 0.625000 0.850000
vt 0.437500 0.800000
vt 0.375000 0.800000
vt 0.500000 0.800000
vt 0.562500 0.800000
vt 0.625000 0.800000
vt 0.437500 0.750000
vt 0.375000 0.750000
vt 0.500000 0.750000
vt 0.562500 0.750000
vt 0.625000 0.750000
vt 0.437500 0.688899
vt 0.375000 0.688899
vt 0.500000 0.688899
vt 0.562500 0.688899
vt 0.625000 0.688899
vt 0.375000 0.500000
vt 0.437500 0.500000
vt 0.437500 0.450000
vt 0.375000 0.450000
vt 0.500000 0.500000
vt 0.500000 0.450000
vt 0.562500 0.500000
vt 0.562500 0.450000
vt 0.625000 0.500000
vt 0.625000 0.450000
vt 0.437500 0.400000
vt 0.375000 0.400000
vt 0.500000 0.400000
vt 0.562500 0.400000
vt 0.625000 0.400000
vt 0.437500 0.350000
vt 0.375000 0.350000
vt 0.500000 0.350000
vt 0.562500 0.350000
vt 0.625000 0.350000
vt 0.437500 0.300000
vt 0.375000 0.300000
vt 0.500000 0.300000
vt 0.562500 0.300000
vt 0.625000 0.300000
vt 0.375000 0.266141
vt 0.437500 0.266141
vt 0.437500 0.250000
vt 0.375000 0.250000
vt 0.500000 0.266141
vt 0.500000 0.250000
vt 0.562500 0.266141
vt 0.562500 0.250000
vt 0.625000 0.266141
vt 0.625000 0.250000
vt 0.375000 0.061101
vt 0.437500 0.061101
vt 0.437500 0.000000
vt 0.375000 0.000000
vt 0.500000 0.061101
vt 0.500000 0.000000
vt 0.562500 0.061101
vt 0.562500 0.000000
vt 0.625000 0.061101
vt 0.625000 0.000000
vt 0.686101 1.000000
vt 0.686101 0.983859
vt 0.686101 0.950000
vt 0.686101 0.900000
vt 0.686101 0.850000
vt 0.686101 0.800000
vt 0.686101 0.750000
vt 0.313899 1.000000
vt 0.313899 0.983859
vt 0.313899 0.950000
vt 0.313899 0.900000
vt 0.313899 0.850000
vt 0.313899 0.800000
vt 0.313899 0.750000
vt 0.375000 0.965087
vt 0.437500 0.965087
vt 0.313899 0.965087
vt 0.437500 0.284913
vt 0.375000 0.284913
vt 0.500000 0.284913
vt 0.562500 0.284913
vt 0.625000 0.284913
vt 0.625000 0.965087
vt 0.686101 0.965087
vt 0.562500 0.965087
vt 0.500000 0.965087
vt 0.625000 0.557628
vt 0.562500 0.557628
vt 0.500000 0.557628
vt 0.437500 0.557628
vt 0.375000 0.557628
vt 0.182628 0.800000
vt 0.182628 0.750000
vt 0.182628 0.850000
vt 0.182628 0.900000
vt 0.182628 0.950000
vt 0.182628 0.965087
vt 0.182628 0.983859
vt 0.182628 1.000000
vt 0.375000 0.192372
vt 0.437500 0.192372
vt 0.500000 0.192372
vt 0.562500 0.192372
vt 0.625000 0.192372
vt 0.817372 1.000000
vt 0.817372 0.983859
vt 0.817372 0.965087
vt 0.817372 0.950000
vt 0.817372 0.900000
vt 0.817372 0.850000
vt 0.817372 0.800000
vt 0.817372 0.750000
vt 0.125000 0.800000
vt 0.125000 0.750000
vt 0.125000 0.850000
vt 0.125000 0.900000
vt 0.125000 0.950000
vt 0.125000 0.965087
vt 0.125000 0.983859
vt 0.125000 1.000000
vt 0.875000 1.000000
vt 0.875000 0.983859
vt 0.875000 0.965087
vt 0.875000 0.950000
vt 0.875000 0.900000
vt 0.875000 0.850000
vt 0.875000 0.800000
vt 0.875000 0.750000
s 1
usemtl lambert2
f 1454/1251/1302 1456/1253/1304 1455/1252/1303
f 1454/1251/1302 1457/1254/1305 1456/1253/1304
f 1455/1252/1303 1459/1256/1307 1458/1255/1306
f 1455/1252/1303 1456/1253/1304 1459/1256/1307
f 1458/1255/1306 1461/1258/1309 1460/1257/1308
f 1458/1255/1306 1459/1256/1307 1461/1258/1309
f 1460/1257/1308 1463/1260/1311 1462/1259/1310
f 1460/1257/1308 1461/1258/1309 1463/1260/1311
f 1464/1261/1312 1466/1263/1314 1465/1262/1313
f 1464/1261/1312 1467/1264/1315 1466/1263/1314
f 1465/1262/1313 1469/1266/1316 1468/1265/1316
f 1465/1262/1313 1466/1263/1314 1469/1266/1316
f 1468/1265/1316 1471/1268/1318 1470/1267/1317
f 1468/1265/1316 1469/1266/1316 1471/1268/1318
f 1470/1267/1317 1473/1270/1320 1472/1269/1319
f 1470/1267/1317 1471/1268/1318 1473/1270/1320
f 1467/1264/1315 1474/1271/1321 1466/1263/1314
f 1467/1264/1315 1475/1272/1322 1474/1271/1321
f 1466/1263/1314 1476/1273/1316 1469/1266/1316
f 1466/1263/1314 1474/1271/1321 1476/1273/1316
f 1469/1266/1316 1477/1274/1323 1471/1268/1318
f 1469/1266/1316 1476/1273/1316 1477/1274/1323
f 1471/1268/1318 1478/1275/1324 1473/1270/1320
f 1471/1268/1318 1477/1274/1323 1478/1275/1324
f 1475/1272/1322 1479/1276/1325 1474/1271/1321
f 1475/1272/1322 1480/1277/1326 1479/1276/1325
f 1474/1271/1321 1481/1278/1327 1476/1273/1316
f 1474/1271/1321 1479/1276/1325 1481/1278/1327
f 1476/1273/1316 1482/1279/1328 1477/1274/1323
f 1476/1273/1316 1481/1278/1327 1482/1279/1328
f 1477/1274/1323 1483/1280/1329 1478/1275/1324
f 1477/1274/1323 1482/1279/1328 1483/1280/1329
f 1480/1277/1326 1484/1281/1330 1479/1276/1325
f 1480/1277/1326 1485/1282/1331 1484/1281/1330
f 1479/1276/1325 1486/1283/1332 1481/1278/1327
f 1479/1276/1325 1484/1281/1330 1486/1283/1332
f 1481/1278/1327 1487/1284/1333 1482/1279/1328
f 1481/1278/1327 1486/1283/1332 1487/1284/1333
f 1482/1279/1328 1488/1285/1334 1483/1280/1329
f 1482/1279/1328 1487/1284/1333 1488/1285/1334
f 1489/1282/1335 1491/1286/1337 1490/1281/1336
f 1489/1282/1335 1492/1287/1338 1491/1286/1337
f 1490/1281/1336 1494/1288/1340 1493/1283/1339
f 1490/1281/1336 1491/1286/1337 1494/1288/1340
f 1493/1283/1339 1496/1289/1342 1495/1284/1341
f 1493/1283/1339 1494/1288/1340 1496/1289/1342
f 1495/1284/1341 1498/1290/1343 1497/1285/1341
f 1495/1284/1341 1496/1289/1342 1498/1290/1343
f 1499/1291/1344 1501/1293/1346 1500/1292/1345
f 1499/1291/1344 1502/1294/1347 1501/1293/1346
f 1500/1292/1345 1504/1296/1349 1503/1295/1348
f 1500/1292/1345 1501/1293/1346 1504/1296/1349
f 1503/1295/1348 1506/1298/1351 1505/1297/1350
f 1503/1295/1348 1504/1296/1349 1506/1298/1351
f 1505/1297/1350 1508/1300/1353 1507/1299/1352
f 1505/1297/1350 1506/1298/1351 1508/1300/1353
f 1502/1294/1347 1509/1301/1354 1501/1293/1346
f 1502/1294/1347 1510/1302/1355 1509/1301/1354
f 1501/1293/1346 1511/1303/1356 1504/1296/1349
f 1501/1293/1346 1509/1301/1354 1511/1303/1356
f 1504/1296/1349 1512/1304/1357 1506/1298/1351
f 1504/1296/1349 1511/1303/1356 1512/1304/1357
f 1506/1298/1351 1513/1305/1358 1508/1300/1353
f 1506/1298/1351 1512/1304/1357 1513/1305/1358
f 1510/1302/1355 1514/1306/1359 1509/1301/1354
f 1510/1302/1355 1515/1307/1360 1514/1306/1359
f 1509/1301/1354 1516/1308/1356 1511/1303/1356
f 1509/1301/1354 1514/1306/1359 1516/1308/1356
f 1511/1303/1356 1517/1309/1361 1512/1304/1357
f 1511/1303/1356 1516/1308/1356 1517/1309/1361
f 1512/1304/1357 1518/1310/1362 1513/1305/1358
f 1512/1304/1357 1517/1309/1361 1518/1310/1362
f 1515/1307/1360 1519/1311/1363 1514/1306/1359
f 1515/1307/1360 1520/1312/1364 1519/1311/1363
f 1514/1306/1359 1521/1313/1356 1516/1308/1356
f 1514/1306/1359 1519/1311/1363 1521/1313/1356
f 1516/1308/1356 1522/1314/1365 1517/1309/1361
f 1516/1308/1356 1521/1313/1356 1522/1314/1365
f 1517/1309/1361 1523/1315/1366 1518/1310/1362
f 1517/1309/1361 1522/1314/1365 1523/1315/1366
f 1524/1316/1367 1526/1318/1369 1525/1317/1368
f 1524/1316/1367 1527/1319/1370 1526/1318/1369
f 1525/1317/1368 1529/1321/1372 1528/1320/1371
f 1525/1317/1368 1526/1318/1369 1529/1321/1372
f 1528/1320/1371 1531/1323/1374 1530/1322/1373
f 1528/1320/1371 1529/1321/1372 1531/1323/1374
f 1530/1322/1373 1533/1325/1376 1532/1324/1375
f 1530/1322/1373 1531/1323/1374 1533/1325/1376
f 1534/1326/1377 1536/1328/1379 1535/1327/1378
f 1534/1326/1377 1537/1329/1380 1536/1328/1379
f 1535/1327/1378 1539/1331/1382 1538/1330/1381
f 1535/1327/1378 1536/1328/1379 1539/1331/1382
f 1538/1330/1381 1541/1333/1384 1540/1332/1383
f 1538/1330/1381 1539/1331/1382 1541/1333/1384
f 1540/1332/1383 1543/1335/1386 1542/1334/1385
f 1540/1332/1383 1541/1333/1384 1543/1335/1386
f 1544/1259/1387 1546/1337/1389 1545/1336/1388
f 1544/1259/1387 1547/1260/1390 1546/1337/1389
f 1548/1269/1391 1550/1339/1393 1549/1338/1392
f 1548/1269/1391 1551/1270/1394 1550/1339/1393
f 1551/1270/1394 1552/1340/1395 1550/1339/1393
f 1551/1270/1394 1553/1275/1396 1552/1340/1395
f 1553/1275/1396 1554/1341/1397 1552/1340/1395
f 1553/1275/1396 1555/1280/1398 1554/1341/1397
f 1555/1280/1398 1556/1342/1399 1554/1341/1397
f 1555/1280/1398 1557/1285/1400 1556/1342/1399
f 1558/1343/1401 1560/1254/1403 1559/1251/1402
f 1558/1343/1401 1561/1344/1404 1560/1254/1403
f 1562/1345/1405 1564/1264/1407 1563/1261/1406
f 1562/1345/1405 1565/1346/1408 1564/1264/1407
f 1565/1346/1408 1566/1272/1409 1564/1264/1407
f 1565/1346/1408 1567/1347/1410 1566/1272/1409
f 1567/1347/1410 1568/1277/1411 1566/1272/1409
f 1567/1347/1410 1569/1348/1412 1568/1277/1411
f 1569/1348/1412 1570/1282/1413 1568/1277/1411
f 1569/1348/1412 1571/1349/1414 1570/1282/1413
f 1572/1350/1415 1465/1262/1313 1573/1351/1416
f 1572/1350/1415 1464/1261/1312 1465/1262/1313
f 1574/1352/1417 1563/1261/1406 1575/1350/1418
f 1574/1352/1417 1562/1345/1405 1563/1261/1406
f 1520/1312/1364 1576/1353/1419 1519/1311/1363
f 1520/1312/1364 1577/1354/1420 1576/1353/1419
f 1519/1311/1363 1578/1355/1356 1521/1313/1356
f 1519/1311/1363 1576/1353/1419 1578/1355/1356
f 1521/1313/1356 1579/1356/1421 1522/1314/1365
f 1521/1313/1356 1578/1355/1356 1579/1356/1421
f 1522/1314/1365 1580/1357/1422 1523/1315/1366
f 1522/1314/1365 1579/1356/1421 1580/1357/1422
f 1581/1358/1423 1549/1338/1392 1582/1359/1424
f 1581/1358/1423 1548/1269/1391 1549/1338/1392
f 1583/1360/1425 1472/1269/1319 1584/1358/1426
f 1583/1360/1425 1470/1267/1317 1472/1269/1319
f 1585/1361/1316 1470/1267/1317 1583/1360/1425
f 1585/1361/1316 1468/1265/1316 1470/1267/1317
f 1573/1351/1416 1468/1265/1316 1585/1361/1316
f 1573/1351/1416 1465/1262/1313 1468/1265/1316
f 1457/1254/1305 1573/1351/1416 1456/1253/1304
f 1457/1254/1305 1572/1350/1415 1573/1351/1416
f 1561/1344/1404 1575/1350/1418 1560/1254/1403
f 1561/1344/1404 1574/1352/1417 1575/1350/1418
f 1577/1354/1420 1525/1317/1368 1576/1353/1419
f 1577/1354/1420 1524/1316/1367 1525/1317/1368
f 1576/1353/1419 1528/1320/1371 1578/1355/1356
f 1576/1353/1419 1525/1317/1368 1528/1320/1371
f 1578/1355/1356 1530/1322/1373 1579/1356/1421
f 1578/1355/1356 1528/1320/1371 1530/1322/1373
f 1579/1356/1421 1532/1324/1375 1580/1357/1422
f 1579/1356/1421 1530/1322/1373 1532/1324/1375
f 1547/1260/1390 1582/1359/1424 1546/1337/1389
f 1547/1260/1390 1581/1358/1423 1582/1359/1424
f 1461/1258/1309 1584/1358/1426 1463/1260/1311
f 1461/1258/1309 1583/1360/1425 1584/1358/1426
f 1459/1256/1307 1583/1360/1425 1461/1258/1309
f 1459/1256/1307 1585/1361/1316 1583/1360/1425
f 1456/1253/1304 1585/1361/1316 1459/1256/1307
f 1456/1253/1304 1573/1351/1416 1585/1361/1316
f 1496/1289/1342 1586/1362/1427 1498/1290/1343
f 1496/1289/1342 1587/1363/1428 1586/1362/1427
f 1494/1288/1340 1587/1363/1428 1496/1289/1342
f 1494/1288/1340 1588/1364/1429 1587/1363/1428
f 1491/1286/1337 1588/1364/1429 1494/1288/1340
f 1491/1286/1337 1589/1365/1430 1588/1364/1429
f 1492/1287/1338 1589/1365/1430 1491/1286/1337
f 1492/1287/1338 1590/1366/1431 1589/1365/1430
f 1591/1367/1432 1571/1349/1414 1569/1348/1412
f 1591/1367/1432 1592/1368/1433 1571/1349/1414
f 1593/1369/1434 1569/1348/1412 1567/1347/1410
f 1593/1369/1434 1591/1367/1432 1569/1348/1412
f 1594/1370/1435 1567/1347/1410 1565/1346/1408
f 1594/1370/1435 1593/1369/1434 1567/1347/1410
f 1595/1371/1436 1565/1346/1408 1562/1345/1405
f 1595/1371/1436 1594/1370/1435 1565/1346/1408
f 1596/1372/1437 1562/1345/1405 1574/1352/1417
f 1596/1372/1437 1595/1371/1436 1562/1345/1405
f 1597/1373/1438 1574/1352/1417 1561/1344/1404
f 1597/1373/1438 1596/1372/1437 1574/1352/1417
f 1598/1374/1439 1561/1344/1404 1558/1343/1401
f 1598/1374/1439 1597/1373/1438 1561/1344/1404
f 1599/1375/1440 1535/1327/1378 1600/1376/1441
f 1599/1375/1440 1534/1326/1377 1535/1327/1378
f 1600/1376/1441 1538/1330/1381 1601/1377/1442
f 1600/1376/1441 1535/1327/1378 1538/1330/1381
f 1601/1377/1442 1540/1332/1383 1602/1378/1443
f 1601/1377/1442 1538/1330/1381 1540/1332/1383
f 1602/1378/1443 1542/1334/1385 1603/1379/1444
f 1602/1378/1443 1540/1332/1383 1542/1334/1385
f 1546/1337/1389 1604/1380/1445 1545/1336/1388
f 1546/1337/1389 1605/1381/1446 1604/1380/1445
f 1582/1359/1424 1605/1381/1446 1546/1337/1389
f 1582/1359/1424 1606/1382/1447 1605/1381/1446
f 1549/1338/1392 1606/1382/1447 1582/1359/1424
f 1549/1338/1392 1607/1383/1448 1606/1382/1447
f 1550/1339/1393 1607/1383/1448 1549/1338/1392
f 1550/1339/1393 1608/1384/1449 1607/1383/1448
f 1552/1340/1395 1608/1384/1449 1550/1339/1393
f 1552/1340/1395 1609/1385/1450 1608/1384/1449
f 1554/1341/1397 1609/1385/1450 1552/1340/1395
f 1554/1341/1397 1610/1386/1451 1609/1385/1450
f 1556/1342/1399 1610/1386/1451 1554/1341/1397
f 1556/1342/1399 1611/1387/1452 1610/1386/1451
f 1587/1363/1428 1612/1299/1453 1586/1362/1427
f 1587/1363/1428 1613/1297/1453 1612/1299/1453
f 1588/1364/1429 1613/1297/1453 1587/1363/1428
f 1588/1364/1429 1614/1295/1454 1613/1297/1453
f 1589/1365/1430 1614/1295/1454 1588/1364/1429
f 1589/1365/1430 1615/1292/1455 1614/1295/1454
f 1590/1366/1431 1615/1292/1455 1589/1365/1430
f 1590/1366/1431 1616/1291/1456 1615/1292/1455
f 1617/1388/1457 1592/1368/1433 1591/1367/1432
f 1617/1388/1457 1618/1389/1458 1592/1368/1433
f 1619/1390/1459 1591/1367/1432 1593/1369/1434
f 1619/1390/1459 1617/1388/1457 1591/1367/1432
f 1620/1391/1460 1593/1369/1434 1594/1370/1435
f 1620/1391/1460 1619/1390/1459 1593/1369/1434
f 1621/1392/1461 1594/1370/1435 1595/1371/1436
f 1621/1392/1461 1620/1391/1460 1594/1370/1435
f 1622/1393/1462 1595/1371/1436 1596/1372/1437
f 1622/1393/1462 1621/1392/1461 1595/1371/1436
f 1623/1394/1463 1596/1372/1437 1597/1373/1438
f 1623/1394/1463 1622/1393/1462 1596/1372/1437
f 1624/1395/1464 1597/1373/1438 1598/1374/1439
f 1624/1395/1464 1623/1394/1463 1597/1373/1438
f 1625/1319/1465 1600/1376/1441 1626/1318/1466
f 1625/1319/1465 1599/1375/1440 1600/1376/1441
f 1626/1318/1466 1601/1377/1442 1627/1321/1467
f 1626/1318/1466 1600/1376/1441 1601/1377/1442
f 1627/1321/1467 1602/1378/1443 1628/1323/1468
f 1627/1321/1467 1601/1377/1442 1602/1378/1443
f 1628/1323/1468 1603/1379/1444 1629/1325/1469
f 1628/1323/1468 1602/1378/1443 1603/1379/1444
f 1605/1381/1446 1630/1396/1470 1604/1380/1445
f 1605/1381/1446 1631/1397/1471 1630/1396/1470
f 1606/1382/1447 1631/1397/1471 1605/1381/1446
f 1606/1382/1447 1632/1398/1472 1631/1397/1471
f 1607/1383/1448 1632/1398/1472 1606/1382/1447
f 1607/1383/1448 1633/1399/1473 1632/1398/1472
f 1608/1384/1449 1633/1399/1473 1607/1383/1448
f 1608/1384/1449 1634/1400/1474 1633/1399/1473
f 1609/1385/1450 1634/1400/1474 1608/1384/1449
f 1609/1385/1450 1635/1401/1475 1634/1400/1474
f 1610/1386/1451 1635/1401/1475 1609/1385/1450
f 1610/1386/1451 1636/1402/1476 1635/1401/1475
f 1611/1387/1452 1636/1402/1476 1610/1386/1451
f 1611/1387/1452 1637/1403/1477 1636/1402/1476
o pCube19_phong1_0
v 0.013792 0.005182 0.033786
v 0.025432 0.000736 0.033786
v 0.014463 0.012028 0.043667
v 0.003603 0.021965 0.036321
v 0.037072 -0.001170 0.033786
v 0.032259 0.006389 0.043667
v 0.048712 -0.001487 0.033786
v 0.047567 0.007805 0.043667
v 0.060352 -0.001170 0.033786
v 0.066079 0.009363 0.043667
v 0.071992 0.000101 0.033786
v 0.079813 0.012588 0.043667
v 0.085729 0.006135 0.033786
v 0.093221 0.021965 0.036321
v 0.012177 0.023830 0.043647
v 0.003603 0.034301 0.036305
v 0.027198 0.018537 0.043647
v 0.047730 0.018050 0.043647
v 0.066079 0.019781 0.043647
v 0.085200 0.026466 0.043647
v 0.095619 0.034301 0.036305
v 0.011198 0.038919 0.041937
v 0.003603 0.046636 0.034882
v 0.026055 0.031377 0.041937
v 0.047730 0.031063 0.041937
v 0.067712 0.035389 0.041937
v 0.087486 0.042074 0.041937
v 0.095763 0.046636 0.034882
v 0.014213 0.047043 0.037154
v 0.003548 0.052703 0.030904
v 0.031116 0.045601 0.037154
v 0.050179 0.047536 0.037154
v 0.071630 0.053073 0.037154
v 0.087976 0.056644 0.037154
v 0.096817 0.058972 0.030904
v 0.024676 0.053434 0.034971
v 0.013901 0.054947 0.029088
v 0.040911 0.055846 0.034971
v 0.057362 0.059857 0.034971
v 0.071140 0.065394 0.034971
v 0.087323 0.074501 0.033994
v 0.097417 0.071308 0.029088
v 0.030180 0.058914 0.033786
v 0.017986 0.055702 0.033786
v 0.048837 0.063760 0.033786
v 0.059201 0.067022 0.033786
v 0.068929 0.071106 0.033786
v 0.084462 0.083439 0.033786
v 0.096756 0.101112 0.028489
v 0.017986 0.055702 0.033786
v 0.030180 0.058914 0.033786
v 0.029508 0.058914 -0.032798
v 0.017986 0.055702 -0.032798
v 0.048837 0.063760 0.033786
v 0.048837 0.063760 -0.032798
v 0.059201 0.067022 0.033786
v 0.059201 0.067022 -0.032798
v 0.068929 0.071106 0.033786
v 0.068929 0.071106 -0.032798
v 0.084462 0.083439 0.033786
v 0.084462 0.083439 -0.032798
v 0.096756 0.101112 0.028489
v 0.096756 0.101112 -0.027502
v 0.017986 0.055702 -0.032798
v 0.029508 0.058914 -0.032798
v 0.019524 0.050585 -0.034985
v 0.013901 0.054947 -0.028240
v 0.048837 0.063760 -0.032798
v 0.040911 0.055846 -0.034985
v 0.059201 0.067022 -0.032798
v 0.057362 0.059857 -0.034985
v 0.068929 0.071106 -0.032798
v 0.071140 0.065394 -0.034985
v 0.084462 0.083439 -0.032798
v 0.087323 0.074501 -0.034985
v 0.096756 0.101112 -0.027502
v 0.097417 0.071308 -0.028240
v 0.011524 0.046568 -0.037168
v 0.003548 0.052703 -0.030002
v 0.031116 0.045601 -0.037168
v 0.050179 0.047536 -0.037168
v 0.071630 0.053073 -0.037168
v 0.087976 0.056644 -0.037168
v 0.096817 0.058972 -0.030002
v 0.011198 0.038919 -0.041951
v 0.003603 0.046636 -0.033862
v 0.026055 0.031377 -0.041951
v 0.047730 0.031063 -0.041951
v 0.067712 0.035389 -0.041951
v 0.087486 0.042074 -0.041951
v 0.095763 0.046636 -0.033862
v 0.012177 0.023830 -0.043661
v 0.003603 0.034301 -0.035243
v 0.027198 0.018537 -0.043661
v 0.047730 0.018050 -0.043661
v 0.066079 0.019781 -0.043661
v 0.085200 0.026466 -0.043661
v 0.095619 0.034301 -0.035243
v 0.014463 0.012028 -0.043681
v 0.003603 0.021965 -0.035259
v 0.032259 0.006389 -0.043681
v 0.047567 0.007805 -0.043681
v 0.066079 0.009363 -0.043681
v 0.079813 0.012588 -0.043681
v 0.093221 0.021965 -0.035259
v 0.025432 0.000736 -0.032798
v 0.013792 0.005182 -0.032798
v 0.037072 -0.001170 -0.032798
v 0.048712 -0.001487 -0.032798
v 0.060352 -0.001170 -0.032798
v 0.071992 0.000101 -0.032798
v 0.085729 0.006135 -0.032798
v 0.013792 0.005182 -0.032798
v 0.025432 0.000736 -0.032798
v 0.025432 0.000736 0.033786
v 0.013792 0.005182 0.033786
v 0.037072 -0.001170 -0.032798
v 0.037072 -0.001170 0.033786
v 0.048712 -0.001487 -0.032798
v 0.048712 -0.001487 0.033786
v 0.060352 -0.001170 -0.032798
v 0.060352 -0.001170 0.033786
v 0.071992 0.000101 -0.032798
v 0.071992 0.000101 0.033786
v 0.085729 0.006135 -0.032798
v 0.085729 0.006135 0.033786
v 0.085729 0.006135 0.033786
v 0.085729 0.006135 -0.032798
v 0.093221 0.021965 -0.035259
v 0.093221 0.021965 0.036321
v 0.095619 0.034301 -0.035243
v 0.095619 0.034301 0.036305
v 0.095763 0.046636 -0.033862
v 0.095763 0.046636 0.034882
v 0.096817 0.058972 -0.030002
v 0.096817 0.058972 0.030904
v 0.097417 0.071308 -0.028240
v 0.097417 0.071308 0.029088
v 0.096756 0.101112 -0.027502
v 0.096756 0.101112 0.028489
v 0.013792 0.005182 -0.032798
v 0.013792 0.005182 0.033786
v 0.003603 0.021965 0.036321
v 0.003603 0.021965 -0.035259
v 0.003603 0.034301 0.036305
v 0.003603 0.034301 -0.035243
v 0.003603 0.046636 0.034882
v 0.003603 0.046636 -0.033862
v 0.003548 0.052703 0.030904
v 0.003548 0.052703 -0.030002
v 0.013901 0.054947 0.029088
v 0.013901 0.054947 -0.028240
v 0.017986 0.055702 0.033786
v 0.017986 0.055702 -0.032798
vn -0.5773 -0.6523 0.4911
vn -0.2827 -0.7674 0.5755
vn -0.3608 -0.4100 0.8377
vn -0.6520 -0.2231 0.7247
vn -0.0548 -0.7716 0.6338
vn -0.0704 -0.4597 0.8853
vn 0.0385 -0.7303 0.6820
vn 0.0204 -0.3936 0.9190
vn 0.0694 -0.7032 0.7076
vn 0.0522 -0.3929 0.9181
vn 0.2359 -0.6605 0.7128
vn 0.2936 -0.3661 0.8831
vn 0.4971 -0.5596 0.6631
vn 0.5849 -0.2964 0.7550
vn -0.2690 0.0387 0.9624
vn -0.6268 0.0337 0.7785
vn 0.0106 0.0688 0.9976
vn -0.0046 0.0720 0.9974
vn -0.0155 0.0670 0.9976
vn 0.2402 0.0040 0.9707
vn 0.6004 -0.0254 0.7993
vn -0.1860 0.2472 0.9509
vn -0.3586 0.3991 0.8439
vn 0.0334 0.2214 0.9746
vn -0.0230 0.2122 0.9770
vn -0.0528 0.2047 0.9774
vn 0.1640 0.1931 0.9674
vn 0.5594 0.1648 0.8124
vn -0.0380 0.4927 0.8694
vn -0.1756 0.6352 0.7521
vn 0.0098 0.2965 0.9550
vn -0.0448 0.2619 0.9640
vn -0.0650 0.2437 0.9677
vn 0.1645 0.2263 0.9601
vn 0.5175 0.1716 0.8383
vn -0.0657 0.2971 0.9526
vn -0.1643 0.6746 0.7197
vn -0.0365 0.2201 0.9748
vn -0.0553 0.1926 0.9797
vn -0.0447 0.1607 0.9860
vn 0.2405 0.1046 0.9650
vn 0.4444 0.0957 0.8907
vn -0.0580 0.1925 0.9796
vn -0.2313 -0.1828 0.9556
vn -0.0498 0.1926 0.9800
vn -0.0656 0.1814 0.9812
vn -0.0418 0.1153 0.9924
vn 0.2863 0.0630 0.9561
vn 0.3849 0.0542 0.9214
vn -0.2615 0.9652 0.0013
vn -0.2522 0.9677 0.0015
vn -0.2527 0.9675 0.0013
vn -0.2662 0.9639 0.0008
vn -0.3435 0.9392 -0.0000
vn -0.3434 0.9392 -0.0000
vn -0.5449 0.8385 -0.0000
vn -0.7209 0.6930 -0.0000
vn -0.7208 0.6931 -0.0000
vn -0.8209 0.5710 -0.0000
vn -0.3346 0.2834 -0.8987
vn -0.1004 0.3433 -0.9339
vn -0.0938 0.4269 -0.8994
vn -0.1380 0.6971 -0.7036
vn -0.0887 0.3342 -0.9383
vn -0.0571 0.2796 -0.9584
vn -0.1157 0.3207 -0.9401
vn -0.0682 0.2337 -0.9699
vn -0.1481 0.2593 -0.9544
vn -0.0850 0.1908 -0.9779
vn 0.2820 0.1425 -0.9488
vn 0.2414 0.1461 -0.9594
vn 0.4169 0.1060 -0.9027
vn 0.5027 0.1063 -0.8579
vn -0.0589 0.5078 -0.8594
vn -0.1806 0.6750 -0.7154
vn 0.0020 0.3165 -0.9486
vn -0.0448 0.2619 -0.9640
vn -0.0687 0.2371 -0.9691
vn 0.2021 0.2072 -0.9572
vn 0.5956 0.1409 -0.7908
vn -0.2078 0.2461 -0.9467
vn -0.5025 0.3256 -0.8009
vn 0.0321 0.2264 -0.9735
vn -0.0230 0.2121 -0.9770
vn -0.0528 0.2047 -0.9774
vn 0.1970 0.1890 -0.9620
vn 0.6218 0.1464 -0.7694
vn -0.3087 0.0352 -0.9505
vn -0.6844 0.0248 -0.7287
vn 0.0106 0.0688 -0.9976
vn -0.0046 0.0721 -0.9974
vn -0.0155 0.0670 -0.9976
vn 0.2760 -0.0036 -0.9611
vn 0.6562 -0.0396 -0.7536
vn -0.3863 -0.4327 -0.8146
vn -0.6956 -0.2425 -0.6762
vn -0.0746 -0.4940 -0.8663
vn 0.0221 -0.4266 -0.9042
vn 0.0562 -0.4257 -0.9031
vn 0.3175 -0.3894 -0.8646
vn 0.6270 -0.3168 -0.7117
vn -0.2967 -0.7893 -0.5376
vn -0.5943 -0.6638 -0.4541
vn -0.0589 -0.8006 -0.5963
vn 0.0401 -0.7622 -0.6461
vn 0.0732 -0.7362 -0.6728
vn 0.2527 -0.6900 -0.6783
vn 0.5226 -0.5779 -0.6268
vn -0.3568 -0.9342 -0.0000
vn -0.2632 -0.9647 -0.0000
vn -0.0950 -0.9955 -0.0000
vn -0.0000 -1.0000 -0.0000
vn 0.0680 -0.9977 -0.0000
vn 0.2766 -0.9610 -0.0000
vn 0.4022 -0.9156 -0.0000
vn 0.9039 -0.4278 -0.0000
vn 0.9461 -0.3239 -0.0000
vn 0.9461 -0.3237 -0.0000
vn 0.9943 -0.1067 -0.0000
vn 0.9943 -0.1069 -0.0000
vn 0.9991 -0.0420 -0.0000
vn 0.9991 -0.0419 -0.0000
vn 0.9975 -0.0701 -0.0000
vn 0.9975 -0.0702 -0.0000
vn 1.0000 -0.0007 -0.0000
vn 0.9998 0.0222 -0.0000
vn -0.8548 -0.5190 -0.0000
vn -0.9490 -0.3153 -0.0000
vn -0.9489 -0.3156 -0.0000
vn -1.0000 -0.0000 -0.0000
vn -1.0000 -0.0020 -0.0000
vn -1.0000 -0.0019 -0.0000
vn -0.7702 0.6377 -0.0000
vn -0.7677 0.6408 -0.0000
vn -0.2009 0.9796 -0.0000
vn -0.2010 0.9796 -0.0000
vn -0.1817 0.9834 -0.0000
vt 0.375000 1.000000
vt 0.416667 1.000000
vt 0.416667 0.958333
vt 0.375000 0.958333
vt 0.458333 1.000000
vt 0.458333 0.958333
vt 0.500000 1.000000
vt 0.500000 0.958333
vt 0.541667 1.000000
vt 0.541667 0.958333
vt 0.583333 1.000000
vt 0.583333 0.958333
vt 0.625000 1.000000
vt 0.625000 0.958333
vt 0.416667 0.916667
vt 0.375000 0.916667
vt 0.458333 0.916667
vt 0.500000 0.916667
vt 0.541667 0.916667
vt 0.583333 0.916667
vt 0.625000 0.916667
vt 0.416667 0.875000
vt 0.375000 0.875000
vt 0.458333 0.875000
vt 0.500000 0.875000
vt 0.541667 0.875000
vt 0.583333 0.875000
vt 0.625000 0.875000
vt 0.416667 0.833333
vt 0.375000 0.833333
vt 0.458333 0.833333
vt 0.500000 0.833333
vt 0.541667 0.833333
vt 0.583333 0.833333
vt 0.625000 0.833333
vt 0.416667 0.791667
vt 0.375000 0.791667
vt 0.458333 0.791667
vt 0.500000 0.791667
vt 0.541667 0.791667
vt 0.583333 0.791667
vt 0.625000 0.791667
vt 0.416667 0.750000
vt 0.375000 0.750000
vt 0.458333 0.750000
vt 0.500000 0.750000
vt 0.541667 0.750000
vt 0.583333 0.750000
vt 0.625000 0.750000
vt 0.416667 0.500000
vt 0.375000 0.500000
vt 0.458333 0.500000
vt 0.500000 0.500000
vt 0.541667 0.500000
vt 0.583333 0.500000
vt 0.625000 0.500000
vt 0.416667 0.458333
vt 0.375000 0.458333
vt 0.458333 0.458333
vt 0.500000 0.458333
vt 0.541667 0.458333
vt 0.583333 0.458333
vt 0.625000 0.458333
vt 0.416667 0.416667
vt 0.375000 0.416667
vt 0.458333 0.416667
vt 0.500000 0.416667
vt 0.541667 0.416667
vt 0.583333 0.416667
vt 0.625000 0.416667
vt 0.416667 0.375000
vt 0.375000 0.375000
vt 0.458333 0.375000
vt 0.500000 0.375000
vt 0.541667 0.375000
vt 0.583333 0.375000
vt 0.625000 0.375000
vt 0.416667 0.333333
vt 0.375000 0.333333
vt 0.458333 0.333333
vt 0.500000 0.333333
vt 0.541667 0.333333
vt 0.583333 0.333333
vt 0.625000 0.333333
vt 0.416667 0.291667
vt 0.375000 0.291667
vt 0.458333 0.291667
vt 0.500000 0.291667
vt 0.541667 0.291667
vt 0.583333 0.291667
vt 0.625000 0.291667
vt 0.416667 0.250000
vt 0.375000 0.250000
vt 0.458333 0.250000
vt 0.500000 0.250000
vt 0.541667 0.250000
vt 0.583333 0.250000
vt 0.625000 0.250000
vt 0.416667 -0.000000
vt 0.375000 -0.000000
vt 0.458333 -0.000000
vt 0.500000 -0.000000
vt 0.541667 -0.000000
vt 0.583333 -0.000000
vt 0.625000 -0.000000
vt 0.875000 1.000000
vt 0.875000 0.958333
vt 0.875000 0.916667
vt 0.875000 0.875000
vt 0.875000 0.833333
vt 0.875000 0.791667
vt 0.875000 0.750000
vt 0.125000 1.000000
vt 0.125000 0.958333
vt 0.125000 0.916667
vt 0.125000 0.875000
vt 0.125000 0.833333
vt 0.125000 0.791667
vt 0.125000 0.750000
s 1
usemtl phong1
f 1638/1404/1478 1639/1405/1479 1640/1406/1480
f 1638/1404/1478 1640/1406/1480 1641/1407/1481
f 1639/1405/1479 1642/1408/1482 1643/1409/1483
f 1639/1405/1479 1643/1409/1483 1640/1406/1480
f 1642/1408/1482 1644/1410/1484 1645/1411/1485
f 1642/1408/1482 1645/1411/1485 1643/1409/1483
f 1644/1410/1484 1646/1412/1486 1647/1413/1487
f 1644/1410/1484 1647/1413/1487 1645/1411/1485
f 1646/1412/1486 1648/1414/1488 1649/1415/1489
f 1646/1412/1486 1649/1415/1489 1647/1413/1487
f 1648/1414/1488 1650/1416/1490 1651/1417/1491
f 1648/1414/1488 1651/1417/1491 1649/1415/1489
f 1641/1407/1481 1640/1406/1480 1652/1418/1492
f 1641/1407/1481 1652/1418/1492 1653/1419/1493
f 1640/1406/1480 1643/1409/1483 1654/1420/1494
f 1640/1406/1480 1654/1420/1494 1652/1418/1492
f 1643/1409/1483 1645/1411/1485 1655/1421/1495
f 1643/1409/1483 1655/1421/1495 1654/1420/1494
f 1645/1411/1485 1647/1413/1487 1656/1422/1496
f 1645/1411/1485 1656/1422/1496 1655/1421/1495
f 1647/1413/1487 1649/1415/1489 1657/1423/1497
f 1647/1413/1487 1657/1423/1497 1656/1422/1496
f 1649/1415/1489 1651/1417/1491 1658/1424/1498
f 1649/1415/1489 1658/1424/1498 1657/1423/1497
f 1653/1419/1493 1652/1418/1492 1659/1425/1499
f 1653/1419/1493 1659/1425/1499 1660/1426/1500
f 1652/1418/1492 1654/1420/1494 1661/1427/1501
f 1652/1418/1492 1661/1427/1501 1659/1425/1499
f 1654/1420/1494 1655/1421/1495 1662/1428/1502
f 1654/1420/1494 1662/1428/1502 1661/1427/1501
f 1655/1421/1495 1656/1422/1496 1663/1429/1503
f 1655/1421/1495 1663/1429/1503 1662/1428/1502
f 1656/1422/1496 1657/1423/1497 1664/1430/1504
f 1656/1422/1496 1664/1430/1504 1663/1429/1503
f 1657/1423/1497 1658/1424/1498 1665/1431/1505
f 1657/1423/1497 1665/1431/1505 1664/1430/1504
f 1660/1426/1500 1659/1425/1499 1666/1432/1506
f 1660/1426/1500 1666/1432/1506 1667/1433/1507
f 1659/1425/1499 1661/1427/1501 1668/1434/1508
f 1659/1425/1499 1668/1434/1508 1666/1432/1506
f 1661/1427/1501 1662/1428/1502 1669/1435/1509
f 1661/1427/1501 1669/1435/1509 1668/1434/1508
f 1662/1428/1502 1663/1429/1503 1670/1436/1510
f 1662/1428/1502 1670/1436/1510 1669/1435/1509
f 1663/1429/1503 1664/1430/1504 1671/1437/1511
f 1663/1429/1503 1671/1437/1511 1670/1436/1510
f 1664/1430/1504 1665/1431/1505 1672/1438/1512
f 1664/1430/1504 1672/1438/1512 1671/1437/1511
f 1667/1433/1507 1666/1432/1506 1673/1439/1513
f 1667/1433/1507 1673/1439/1513 1674/1440/1514
f 1666/1432/1506 1668/1434/1508 1675/1441/1515
f 1666/1432/1506 1675/1441/1515 1673/1439/1513
f 1668/1434/1508 1669/1435/1509 1676/1442/1516
f 1668/1434/1508 1676/1442/1516 1675/1441/1515
f 1669/1435/1509 1670/1436/1510 1677/1443/1517
f 1669/1435/1509 1677/1443/1517 1676/1442/1516
f 1670/1436/1510 1671/1437/1511 1678/1444/1518
f 1670/1436/1510 1678/1444/1518 1677/1443/1517
f 1671/1437/1511 1672/1438/1512 1679/1445/1519
f 1671/1437/1511 1679/1445/1519 1678/1444/1518
f 1674/1440/1514 1673/1439/1513 1680/1446/1520
f 1674/1440/1514 1680/1446/1520 1681/1447/1521
f 1673/1439/1513 1675/1441/1515 1682/1448/1522
f 1673/1439/1513 1682/1448/1522 1680/1446/1520
f 1675/1441/1515 1676/1442/1516 1683/1449/1523
f 1675/1441/1515 1683/1449/1523 1682/1448/1522
f 1676/1442/1516 1677/1443/1517 1684/1450/1524
f 1676/1442/1516 1684/1450/1524 1683/1449/1523
f 1677/1443/1517 1678/1444/1518 1685/1451/1525
f 1677/1443/1517 1685/1451/1525 1684/1450/1524
f 1678/1444/1518 1679/1445/1519 1686/1452/1526
f 1678/1444/1518 1686/1452/1526 1685/1451/1525
f 1687/1447/1527 1688/1446/1528 1689/1453/1529
f 1687/1447/1527 1689/1453/1529 1690/1454/1527
f 1688/1446/1528 1691/1448/1530 1692/1455/1530
f 1688/1446/1528 1692/1455/1530 1689/1453/1529
f 1691/1448/1530 1693/1449/1531 1694/1456/1532
f 1691/1448/1530 1694/1456/1532 1692/1455/1530
f 1693/1449/1531 1695/1450/1533 1696/1457/1533
f 1693/1449/1531 1696/1457/1533 1694/1456/1532
f 1695/1450/1533 1697/1451/1534 1698/1458/1535
f 1695/1450/1533 1698/1458/1535 1696/1457/1533
f 1697/1451/1534 1699/1452/1536 1700/1459/1536
f 1697/1451/1534 1700/1459/1536 1698/1458/1535
f 1701/1454/1537 1702/1453/1538 1703/1460/1539
f 1701/1454/1537 1703/1460/1539 1704/1461/1540
f 1702/1453/1538 1705/1455/1541 1706/1462/1542
f 1702/1453/1538 1706/1462/1542 1703/1460/1539
f 1705/1455/1541 1707/1456/1543 1708/1463/1544
f 1705/1455/1541 1708/1463/1544 1706/1462/1542
f 1707/1456/1543 1709/1457/1545 1710/1464/1546
f 1707/1456/1543 1710/1464/1546 1708/1463/1544
f 1709/1457/1545 1711/1458/1547 1712/1465/1548
f 1709/1457/1545 1712/1465/1548 1710/1464/1546
f 1711/1458/1547 1713/1459/1549 1714/1466/1550
f 1711/1458/1547 1714/1466/1550 1712/1465/1548
f 1704/1461/1540 1703/1460/1539 1715/1467/1551
f 1704/1461/1540 1715/1467/1551 1716/1468/1552
f 1703/1460/1539 1706/1462/1542 1717/1469/1553
f 1703/1460/1539 1717/1469/1553 1715/1467/1551
f 1706/1462/1542 1708/1463/1544 1718/1470/1554
f 1706/1462/1542 1718/1470/1554 1717/1469/1553
f 1708/1463/1544 1710/1464/1546 1719/1471/1555
f 1708/1463/1544 1719/1471/1555 1718/1470/1554
f 1710/1464/1546 1712/1465/1548 1720/1472/1556
f 1710/1464/1546 1720/1472/1556 1719/1471/1555
f 1712/1465/1548 1714/1466/1550 1721/1473/1557
f 1712/1465/1548 1721/1473/1557 1720/1472/1556
f 1716/1468/1552 1715/1467/1551 1722/1474/1558
f 1716/1468/1552 1722/1474/1558 1723/1475/1559
f 1715/1467/1551 1717/1469/1553 1724/1476/1560
f 1715/1467/1551 1724/1476/1560 1722/1474/1558
f 1717/1469/1553 1718/1470/1554 1725/1477/1561
f 1717/1469/1553 1725/1477/1561 1724/1476/1560
f 1718/1470/1554 1719/1471/1555 1726/1478/1562
f 1718/1470/1554 1726/1478/1562 1725/1477/1561
f 1719/1471/1555 1720/1472/1556 1727/1479/1563
f 1719/1471/1555 1727/1479/1563 1726/1478/1562
f 1720/1472/1556 1721/1473/1557 1728/1480/1564
f 1720/1472/1556 1728/1480/1564 1727/1479/1563
f 1723/1475/1559 1722/1474/1558 1729/1481/1565
f 1723/1475/1559 1729/1481/1565 1730/1482/1566
f 1722/1474/1558 1724/1476/1560 1731/1483/1567
f 1722/1474/1558 1731/1483/1567 1729/1481/1565
f 1724/1476/1560 1725/1477/1561 1732/1484/1568
f 1724/1476/1560 1732/1484/1568 1731/1483/1567
f 1725/1477/1561 1726/1478/1562 1733/1485/1569
f 1725/1477/1561 1733/1485/1569 1732/1484/1568
f 1726/1478/1562 1727/1479/1563 1734/1486/1570
f 1726/1478/1562 1734/1486/1570 1733/1485/1569
f 1727/1479/1563 1728/1480/1564 1735/1487/1571
f 1727/1479/1563 1735/1487/1571 1734/1486/1570
f 1730/1482/1566 1729/1481/1565 1736/1488/1572
f 1730/1482/1566 1736/1488/1572 1737/1489/1573
f 1729/1481/1565 1731/1483/1567 1738/1490/1574
f 1729/1481/1565 1738/1490/1574 1736/1488/1572
f 1731/1483/1567 1732/1484/1568 1739/1491/1575
f 1731/1483/1567 1739/1491/1575 1738/1490/1574
f 1732/1484/1568 1733/1485/1569 1740/1492/1576
f 1732/1484/1568 1740/1492/1576 1739/1491/1575
f 1733/1485/1569 1734/1486/1570 1741/1493/1577
f 1733/1485/1569 1741/1493/1577 1740/1492/1576
f 1734/1486/1570 1735/1487/1571 1742/1494/1578
f 1734/1486/1570 1742/1494/1578 1741/1493/1577
f 1737/1489/1573 1736/1488/1572 1743/1495/1579
f 1737/1489/1573 1743/1495/1579 1744/1496/1580
f 1736/1488/1572 1738/1490/1574 1745/1497/1581
f 1736/1488/1572 1745/1497/1581 1743/1495/1579
f 1738/1490/1574 1739/1491/1575 1746/1498/1582
f 1738/1490/1574 1746/1498/1582 1745/1497/1581
f 1739/1491/1575 1740/1492/1576 1747/1499/1583
f 1739/1491/1575 1747/1499/1583 1746/1498/1582
f 1740/1492/1576 1741/1493/1577 1748/1500/1584
f 1740/1492/1576 1748/1500/1584 1747/1499/1583
f 1741/1493/1577 1742/1494/1578 1749/1501/1585
f 1741/1493/1577 1749/1501/1585 1748/1500/1584
f 1750/1496/1586 1751/1495/1587 1752/1502/1587
f 1750/1496/1586 1752/1502/1587 1753/1503/1586
f 1751/1495/1587 1754/1497/1588 1755/1504/1588
f 1751/1495/1587 1755/1504/1588 1752/1502/1587
f 1754/1497/1588 1756/1498/1589 1757/1505/1589
f 1754/1497/1588 1757/1505/1589 1755/1504/1588
f 1756/1498/1589 1758/1499/1590 1759/1506/1590
f 1756/1498/1589 1759/1506/1590 1757/1505/1589
f 1758/1499/1590 1760/1500/1591 1761/1507/1591
f 1758/1499/1590 1761/1507/1591 1759/1506/1590
f 1760/1500/1591 1762/1501/1592 1763/1508/1592
f 1760/1500/1591 1763/1508/1592 1761/1507/1591
f 1764/1416/1593 1765/1509/1593 1766/1510/1594
f 1764/1416/1593 1766/1510/1594 1767/1417/1595
f 1767/1417/1595 1766/1510/1594 1768/1511/1596
f 1767/1417/1595 1768/1511/1596 1769/1424/1597
f 1769/1424/1597 1768/1511/1596 1770/1512/1598
f 1769/1424/1597 1770/1512/1598 1771/1431/1599
f 1771/1431/1599 1770/1512/1598 1772/1513/1600
f 1771/1431/1599 1772/1513/1600 1773/1438/1601
f 1773/1438/1601 1772/1513/1600 1774/1514/1602
f 1773/1438/1601 1774/1514/1602 1775/1445/1602
f 1775/1445/1602 1774/1514/1602 1776/1515/1603
f 1775/1445/1602 1776/1515/1603 1777/1452/1603
f 1778/1516/1604 1779/1404/1604 1780/1407/1605
f 1778/1516/1604 1780/1407/1605 1781/1517/1606
f 1781/1517/1606 1780/1407/1605 1782/1419/1607
f 1781/1517/1606 1782/1419/1607 1783/1518/1607
f 1783/1518/1607 1782/1419/1607 1784/1426/1608
f 1783/1518/1607 1784/1426/1608 1785/1519/1609
f 1785/1519/1609 1784/1426/1608 1786/1433/1610
f 1785/1519/1609 1786/1433/1610 1787/1520/1611
f 1787/1520/1611 1786/1433/1610 1788/1440/1612
f 1787/1520/1611 1788/1440/1612 1789/1521/1613
f 1789/1521/1613 1788/1440/1612 1790/1447/1614
f 1789/1521/1613 1790/1447/1614 1791/1522/1614
o pSphere1_lambert2_0
v 0.047124 0.219567 -0.010330
v 0.055397 0.219567 -0.005431
v 0.000000 0.217303 0.000000
v 0.034237 0.219567 -0.014218
v 0.000000 0.217303 0.000000
v 0.018000 0.219567 -0.016714
v 0.000000 0.217303 0.000000
v 0.000000 0.219567 -0.017575
v 0.000000 0.217303 0.000000
v -0.018000 0.219567 -0.016714
v 0.000000 0.217303 0.000000
v -0.034237 0.219567 -0.014218
v 0.000000 0.217303 0.000000
v -0.047124 0.219567 -0.010330
v 0.000000 0.217303 0.000000
v -0.055397 0.219567 -0.005431
v 0.000000 0.217303 0.000000
v -0.058248 0.219567 0.000000
v 0.000000 0.217303 0.000000
v -0.055397 0.219567 0.005431
v 0.000000 0.217303 0.000000
v -0.047124 0.219567 0.010330
v 0.000000 0.217303 0.000000
v 0.000000 0.219567 0.017575
v -0.018000 0.219567 0.016714
v 0.000000 0.217303 0.000000
v 0.018000 0.219567 0.016714
v 0.000000 0.217303 0.000000
v 0.055397 0.219567 0.005431
v 0.047124 0.219567 0.010330
v 0.000000 0.217303 0.000000
v 0.058248 0.219567 0.000000
v 0.000000 0.217303 0.000000
v 0.055397 0.219567 -0.005431
v 0.000000 0.217303 0.000000
v 0.022637 0.458940 -0.005431
v 0.019256 0.458940 -0.010330
v 0.000000 0.460432 0.000000
v 0.013990 0.458940 -0.014218
v 0.000000 0.460432 0.000000
v 0.007355 0.458940 -0.016714
v 0.000000 0.460432 0.000000
v 0.000000 0.458940 -0.017575
v 0.000000 0.460432 0.000000
v -0.007355 0.458940 -0.016714
v 0.000000 0.460432 0.000000
v -0.013990 0.458940 -0.014218
v 0.000000 0.460432 0.000000
v -0.019256 0.458940 -0.010330
v 0.000000 0.460432 0.000000
v -0.022637 0.458940 -0.005431
v 0.000000 0.460432 0.000000
v -0.023802 0.458940 0.000000
v 0.000000 0.460432 0.000000
v -0.022637 0.458940 0.005431
v 0.000000 0.460432 0.000000
v -0.019256 0.458940 0.010330
v 0.000000 0.460432 0.000000
v -0.007355 0.458940 0.016714
v -0.000000 0.458940 0.017575
v 0.000000 0.460432 0.000000
v 0.007355 0.458940 0.016714
v 0.000000 0.460432 0.000000
v 0.019256 0.458940 0.010330
v 0.022637 0.458940 0.005431
v 0.000000 0.460432 0.000000
v 0.023802 0.458940 0.000000
v 0.000000 0.460432 0.000000
v 0.022637 0.458940 -0.005431
v 0.000000 0.460432 0.000000
v 0.066374 0.224006 -0.020406
v 0.078027 0.224006 -0.010728
v 0.048224 0.224006 -0.028086
v 0.025353 0.224006 -0.033017
v 0.000000 0.224006 -0.034716
v -0.025353 0.224006 -0.033017
v -0.048224 0.224006 -0.028086
v -0.066374 0.224006 -0.020406
v -0.078027 0.224006 -0.010728
v -0.082043 0.224006 0.000000
v -0.078027 0.224006 0.010728
v -0.066374 0.224006 0.020406
v -0.041161 0.219567 0.012129
v -0.057975 0.224006 0.023960
v -0.034237 0.219567 0.014218
v -0.026388 0.219567 0.015425
v -0.037167 0.224006 0.030470
v -0.048224 0.224006 0.028086
v 0.000000 0.224006 0.034716
v -0.025353 0.224006 0.033017
v 0.025353 0.224006 0.033017
v 0.026388 0.219567 0.015425
v 0.037167 0.224006 0.030470
v 0.034237 0.219567 0.014218
v 0.041161 0.219567 0.012129
v 0.057975 0.224006 0.023960
v 0.048224 0.224006 0.028086
v 0.078027 0.224006 0.010728
v 0.066374 0.224006 0.020406
v 0.082043 0.224006 0.000000
v 0.078027 0.224006 -0.010728
v 0.079243 0.231283 -0.035446
v 0.093156 0.231283 -0.018635
v 0.057573 0.231283 -0.048787
v 0.030268 0.231283 -0.057353
v 0.000000 0.231283 -0.060304
v -0.030268 0.231283 -0.057353
v -0.057573 0.231283 -0.048787
v -0.079243 0.231283 -0.035446
v -0.093155 0.231283 -0.018635
v -0.097949 0.231283 0.000000
v -0.093155 0.231283 0.018635
v -0.079243 0.231283 0.035446
v -0.069215 0.231283 0.041620
v -0.044373 0.231283 0.052928
v -0.057573 0.231283 0.048787
v 0.000000 0.231283 0.060304
v -0.030268 0.231283 0.057353
v 0.030268 0.231283 0.057353
v 0.044373 0.231283 0.052928
v 0.069215 0.231283 0.041620
v 0.057573 0.231283 0.048787
v 0.093155 0.231283 0.018635
v 0.079243 0.231283 0.035446
v 0.097949 0.231283 0.000000
v 0.093156 0.231283 -0.018635
v 0.093375 0.241218 -0.047139
v 0.109769 0.241218 -0.024783
v 0.067841 0.241218 -0.064882
v 0.035666 0.241218 -0.076273
v 0.000000 0.241218 -0.080198
v -0.035666 0.241218 -0.076273
v -0.067841 0.241218 -0.064882
v -0.093375 0.241218 -0.047139
v -0.109769 0.241218 -0.024783
v -0.115418 0.241218 0.000000
v -0.109769 0.241218 0.024783
v -0.093375 0.241218 0.047139
v -0.081559 0.241218 0.055349
v -0.052287 0.241218 0.070389
v -0.067841 0.241218 0.064882
v -0.000000 0.241218 0.080198
v -0.035666 0.241218 0.076273
v 0.035666 0.241218 0.076273
v 0.052287 0.241218 0.070389
v 0.081559 0.241218 0.055349
v 0.067841 0.241218 0.064882
v 0.109769 0.241218 0.024783
v 0.093375 0.241218 0.047139
v 0.115418 0.241218 0.000000
v 0.109769 0.241218 -0.024783
v 0.106777 0.253567 -0.057205
v 0.125524 0.253567 -0.030074
v 0.077578 0.253567 -0.078736
v 0.040785 0.253567 -0.092559
v 0.000000 0.253567 -0.097323
v -0.040785 0.253567 -0.092559
v -0.077578 0.253567 -0.078736
v -0.106777 0.253567 -0.057205
v -0.125524 0.253567 -0.030074
v -0.131984 0.253567 0.000000
v -0.125524 0.253567 0.030074
v -0.106777 0.253567 0.057205
v -0.093266 0.253567 0.067168
v -0.059792 0.253567 0.085418
v -0.077578 0.253567 0.078736
v -0.000000 0.253567 0.097323
v -0.040785 0.253567 0.092559
v 0.040785 0.253567 0.092559
v 0.059792 0.253567 0.085418
v 0.093266 0.253567 0.067168
v 0.077578 0.253567 0.078736
v 0.125524 0.253567 0.030074
v 0.106777 0.253567 0.057205
v 0.131984 0.253567 0.000000
v 0.125524 0.253567 -0.030074
v 0.117258 0.268027 -0.063158
v 0.137845 0.268027 -0.033204
v 0.085193 0.268027 -0.086930
v 0.044788 0.268027 -0.102193
v 0.000000 0.268027 -0.107452
v -0.044788 0.268027 -0.102193
v -0.085193 0.268027 -0.086930
v -0.117258 0.268027 -0.063158
v -0.137845 0.268027 -0.033204
v -0.144938 0.268027 0.000000
v -0.137845 0.268027 0.033204
v -0.117258 0.268027 0.063158
v -0.102420 0.268027 0.074159
v -0.065660 0.268027 0.094308
v -0.085193 0.268027 0.086930
v -0.000000 0.268027 0.107452
v -0.044788 0.268027 0.102192
v 0.044788 0.268027 0.102192
v 0.065660 0.268027 0.094308
v 0.102420 0.268027 0.074159
v 0.085193 0.268027 0.086930
v 0.137845 0.268027 0.033204
v 0.117258 0.268027 0.063158
v 0.144938 0.268027 0.000000
v 0.137845 0.268027 -0.033204
v 0.126270 0.284240 -0.065632
v 0.148439 0.284240 -0.034505
v 0.091740 0.284240 -0.090335
v 0.048231 0.284240 -0.106196
v 0.000000 0.284240 -0.111661
v -0.048231 0.284240 -0.106196
v -0.091740 0.284240 -0.090335
v -0.126270 0.284240 -0.065632
v -0.148439 0.284240 -0.034505
v -0.156078 0.284240 0.000000
v -0.148439 0.284240 0.034505
v -0.126270 0.284240 0.065632
v -0.110291 0.284240 0.077063
v -0.070707 0.284240 0.098003
v -0.091740 0.284240 0.090335
v -0.000000 0.284240 0.111661
v -0.048231 0.284240 0.106196
v 0.048231 0.284240 0.106196
v 0.070707 0.284240 0.098003
v 0.110291 0.284240 0.077063
v 0.091740 0.284240 0.090335
v 0.148439 0.284240 0.034505
v 0.126270 0.284240 0.065632
v 0.156078 0.284240 0.000000
v 0.148439 0.284240 -0.034505
v 0.122440 0.301807 -0.070500
v 0.143937 0.301807 -0.040033
v 0.088958 0.301807 -0.094679
v 0.046768 0.301807 -0.110202
v 0.000000 0.301807 -0.115551
v -0.046768 0.301807 -0.110202
v -0.088958 0.301807 -0.094679
v -0.122440 0.301807 -0.070500
v -0.143937 0.301807 -0.040033
v -0.151344 0.301807 -0.006260
v -0.140716 0.301807 0.033017
v -0.118555 0.306829 0.065706
v -0.105210 0.296854 0.074726
v -0.074986 0.303761 0.095481
v -0.089263 0.295730 0.085625
v -0.000000 0.301807 0.106846
v -0.045722 0.301807 0.101616
v 0.045722 0.301807 0.101616
v 0.073591 0.305246 0.096451
v 0.103369 0.296227 0.075979
v 0.087395 0.296226 0.086908
v 0.140716 0.301807 0.033017
v 0.117235 0.305248 0.066592
v 0.151344 0.301807 -0.006260
v 0.143937 0.301807 -0.040033
v 0.121577 0.320297 -0.070819
v 0.142923 0.320297 -0.034289
v 0.088331 0.320297 -0.099670
v 0.046438 0.320297 -0.112809
v -0.000000 0.320297 -0.118240
v -0.046438 0.320297 -0.112809
v -0.088331 0.320297 -0.099670
v -0.121577 0.320297 -0.070819
v -0.142923 0.320297 -0.034289
v -0.150278 0.320297 0.000000
v -0.142923 0.320297 0.034289
v -0.125722 0.322985 0.060979
v -0.106056 0.309726 0.043374
v -0.094297 0.300935 0.051323
v -0.096236 0.319830 0.050203
v -0.112371 0.323962 0.039209
v -0.080244 0.299946 0.060926
v -0.067663 0.307022 0.069611
v -0.059925 0.320268 0.075050
v -0.076436 0.318325 0.063733
v -0.000000 0.320297 0.110961
v -0.046438 0.320297 0.105530
v 0.046438 0.320297 0.105530
v 0.065657 0.320870 0.102050
v 0.078598 0.300383 0.062058
v 0.092674 0.300383 0.052427
v 0.096236 0.319830 0.050203
v 0.076436 0.318325 0.063733
v 0.142923 0.320297 0.034289
v 0.125275 0.320873 0.061262
v 0.150278 0.320297 0.000000
v 0.142923 0.320297 -0.034289
v 0.123093 0.339253 -0.066034
v 0.144704 0.339253 -0.034716
v 0.089432 0.339253 -0.096775
v 0.047017 0.339253 -0.112732
v 0.000000 0.339253 -0.118231
v -0.047017 0.339253 -0.112732
v -0.089432 0.339253 -0.096775
v -0.123093 0.339253 -0.066034
v -0.144704 0.339253 -0.034716
v -0.152151 0.339253 0.000000
v -0.144704 0.339253 0.034716
v -0.124790 0.340991 0.061815
v -0.095115 0.341506 0.051208
v -0.111550 0.339828 0.039945
v -0.059104 0.336135 0.075786
v -0.075172 0.339997 0.064836
v -0.000000 0.339253 0.112344
v -0.047017 0.339253 0.106846
v 0.047017 0.339253 0.106846
v 0.065719 0.338911 0.102206
v 0.095115 0.341506 0.051208
v 0.075172 0.339997 0.064836
v 0.144704 0.339253 0.034716
v 0.125337 0.338914 0.061417
v 0.152151 0.339253 0.000000
v 0.144704 0.339253 -0.034716
v 0.121577 0.358210 -0.065221
v 0.142923 0.358210 -0.034289
v 0.088331 0.358210 -0.094997
v 0.046438 0.358210 -0.110757
v 0.000000 0.358210 -0.116188
v -0.046438 0.358210 -0.110757
v -0.088331 0.358210 -0.094997
v -0.121577 0.358210 -0.065221
v -0.142923 0.358210 -0.034289
v -0.150278 0.358210 0.000000
v -0.142923 0.358210 0.034289
v -0.116008 0.356023 0.067987
v -0.091231 0.360151 0.054069
v -0.103812 0.353074 0.045384
v -0.065419 0.350370 0.071622
v -0.077178 0.359161 0.063673
v -0.000000 0.358210 0.110961
v -0.046438 0.358210 0.105530
v 0.046438 0.358210 0.105530
v 0.073760 0.354535 0.096876
v 0.092877 0.359714 0.052938
v 0.078801 0.359713 0.062569
v 0.142923 0.358210 0.034289
v 0.117403 0.354537 0.067016
v 0.150278 0.358210 0.000000
v 0.142923 0.358210 -0.034289
v 0.117068 0.377878 -0.069279
v 0.137622 0.376699 -0.033017
v 0.085055 0.377878 -0.092917
v 0.044716 0.377878 -0.108093
v 0.000000 0.377878 -0.113323
v -0.044716 0.377878 -0.108093
v -0.085055 0.377878 -0.092917
v -0.117068 0.377878 -0.069279
v -0.137622 0.376699 -0.033017
v -0.144704 0.376699 0.000000
v -0.137622 0.376699 0.033017
v -0.117068 0.376699 0.062802
v -0.101731 0.364053 0.077843
v -0.102254 0.376699 0.073741
v -0.085784 0.362930 0.088741
v -0.072439 0.352954 0.097762
v -0.065554 0.376699 0.093777
v -0.085055 0.376699 0.086440
v -0.000000 0.376699 0.106846
v -0.044716 0.376699 0.101616
v 0.044716 0.376699 0.101616
v 0.065554 0.376699 0.093777
v 0.087625 0.363556 0.087488
v 0.103600 0.363557 0.076559
v 0.102254 0.376699 0.073741
v 0.085055 0.376699 0.086440
v 0.137622 0.376699 0.033017
v 0.117068 0.376699 0.062802
v 0.144704 0.376699 0.000000
v 0.137622 0.376699 -0.033017
v 0.109677 0.395446 -0.065314
v 0.128933 0.394267 -0.030932
v 0.079685 0.395446 -0.087459
v 0.041893 0.395446 -0.101677
v 0.000000 0.395446 -0.106576
v -0.041893 0.395446 -0.101677
v -0.079685 0.395446 -0.087459
v -0.109677 0.394267 -0.058837
v -0.128933 0.394267 -0.030932
v -0.135568 0.394267 0.000000
v -0.128933 0.394267 0.030932
v -0.109677 0.394267 0.058837
v -0.095798 0.394267 0.069085
v -0.061415 0.394267 0.087856
v -0.079685 0.394267 0.080982
v -0.000000 0.394267 0.100100
v -0.041893 0.394267 0.095200
v 0.041893 0.394267 0.095200
v 0.061415 0.394267 0.087856
v 0.095798 0.394267 0.069085
v 0.079685 0.394267 0.080982
v 0.128933 0.394267 0.030932
v 0.109677 0.394267 0.058837
v 0.135568 0.394267 0.000000
v 0.128933 0.394267 -0.030932
v 0.099584 0.410480 -0.053423
v 0.117068 0.410480 -0.028086
v 0.072352 0.410480 -0.078117
v 0.038038 0.410480 -0.091026
v 0.000000 0.410480 -0.095475
v -0.038038 0.410480 -0.091026
v -0.072352 0.410480 -0.078117
v -0.099584 0.410480 -0.053423
v -0.117068 0.410480 -0.028086
v -0.123093 0.410480 0.000000
v -0.117068 0.410480 0.028086
v -0.099584 0.410480 0.053423
v -0.086983 0.410480 0.062727
v -0.055764 0.410480 0.079771
v -0.072352 0.410480 0.073530
v -0.000000 0.410480 0.090888
v -0.038038 0.410480 0.086440
v 0.038038 0.410480 0.086440
v 0.055764 0.410480 0.079771
v 0.086983 0.410480 0.062727
v 0.072352 0.410480 0.073530
v 0.117068 0.410480 0.028086
v 0.099584 0.410480 0.053423
v 0.123093 0.410480 0.000000
v 0.117068 0.410480 -0.028086
v 0.087040 0.424939 -0.046693
v 0.102321 0.424939 -0.024548
v 0.063238 0.424573 -0.067971
v 0.033246 0.424573 -0.079255
v 0.000000 0.424573 -0.083143
v -0.033246 0.424573 -0.079255
v -0.063238 0.424573 -0.067971
v -0.087040 0.424939 -0.046693
v -0.102321 0.424939 -0.024548
v -0.107587 0.424939 0.000000
v -0.102321 0.424939 0.024548
v -0.087040 0.424939 0.046693
v -0.076026 0.424939 0.054826
v -0.048739 0.424939 0.069723
v -0.063238 0.424939 0.064268
v -0.000000 0.424939 0.079439
v -0.033246 0.424939 0.075551
v 0.033246 0.424939 0.075551
v 0.048739 0.424939 0.069723
v 0.076026 0.424939 0.054826
v 0.063238 0.424939 0.064268
v 0.102321 0.424939 0.024548
v 0.087040 0.424939 0.046693
v 0.107587 0.424939 0.000000
v 0.102321 0.424939 -0.024548
v 0.072352 0.437289 -0.038814
v 0.085055 0.437289 -0.020406
v 0.052567 0.437289 -0.053423
v 0.027636 0.437289 -0.062802
v 0.000000 0.437289 -0.066034
v -0.027636 0.437289 -0.062802
v -0.052567 0.437289 -0.053423
v -0.072352 0.437289 -0.038814
v -0.085055 0.437289 -0.020406
v -0.089432 0.437289 0.000000
v -0.085055 0.437289 0.020406
v -0.072352 0.437289 0.038814
v -0.063197 0.437289 0.045574
v -0.040515 0.437289 0.057957
v -0.052567 0.437289 0.053423
v -0.000000 0.437289 0.066034
v -0.027636 0.437289 0.062802
v 0.027636 0.437289 0.062802
v 0.040515 0.437289 0.057957
v 0.063197 0.437289 0.045574
v 0.052567 0.437289 0.053423
v 0.085055 0.437289 0.020406
v 0.072352 0.437289 0.038814
v 0.089432 0.437289 0.000000
v 0.085055 0.437289 -0.020406
v 0.055883 0.447224 -0.029979
v 0.065694 0.447224 -0.015761
v 0.040601 0.447224 -0.041263
v 0.021345 0.447224 -0.048507
v 0.000000 0.447224 -0.051003
v -0.021345 0.447224 -0.048507
v -0.040601 0.447224 -0.041263
v -0.055883 0.447224 -0.029979
v -0.065694 0.447224 -0.015761
v -0.069075 0.447224 0.000000
v -0.065694 0.447224 0.015761
v -0.055883 0.447224 0.029979
v -0.048812 0.447224 0.035200
v -0.031293 0.447224 0.044765
v -0.040601 0.447224 0.041263
v -0.000000 0.447224 0.051003
v -0.021345 0.447224 0.048507
v 0.021345 0.447224 0.048507
v 0.031293 0.447224 0.044765
v 0.048812 0.447224 0.035200
v 0.040601 0.447224 0.041263
v 0.065694 0.447224 0.015761
v 0.055883 0.447224 0.029979
v 0.069075 0.447224 0.000000
v 0.065694 0.447224 -0.015761
v 0.038038 0.454501 -0.020406
v 0.044716 0.454501 -0.010728
v 0.027636 0.454501 -0.028086
v 0.014529 0.454501 -0.033017
v 0.000000 0.454501 -0.034716
v -0.014529 0.454501 -0.033017
v -0.027636 0.454501 -0.028086
v -0.038038 0.454501 -0.020406
v -0.044716 0.454501 -0.010728
v -0.047017 0.454501 0.000000
v -0.044716 0.454501 0.010728
v -0.038038 0.454501 0.020406
v -0.033224 0.454501 0.023960
v -0.021300 0.454501 0.030470
v -0.027636 0.454501 0.028086
v -0.000000 0.454501 0.034716
v -0.014529 0.454501 0.033017
v 0.014529 0.454501 0.033017
v 0.021300 0.454501 0.030470
v 0.033224 0.454501 0.023960
v 0.027636 0.454501 0.028086
v 0.044716 0.454501 0.010728
v 0.038038 0.454501 0.020406
v 0.047017 0.454501 0.000000
v 0.044716 0.454501 -0.010728
v -0.016819 0.458940 0.012129
v -0.010783 0.458940 0.015425
v -0.013990 0.458940 0.014218
v 0.010783 0.458940 0.015425
v 0.016819 0.458940 0.012129
v 0.013990 0.458940 0.014218
v 0.000000 0.217303 0.000000
v 0.000000 0.217303 0.000000
v 0.000000 0.217303 0.000000
v 0.000000 0.217303 0.000000
v 0.000000 0.460432 0.000000
v 0.000000 0.460432 0.000000
v 0.000000 0.460432 0.000000
v 0.000000 0.460432 0.000000
v -0.066205 0.318793 0.101653
v -0.065272 0.336799 0.102488
v 0.059443 0.322098 0.075400
v 0.066434 0.308331 0.070467
v 0.059497 0.337996 0.075537
v 0.066583 0.351764 0.070841
v 0.104892 0.308333 0.044155
v 0.111978 0.322101 0.039458
v 0.112032 0.337998 0.039595
v 0.105041 0.351765 0.044529
v -0.118555 0.306829 0.065706
v -0.105210 0.296854 0.074726
v -0.094297 0.300935 0.051323
v -0.106056 0.309726 0.043374
v -0.125722 0.322985 0.060979
v -0.112371 0.323962 0.039209
v -0.089263 0.295730 0.085625
v -0.074986 0.303761 0.095481
v -0.067663 0.307022 0.069611
v -0.080244 0.299946 0.060926
v -0.066205 0.318793 0.101653
v -0.059925 0.320268 0.075050
v -0.124790 0.340991 0.061815
v -0.125722 0.322985 0.060979
v -0.112371 0.323962 0.039209
v -0.111550 0.339828 0.039945
v -0.066205 0.318793 0.101653
v -0.065272 0.336799 0.102488
v -0.059104 0.336135 0.075786
v -0.059925 0.320268 0.075050
v -0.101731 0.364053 0.077843
v -0.116008 0.356023 0.067987
v -0.103812 0.353074 0.045384
v -0.091231 0.360151 0.054069
v -0.116008 0.356023 0.067987
v -0.124790 0.340991 0.061815
v -0.111550 0.339828 0.039945
v -0.103812 0.353074 0.045384
v -0.065272 0.336799 0.102488
v -0.072439 0.352954 0.097762
v -0.065419 0.350370 0.071622
v -0.059104 0.336135 0.075786
v -0.072439 0.352954 0.097762
v -0.085784 0.362930 0.088741
v -0.077178 0.359161 0.063673
v -0.065419 0.350370 0.071622
v -0.105210 0.296854 0.074726
v -0.089263 0.295730 0.085625
v -0.080244 0.299946 0.060926
v -0.094297 0.300935 0.051323
v -0.085784 0.362930 0.088741
v -0.101731 0.364053 0.077843
v -0.091231 0.360151 0.054069
v -0.077178 0.359161 0.063673
v 0.087395 0.296226 0.086908
v 0.103369 0.296227 0.075979
v 0.092674 0.300383 0.052427
v 0.078598 0.300383 0.062058
v 0.103600 0.363557 0.076559
v 0.087625 0.363556 0.087488
v 0.078801 0.359713 0.062569
v 0.092877 0.359714 0.052938
v 0.065657 0.320870 0.102050
v 0.073591 0.305246 0.096451
v 0.066434 0.308331 0.070467
v 0.059443 0.322098 0.075400
v 0.073591 0.305246 0.096451
v 0.087395 0.296226 0.086908
v 0.078598 0.300383 0.062058
v 0.066434 0.308331 0.070467
v 0.065719 0.338911 0.102206
v 0.065657 0.320870 0.102050
v 0.059443 0.322098 0.075400
v 0.059497 0.337996 0.075537
v 0.073760 0.354535 0.096876
v 0.065719 0.338911 0.102206
v 0.059497 0.337996 0.075537
v 0.066583 0.351764 0.070841
v 0.087625 0.363556 0.087488
v 0.073760 0.354535 0.096876
v 0.066583 0.351764 0.070841
v 0.078801 0.359713 0.062569
v 0.103369 0.296227 0.075979
v 0.117235 0.305248 0.066592
v 0.104892 0.308333 0.044155
v 0.092674 0.300383 0.052427
v 0.125275 0.320873 0.061262
v 0.111978 0.322101 0.039458
v 0.125337 0.338914 0.061417
v 0.112032 0.337998 0.039595
v 0.117403 0.354537 0.067016
v 0.105041 0.351765 0.044529
v 0.103600 0.363557 0.076559
v 0.092877 0.359714 0.052938
vn 0.0813 -0.9820 -0.1704
vn 0.1143 -0.9876 -0.1078
vn -0.0000 -1.0000 -0.0000
vn 0.0511 -0.9782 -0.2011
vn 0.0246 -0.9763 -0.2148
vn -0.0000 -0.9758 -0.2187
vn -0.0246 -0.9764 -0.2148
vn -0.0511 -0.9782 -0.2011
vn -0.0813 -0.9820 -0.1705
vn -0.1143 -0.9876 -0.1078
vn -0.1333 -0.9911 -0.0000
vn -0.1143 -0.9876 0.1078
vn -0.0796 -0.9854 0.1503
vn -0.0000 -0.9758 0.2187
vn -0.0206 -0.9779 0.2080
vn 0.0206 -0.9779 0.2080
vn 0.1143 -0.9876 0.1078
vn 0.0796 -0.9854 0.1503
vn 0.1333 -0.9911 -0.0000
vn 0.1527 0.9860 -0.0672
vn 0.1296 0.9833 -0.1275
vn -0.0000 1.0000 -0.0000
vn 0.0938 0.9801 -0.1749
vn 0.0492 0.9775 -0.2050
vn -0.0000 0.9765 -0.2154
vn -0.0492 0.9775 -0.2050
vn -0.0938 0.9801 -0.1749
vn -0.1296 0.9833 -0.1275
vn -0.1527 0.9860 -0.0672
vn -0.1607 0.9870 -0.0000
vn -0.1527 0.9860 0.0672
vn -0.1285 0.9852 0.1132
vn -0.0407 0.9790 0.2000
vn -0.0000 0.9765 0.2154
vn 0.0407 0.9790 0.1999
vn 0.1285 0.9852 0.1132
vn 0.1527 0.9860 0.0672
vn 0.1607 0.9870 -0.0000
vn 0.1755 -0.9509 -0.2549
vn 0.2716 -0.9466 -0.1736
vn 0.0981 -0.9570 -0.2730
vn 0.0434 -0.9614 -0.2719
vn -0.0000 -0.9628 -0.2701
vn -0.0434 -0.9614 -0.2719
vn -0.0981 -0.9570 -0.2730
vn -0.1755 -0.9509 -0.2549
vn -0.2716 -0.9466 -0.1736
vn -0.3240 -0.9460 -0.0000
vn -0.2716 -0.9466 0.1736
vn -0.1938 -0.9486 0.2502
vn -0.0569 -0.9852 0.1617
vn -0.1297 -0.9538 0.2712
vn -0.0457 -0.9831 0.1773
vn -0.0335 -0.9819 0.1863
vn -0.0665 -0.9597 0.2731
vn -0.0993 -0.9573 0.2717
vn -0.0000 -0.9628 0.2701
vn -0.0359 -0.9623 0.2696
vn 0.0359 -0.9623 0.2696
vn 0.0334 -0.9819 0.1863
vn 0.0665 -0.9597 0.2731
vn 0.0457 -0.9831 0.1773
vn 0.0569 -0.9852 0.1617
vn 0.1297 -0.9538 0.2712
vn 0.0993 -0.9573 0.2717
vn 0.2716 -0.9466 0.1736
vn 0.1938 -0.9486 0.2502
vn 0.3240 -0.9460 -0.0000
vn 0.2716 -0.9466 -0.1735
vn 0.2720 -0.9062 -0.3237
vn 0.3951 -0.8940 -0.2113
vn 0.1612 -0.9179 -0.3625
vn 0.0739 -0.9255 -0.3714
vn -0.0000 -0.9281 -0.3724
vn -0.0740 -0.9255 -0.3714
vn -0.1612 -0.9179 -0.3625
vn -0.2720 -0.9062 -0.3237
vn -0.3951 -0.8940 -0.2113
vn -0.4590 -0.8884 -0.0000
vn -0.3951 -0.8940 0.2113
vn -0.3020 -0.8996 0.3156
vn -0.2120 -0.9130 0.3485
vn -0.1129 -0.9245 0.3641
vn -0.1640 -0.9176 0.3621
vn -0.0000 -0.9281 0.3724
vn -0.0608 -0.9277 0.3684
vn 0.0609 -0.9277 0.3684
vn 0.1129 -0.9245 0.3641
vn 0.2119 -0.9130 0.3485
vn 0.1640 -0.9176 0.3621
vn 0.3951 -0.8940 0.2113
vn 0.3020 -0.8996 0.3156
vn 0.4590 -0.8884 -0.0000
vn 0.3791 -0.8364 -0.3959
vn 0.5002 -0.8337 -0.2339
vn 0.2438 -0.8415 -0.4821
vn 0.1176 -0.8462 -0.5197
vn -0.0000 -0.8481 -0.5299
vn -0.1176 -0.8462 -0.5197
vn -0.2438 -0.8415 -0.4821
vn -0.3791 -0.8364 -0.3960
vn -0.5002 -0.8338 -0.2338
vn -0.5526 -0.8334 -0.0000
vn -0.5002 -0.8337 0.2338
vn -0.4081 -0.8320 0.3758
vn -0.3101 -0.8389 0.4474
vn -0.1777 -0.8458 0.5030
vn -0.2473 -0.8414 0.4804
vn -0.0000 -0.8481 0.5299
vn -0.0978 -0.8482 0.5205
vn 0.0978 -0.8482 0.5205
vn 0.1777 -0.8458 0.5030
vn 0.3101 -0.8389 0.4474
vn 0.2473 -0.8414 0.4805
vn 0.5002 -0.8338 0.2338
vn 0.4081 -0.8320 0.3758
vn 0.5526 -0.8334 -0.0000
vn 0.4938 -0.7144 -0.4958
vn 0.6264 -0.7269 -0.2814
vn 0.3309 -0.7037 -0.6288
vn 0.1642 -0.6976 -0.6974
vn -0.0000 -0.6958 -0.7183
vn -0.1642 -0.6976 -0.6974
vn -0.3309 -0.7037 -0.6288
vn -0.4938 -0.7144 -0.4958
vn -0.6264 -0.7269 -0.2814
vn -0.6802 -0.7331 -0.0000
vn -0.6264 -0.7270 0.2814
vn -0.5248 -0.7133 0.4645
vn -0.4145 -0.7112 0.5678
vn -0.2474 -0.7047 0.6650
vn -0.3354 -0.7037 0.6264
vn -0.0000 -0.6958 0.7183
vn -0.1373 -0.6986 0.7023
vn 0.1373 -0.6986 0.7023
vn 0.2474 -0.7047 0.6650
vn 0.4145 -0.7112 0.5678
vn 0.3354 -0.7037 0.6264
vn 0.6264 -0.7269 0.2814
vn 0.5248 -0.7133 0.4646
vn 0.6802 -0.7331 -0.0000
vn 0.5972 -0.5314 -0.6009
vn 0.7378 -0.5878 -0.3319
vn 0.4099 -0.4704 -0.7815
vn 0.2064 -0.4269 -0.8804
vn -0.0000 -0.4116 -0.9114
vn -0.2064 -0.4270 -0.8804
vn -0.4098 -0.4704 -0.7815
vn -0.5971 -0.5314 -0.6009
vn -0.7378 -0.5878 -0.3319
vn -0.7914 -0.6113 -0.0000
vn -0.7378 -0.5878 0.3319
vn -0.6272 -0.5451 0.5563
vn -0.5114 -0.5018 0.6976
vn -0.3130 -0.4473 0.8378
vn -0.4151 -0.4720 0.7778
vn -0.0001 -0.4115 0.9114
vn -0.1734 -0.4197 0.8909
vn 0.1734 -0.4197 0.8909
vn 0.3130 -0.4473 0.8378
vn 0.5114 -0.5018 0.6976
vn 0.4151 -0.4720 0.7778
vn 0.7378 -0.5878 0.3319
vn 0.6272 -0.5451 0.5563
vn 0.7914 -0.6113 -0.0000
vn 0.7378 -0.5878 -0.3318
vn 0.7009 -0.2441 -0.6702
vn 0.9006 -0.2231 -0.3729
vn 0.4651 -0.2437 -0.8510
vn 0.2298 -0.2374 -0.9438
vn 0.0001 -0.2343 -0.9722
vn -0.2297 -0.2373 -0.9439
vn -0.4651 -0.2437 -0.8511
vn -0.7008 -0.2441 -0.6702
vn -0.9007 -0.2231 -0.3729
vn -0.9904 -0.1323 0.0408
vn -0.9118 -0.0697 0.4046
vn -0.7602 -0.0584 0.6470
vn -0.5619 -0.0776 0.8235
vn -0.3394 -0.0562 0.9390
vn -0.4948 -0.0867 0.8647
vn -0.0000 0.0170 0.9999
vn -0.1828 -0.0011 0.9831
vn 0.1800 -0.0051 0.9837
vn 0.3372 -0.0675 0.9390
vn 0.5638 -0.0774 0.8223
vn 0.4980 -0.0864 0.8628
vn 0.9110 -0.0643 0.4074
vn 0.7605 -0.0456 0.6477
vn 0.9904 -0.1323 0.0408
vn 0.9007 -0.2231 -0.3728
vn 0.7116 -0.0191 -0.7024
vn 0.8944 0.1040 -0.4351
vn 0.4649 -0.1412 -0.8740
vn 0.2157 -0.1806 -0.9596
vn -0.0000 -0.1769 -0.9842
vn -0.2157 -0.1806 -0.9596
vn -0.4649 -0.1412 -0.8740
vn -0.7115 -0.0191 -0.7024
vn -0.8944 0.1040 -0.4351
vn -0.9871 0.1574 -0.0282
vn -0.9038 0.1453 0.4026
vn -0.7766 0.1387 0.6145
vn -0.5102 0.2942 0.8082
vn -0.3024 0.0424 0.9522
vn -0.4964 0.2727 0.8242
vn -0.0000 0.0247 0.9997
vn -0.1563 0.0145 0.9876
vn 0.1535 0.0161 0.9880
vn 0.2875 0.0215 0.9575
vn 0.5162 0.3115 0.7978
vn 0.4967 0.2471 0.8320
vn 0.9021 0.1463 0.4060
vn 0.7648 0.1553 0.6253
vn 0.9871 0.1574 -0.0282
vn 0.8944 0.1040 -0.4350
vn 0.7388 0.0364 -0.6729
vn 0.9264 0.0342 -0.3750
vn 0.4750 -0.0284 -0.8795
vn 0.2153 -0.0651 -0.9744
vn -0.0000 -0.0692 -0.9976
vn -0.2154 -0.0651 -0.9744
vn -0.4751 -0.0283 -0.8795
vn -0.7388 0.0364 -0.6729
vn -0.9264 0.0342 -0.3750
vn -0.9980 -0.0509 0.0364
vn -0.9134 -0.0984 0.3949
vn -0.8179 -0.1063 0.5654
vn -0.5646 -0.0090 0.8253
vn -0.0000 -0.1422 0.9898
vn -0.1411 -0.1447 0.9794
vn 0.1412 -0.1428 0.9796
vn 0.2014 -0.1516 0.9677
vn 0.5646 -0.0090 0.8253
vn 0.9130 -0.1030 0.3949
vn 0.8161 -0.1226 0.5648
vn 0.9980 -0.0509 0.0364
vn 0.9264 0.0342 -0.3749
vn 0.7571 0.0672 -0.6498
vn 0.9182 0.0200 -0.3957
vn 0.5169 0.0948 -0.8508
vn 0.2263 0.0689 -0.9716
vn -0.0000 0.0535 -0.9986
vn -0.2263 0.0689 -0.9716
vn -0.5169 0.0948 -0.8508
vn -0.7571 0.0672 -0.6498
vn -0.9182 0.0200 -0.3956
vn -1.0000 -0.0000 -0.0000
vn -0.9149 0.0261 0.4028
vn -0.8013 0.0732 0.5938
vn -0.0000 -0.0000 1.0000
vn -0.1578 0.0133 0.9874
vn 0.1582 0.0147 0.9873
vn 0.2559 0.0559 0.9651
vn 0.9153 0.0224 0.4022
vn 0.8049 0.0563 0.5908
vn 1.0000 -0.0000 -0.0000
vn 0.9182 0.0200 -0.3956
vn 0.7505 0.1168 -0.6505
vn 0.9064 0.1625 -0.3899
vn 0.5084 0.1131 -0.8537
vn 0.2325 0.1289 -0.9640
vn -0.0000 0.1254 -0.9921
vn -0.2325 0.1289 -0.9640
vn -0.5084 0.1131 -0.8537
vn -0.7505 0.1168 -0.6505
vn -0.9064 0.1625 -0.3899
vn -0.9813 0.1923 -0.0000
vn -0.8895 0.1799 0.4201
vn -0.7530 0.1706 0.6355
vn -0.0000 0.1432 0.9897
vn -0.1860 0.1604 0.9694
vn 0.1859 0.1604 0.9694
vn 0.3313 0.1957 0.9230
vn 0.8897 0.1795 0.4199
vn 0.7594 0.1681 0.6285
vn 0.9813 0.1924 -0.0000
vn 0.9064 0.1626 -0.3898
vn 0.7128 0.2705 -0.6471
vn 0.8721 0.3379 -0.3538
vn 0.4691 0.2468 -0.8480
vn 0.2250 0.2510 -0.9415
vn -0.0000 0.2443 -0.9697
vn -0.2250 0.2510 -0.9415
vn -0.4780 0.2809 -0.8322
vn -0.6934 0.3194 -0.6459
vn -0.8623 0.3579 -0.3582
vn -0.9279 0.3729 -0.0000
vn -0.8545 0.3353 0.3968
vn -0.7245 0.2942 0.6233
vn -0.5856 0.1926 0.7874
vn -0.5683 0.3063 0.7636
vn -0.4397 0.2191 0.8710
vn -0.3246 0.1899 0.9266
vn -0.3395 0.2983 0.8921
vn -0.4541 0.3085 0.8358
vn -0.0000 0.2845 0.9587
vn -0.1908 0.2885 0.9383
vn 0.1906 0.2886 0.9383
vn 0.3407 0.2979 0.8918
vn 0.4583 0.2164 0.8621
vn 0.5927 0.1907 0.7825
vn 0.5696 0.3059 0.7628
vn 0.4542 0.3086 0.8358
vn 0.8541 0.3361 0.3969
vn 0.7236 0.2962 0.6234
vn 0.9279 0.3729 -0.0000
vn 0.8722 0.3379 -0.3538
vn 0.6275 0.5442 -0.5569
vn 0.7858 0.5348 -0.3107
vn 0.4126 0.5116 -0.7537
vn 0.2042 0.4758 -0.8555
vn -0.0000 0.4694 -0.8830
vn -0.2042 0.4758 -0.8555
vn -0.4387 0.5213 -0.7320
vn -0.6416 0.5485 -0.5362
vn -0.7762 0.5386 -0.3276
vn -0.8464 0.5326 -0.0000
vn -0.7829 0.5180 0.3445
vn -0.6578 0.4908 0.5713
vn -0.5256 0.4660 0.7118
vn -0.3167 0.4373 0.8417
vn -0.4274 0.4523 0.7828
vn -0.0000 0.4213 0.9069
vn -0.1769 0.4263 0.8871
vn 0.1769 0.4263 0.8871
vn 0.3167 0.4373 0.8417
vn 0.5256 0.4660 0.7118
vn 0.4274 0.4523 0.7828
vn 0.7830 0.5180 0.3445
vn 0.6578 0.4908 0.5713
vn 0.8464 0.5325 -0.0000
vn 0.7858 0.5348 -0.3106
vn 0.5605 0.6777 -0.4760
vn 0.6851 0.6697 -0.2866
vn 0.3798 0.6630 -0.6451
vn 0.1820 0.6290 -0.7558
vn -0.0000 0.6229 -0.7823
vn -0.1820 0.6291 -0.7557
vn -0.4092 0.6385 -0.6518
vn -0.5787 0.6362 -0.5103
vn -0.6935 0.6526 -0.3052
vn -0.7452 0.6669 -0.0000
vn -0.6935 0.6526 0.3052
vn -0.5892 0.6253 0.5117
vn -0.4752 0.5999 0.6436
vn -0.2895 0.5692 0.7695
vn -0.3886 0.5850 0.7119
vn -0.0000 0.5513 0.8343
vn -0.1624 0.5568 0.8146
vn 0.1624 0.5568 0.8146
vn 0.2895 0.5692 0.7695
vn 0.4753 0.5998 0.6437
vn 0.3886 0.5850 0.7119
vn 0.6935 0.6526 0.3052
vn 0.5892 0.6253 0.5117
vn 0.7452 0.6669 -0.0000
vn 0.4904 0.7460 -0.4505
vn 0.5916 0.7630 -0.2604
vn 0.3405 0.7411 -0.5786
vn 0.1578 0.7334 -0.6612
vn -0.0000 0.7284 -0.6852
vn -0.1578 0.7333 -0.6613
vn -0.3405 0.7411 -0.5786
vn -0.4904 0.7460 -0.4506
vn -0.5916 0.7631 -0.2603
vn -0.6318 0.7751 -0.0000
vn -0.5916 0.7630 0.2603
vn -0.5083 0.7394 0.4415
vn -0.4140 0.7171 0.5607
vn -0.2553 0.6888 0.6786
vn -0.3408 0.7030 0.6242
vn -0.0000 0.6713 0.7412
vn -0.1440 0.6766 0.7222
vn 0.1440 0.6766 0.7221
vn 0.2553 0.6888 0.6786
vn 0.4140 0.7171 0.5607
vn 0.3408 0.7030 0.6242
vn 0.5916 0.7630 0.2603
vn 0.5083 0.7394 0.4415
vn 0.6319 0.7751 -0.0000
vn 0.5916 0.7630 -0.2603
vn 0.3987 0.8334 -0.3827
vn 0.4824 0.8499 -0.2123
vn 0.2776 0.8257 -0.4911
vn 0.1354 0.8187 -0.5580
vn -0.0000 0.8144 -0.5803
vn -0.1354 0.8187 -0.5580
vn -0.2776 0.8257 -0.4912
vn -0.3987 0.8334 -0.3827
vn -0.4824 0.8499 -0.2123
vn -0.5125 0.8587 -0.0000
vn -0.4824 0.8499 0.2123
vn -0.4187 0.8321 0.3637
vn -0.3439 0.8154 0.4657
vn -0.2147 0.7927 0.5705
vn -0.2852 0.8036 0.5223
vn -0.0000 0.7777 0.6286
vn -0.1218 0.7821 0.6111
vn 0.1219 0.7821 0.6111
vn 0.2146 0.7927 0.5705
vn 0.3439 0.8154 0.4657
vn 0.2852 0.8036 0.5223
vn 0.4824 0.8499 0.2123
vn 0.4187 0.8321 0.3637
vn 0.5125 0.8587 -0.0000
vn 0.4824 0.8499 -0.2122
vn 0.3097 0.9007 -0.3047
vn 0.3697 0.9148 -0.1627
vn 0.2209 0.8842 -0.4117
vn 0.1144 0.8714 -0.4770
vn -0.0000 0.8667 -0.4988
vn -0.1144 0.8714 -0.4770
vn -0.2208 0.8842 -0.4117
vn -0.3096 0.9007 -0.3047
vn -0.3697 0.9148 -0.1627
vn -0.3911 0.9203 -0.0000
vn -0.3697 0.9148 0.1627
vn -0.3237 0.9034 0.2812
vn -0.2673 0.8930 0.3620
vn -0.1687 0.8778 0.4484
vn -0.2235 0.8846 0.4094
vn -0.0000 0.8667 0.4988
vn -0.0965 0.8698 0.4839
vn 0.0965 0.8698 0.4839
vn 0.1687 0.8778 0.4484
vn 0.2673 0.8930 0.3620
vn 0.2235 0.8846 0.4094
vn 0.3697 0.9148 0.1627
vn 0.3237 0.9034 0.2812
vn 0.3911 0.9204 -0.0000
vn 0.2172 0.9525 -0.2137
vn 0.2572 0.9597 -0.1132
vn 0.1563 0.9437 -0.2914
vn 0.0816 0.9368 -0.3401
vn -0.0000 0.9343 -0.3566
vn -0.0816 0.9368 -0.3401
vn -0.1563 0.9437 -0.2914
vn -0.2172 0.9525 -0.2137
vn -0.2572 0.9597 -0.1132
vn -0.2713 0.9625 -0.0000
vn -0.2572 0.9597 0.1132
vn -0.2267 0.9538 0.1970
vn -0.1873 0.9490 0.2537
vn -0.1192 0.9409 0.3169
vn -0.1582 0.9440 0.2897
vn -0.0000 0.9343 0.3566
vn -0.0689 0.9360 0.3453
vn 0.0689 0.9360 0.3453
vn 0.1192 0.9409 0.3169
vn 0.1873 0.9490 0.2537
vn 0.1582 0.9440 0.2897
vn 0.2572 0.9597 0.1132
vn 0.2267 0.9539 0.1969
vn 0.2713 0.9625 -0.0000
vn -0.0979 0.9863 0.1328
vn -0.0628 0.9840 0.1668
vn -0.0849 0.9841 0.1559
vn 0.0628 0.9840 0.1667
vn 0.0979 0.9863 0.1328
vn 0.0849 0.9841 0.1559
vn -0.2006 -0.1743 0.9640
vn -0.2476 0.0357 0.9682
vn 0.5602 0.7214 0.4071
vn 0.1262 0.9656 0.2273
vn 0.2485 0.9279 0.2777
vn 0.6262 0.6474 0.4345
vn 0.8261 0.2250 0.5167
vn 0.8323 0.1942 0.5191
vn -0.3283 0.9437 0.0412
vn -0.7055 0.6999 -0.1115
vn -0.6368 0.7665 -0.0836
vn -0.2073 0.9741 0.0905
vn -0.9339 0.2934 -0.2042
vn -0.9214 0.3339 -0.1990
vn 0.7881 -0.3638 0.4965
vn 0.8261 0.2248 0.5167
vn 0.8336 0.1943 0.5171
vn 0.8047 -0.3139 0.5039
vn -0.9335 0.2933 -0.2063
vn -0.9584 -0.1859 -0.2168
vn -0.9538 -0.2100 -0.2151
vn -0.9214 0.3338 -0.1990
vn 0.0220 -0.9850 0.1714
vn 0.4699 -0.8065 0.3588
vn 0.5530 -0.7340 0.3942
vn 0.1501 -0.9629 0.2243
vn 0.7881 -0.3639 0.4965
vn 0.8047 -0.3140 0.5039
vn 0.5531 -0.7340 0.3942
vn -0.9583 -0.1860 -0.2168
vn -0.7716 -0.6191 -0.1460
vn -0.7186 -0.6840 -0.1254
vn -0.9537 -0.2101 -0.2151
vn -0.7715 -0.6192 -0.1460
vn -0.4216 -0.9068 -0.0084
vn -0.3097 -0.9501 0.0366
vn -0.7186 -0.6841 -0.1253
vn 0.1261 0.9656 0.2272
vn -0.3282 0.9437 0.0412
vn 0.2485 0.9280 0.2777
vn -0.4215 -0.9068 -0.0084
vn 0.0219 -0.9850 0.1714
vn 0.1500 -0.9629 0.2243
vn -0.3096 -0.9502 0.0366
vn 0.3786 0.9253 0.0207
vn -0.0708 0.9763 0.2044
vn -0.1964 0.9464 0.2563
vn 0.2619 0.9627 0.0683
vn -0.0771 -0.9779 0.1941
vn 0.3722 -0.9281 0.0114
vn 0.2553 -0.9651 0.0584
vn -0.2028 -0.9477 0.2463
vn 0.9483 0.2379 -0.2102
vn 0.7418 0.6586 -0.1261
vn 0.6807 0.7255 -0.1013
vn 0.9399 0.2718 -0.2066
vn 0.7417 0.6587 -0.1261
vn 0.3787 0.9253 0.0207
vn 0.2620 0.9627 0.0683
vn 0.9467 -0.2421 -0.2126
vn 0.9483 0.2378 -0.2102
vn 0.9399 0.2717 -0.2067
vn 0.9388 -0.2735 -0.2096
vn 0.7373 -0.6624 -0.1327
vn 0.9466 -0.2423 -0.2125
vn 0.9387 -0.2736 -0.2096
vn 0.6767 -0.7282 -0.1090
vn 0.3723 -0.9281 0.0113
vn 0.7372 -0.6625 -0.1327
vn 0.6766 -0.7283 -0.1090
vn 0.2554 -0.9651 0.0584
vn -0.0709 0.9763 0.2045
vn -0.5141 0.7650 0.3880
vn -0.5886 0.6915 0.4188
vn -0.1965 0.9464 0.2562
vn -0.8087 0.2934 0.5098
vn -0.8194 0.2537 0.5140
vn -0.8096 -0.2974 0.5061
vn -0.8207 -0.2556 0.5111
vn -0.5177 -0.7670 0.3791
vn -0.5926 -0.6926 0.4112
vn -0.2029 -0.9477 0.2463
vt 0.050000 0.950000
vt 0.000000 0.950000
vt 0.025000 1.000000
vt 0.100000 0.950000
vt 0.075000 1.000000
vt 0.150000 0.950000
vt 0.125000 1.000000
vt 0.200000 0.950000
vt 0.175000 1.000000
vt 0.250000 0.950000
vt 0.225000 1.000000
vt 0.300000 0.950000
vt 0.275000 1.000000
vt 0.350000 0.950000
vt 0.325000 1.000000
vt 0.400000 0.950000
vt 0.375000 1.000000
vt 0.450000 0.950000
vt 0.425000 1.000000
vt 0.500000 0.950000
vt 0.475000 1.000000
vt 0.550000 0.950000
vt 0.525000 1.000000
vt 0.700000 0.950000
vt 0.650000 0.950000
vt 0.675000 1.000000
vt 0.750000 0.950000
vt 0.725000 1.000000
vt 0.900000 0.950000
vt 0.850000 0.950000
vt 0.875000 1.000000
vt 0.950000 0.950000
vt 0.925000 1.000000
vt 1.000000 0.950000
vt 0.975000 1.000000
vt 0.000000 0.050000
vt 0.050000 0.050000
vt 0.025000 0.000000
vt 0.100000 0.050000
vt 0.075000 0.000000
vt 0.150000 0.050000
vt 0.125000 0.000000
vt 0.200000 0.050000
vt 0.175000 0.000000
vt 0.250000 0.050000
vt 0.225000 0.000000
vt 0.300000 0.050000
vt 0.275000 0.000000
vt 0.350000 0.050000
vt 0.325000 0.000000
vt 0.400000 0.050000
vt 0.375000 0.000000
vt 0.450000 0.050000
vt 0.425000 0.000000
vt 0.500000 0.050000
vt 0.475000 0.000000
vt 0.550000 0.050000
vt 0.525000 0.000000
vt 0.650000 0.050000
vt 0.700000 0.050000
vt 0.675000 0.000000
vt 0.750000 0.050000
vt 0.725000 0.000000
vt 0.850000 0.050000
vt 0.900000 0.050000
vt 0.875000 0.000000
vt 0.950000 0.050000
vt 0.925000 0.000000
vt 1.000000 0.050000
vt 0.975000 0.000000
vt 0.050000 0.900000
vt 0.000000 0.900000
vt 0.100000 0.900000
vt 0.150000 0.900000
vt 0.200000 0.900000
vt 0.250000 0.900000
vt 0.300000 0.900000
vt 0.350000 0.900000
vt 0.400000 0.900000
vt 0.450000 0.900000
vt 0.500000 0.900000
vt 0.550000 0.900000
vt 0.573137 0.950000
vt 0.573137 0.900000
vt 0.600000 0.950000
vt 0.624171 0.950000
vt 0.624171 0.900000
vt 0.600000 0.900000
vt 0.700000 0.900000
vt 0.650000 0.900000
vt 0.750000 0.900000
vt 0.775829 0.950000
vt 0.775829 0.900000
vt 0.800000 0.950000
vt 0.826863 0.950000
vt 0.826863 0.900000
vt 0.800000 0.900000
vt 0.900000 0.900000
vt 0.850000 0.900000
vt 0.950000 0.900000
vt 1.000000 0.900000
vt 0.050000 0.850000
vt 0.000000 0.850000
vt 0.100000 0.850000
vt 0.150000 0.850000
vt 0.200000 0.850000
vt 0.250000 0.850000
vt 0.300000 0.850000
vt 0.350000 0.850000
vt 0.400000 0.850000
vt 0.450000 0.850000
vt 0.500000 0.850000
vt 0.550000 0.850000
vt 0.573137 0.850000
vt 0.624171 0.850000
vt 0.600000 0.850000
vt 0.700000 0.850000
vt 0.650000 0.850000
vt 0.750000 0.850000
vt 0.775829 0.850000
vt 0.826863 0.850000
vt 0.800000 0.850000
vt 0.900000 0.850000
vt 0.850000 0.850000
vt 0.950000 0.850000
vt 1.000000 0.850000
vt 0.050000 0.800000
vt 0.000000 0.800000
vt 0.100000 0.800000
vt 0.150000 0.800000
vt 0.200000 0.800000
vt 0.250000 0.800000
vt 0.300000 0.800000
vt 0.350000 0.800000
vt 0.400000 0.800000
vt 0.450000 0.800000
vt 0.500000 0.800000
vt 0.550000 0.800000
vt 0.573137 0.800000
vt 0.624171 0.800000
vt 0.600000 0.800000
vt 0.700000 0.800000
vt 0.650000 0.800000
vt 0.750000 0.800000
vt 0.775829 0.800000
vt 0.826863 0.800000
vt 0.800000 0.800000
vt 0.900000 0.800000
vt 0.850000 0.800000
vt 0.950000 0.800000
vt 1.000000 0.800000
vt 0.050000 0.750000
vt 0.000000 0.750000
vt 0.100000 0.750000
vt 0.150000 0.750000
vt 0.200000 0.750000
vt 0.250000 0.750000
vt 0.300000 0.750000
vt 0.350000 0.750000
vt 0.400000 0.750000
vt 0.450000 0.750000
vt 0.500000 0.750000
vt 0.550000 0.750000
vt 0.573137 0.750000
vt 0.624171 0.750000
vt 0.600000 0.750000
vt 0.700000 0.750000
vt 0.650000 0.750000
vt 0.750000 0.750000
vt 0.775829 0.750000
vt 0.826863 0.750000
vt 0.800000 0.750000
vt 0.900000 0.750000
vt 0.850000 0.750000
vt 0.950000 0.750000
vt 1.000000 0.750000
vt 0.050000 0.700000
vt 0.000000 0.700000
vt 0.100000 0.700000
vt 0.150000 0.700000
vt 0.200000 0.700000
vt 0.250000 0.700000
vt 0.300000 0.700000
vt 0.350000 0.700000
vt 0.400000 0.700000
vt 0.450000 0.700000
vt 0.500000 0.700000
vt 0.550000 0.700000
vt 0.573137 0.700000
vt 0.624171 0.700000
vt 0.600000 0.700000
vt 0.700000 0.700000
vt 0.650000 0.700000
vt 0.750000 0.700000
vt 0.775829 0.700000
vt 0.826863 0.700000
vt 0.800000 0.700000
vt 0.900000 0.700000
vt 0.850000 0.700000
vt 0.950000 0.700000
vt 1.000000 0.700000
vt 0.050000 0.650000
vt 0.000000 0.650000
vt 0.100000 0.650000
vt 0.150000 0.650000
vt 0.200000 0.650000
vt 0.250000 0.650000
vt 0.300000 0.650000
vt 0.350000 0.650000
vt 0.400000 0.650000
vt 0.450000 0.650000
vt 0.500000 0.650000
vt 0.550000 0.650000
vt 0.573137 0.650000
vt 0.624171 0.650000
vt 0.600000 0.650000
vt 0.700000 0.650000
vt 0.650000 0.650000
vt 0.750000 0.650000
vt 0.775829 0.650000
vt 0.826863 0.650000
vt 0.800000 0.650000
vt 0.900000 0.650000
vt 0.850000 0.650000
vt 0.950000 0.650000
vt 1.000000 0.650000
vt 0.050000 0.600000
vt 0.000000 0.600000
vt 0.100000 0.600000
vt 0.150000 0.600000
vt 0.200000 0.600000
vt 0.250000 0.600000
vt 0.300000 0.600000
vt 0.350000 0.600000
vt 0.400000 0.600000
vt 0.450000 0.600000
vt 0.500000 0.600000
vt 0.550000 0.600000
vt 0.573137 0.600000
vt 0.624171 0.600000
vt 0.600000 0.600000
vt 0.700000 0.600000
vt 0.650000 0.600000
vt 0.750000 0.600000
vt 0.775829 0.600000
vt 0.826863 0.600000
vt 0.800000 0.600000
vt 0.900000 0.600000
vt 0.850000 0.600000
vt 0.950000 0.600000
vt 1.000000 0.600000
vt 0.050000 0.550000
vt 0.000000 0.550000
vt 0.100000 0.550000
vt 0.150000 0.550000
vt 0.200000 0.550000
vt 0.250000 0.550000
vt 0.300000 0.550000
vt 0.350000 0.550000
vt 0.400000 0.550000
vt 0.450000 0.550000
vt 0.500000 0.550000
vt 0.550000 0.550000
vt 0.573137 0.550000
vt 0.624171 0.550000
vt 0.600000 0.550000
vt 0.700000 0.550000
vt 0.650000 0.550000
vt 0.750000 0.550000
vt 0.775829 0.550000
vt 0.826863 0.550000
vt 0.800000 0.550000
vt 0.900000 0.550000
vt 0.850000 0.550000
vt 0.950000 0.550000
vt 1.000000 0.550000
vt 0.050000 0.500000
vt 0.000000 0.500000
vt 0.100000 0.500000
vt 0.150000 0.500000
vt 0.200000 0.500000
vt 0.250000 0.500000
vt 0.300000 0.500000
vt 0.350000 0.500000
vt 0.400000 0.500000
vt 0.450000 0.500000
vt 0.500000 0.500000
vt 0.550000 0.500000
vt 0.573137 0.500000
vt 0.624171 0.500000
vt 0.600000 0.500000
vt 0.700000 0.500000
vt 0.650000 0.500000
vt 0.750000 0.500000
vt 0.775829 0.500000
vt 0.826863 0.500000
vt 0.800000 0.500000
vt 0.900000 0.500000
vt 0.850000 0.500000
vt 0.950000 0.500000
vt 1.000000 0.500000
vt 0.050000 0.450000
vt 0.000000 0.450000
vt 0.100000 0.450000
vt 0.150000 0.450000
vt 0.200000 0.450000
vt 0.250000 0.450000
vt 0.300000 0.450000
vt 0.350000 0.450000
vt 0.400000 0.450000
vt 0.450000 0.450000
vt 0.500000 0.450000
vt 0.550000 0.450000
vt 0.573137 0.450000
vt 0.624171 0.450000
vt 0.600000 0.450000
vt 0.700000 0.450000
vt 0.650000 0.450000
vt 0.750000 0.450000
vt 0.775829 0.450000
vt 0.826863 0.450000
vt 0.800000 0.450000
vt 0.900000 0.450000
vt 0.850000 0.450000
vt 0.950000 0.450000
vt 1.000000 0.450000
vt 0.050000 0.400000
vt 0.000000 0.400000
vt 0.100000 0.400000
vt 0.150000 0.400000
vt 0.200000 0.400000
vt 0.250000 0.400000
vt 0.300000 0.400000
vt 0.350000 0.400000
vt 0.400000 0.400000
vt 0.450000 0.400000
vt 0.500000 0.400000
vt 0.550000 0.400000
vt 0.573137 0.400000
vt 0.624171 0.400000
vt 0.600000 0.400000
vt 0.700000 0.400000
vt 0.650000 0.400000
vt 0.750000 0.400000
vt 0.775829 0.400000
vt 0.826863 0.400000
vt 0.800000 0.400000
vt 0.900000 0.400000
vt 0.850000 0.400000
vt 0.950000 0.400000
vt 1.000000 0.400000
vt 0.050000 0.350000
vt 0.000000 0.350000
vt 0.100000 0.350000
vt 0.150000 0.350000
vt 0.200000 0.350000
vt 0.250000 0.350000
vt 0.300000 0.350000
vt 0.350000 0.350000
vt 0.400000 0.350000
vt 0.450000 0.350000
vt 0.500000 0.350000
vt 0.550000 0.350000
vt 0.573137 0.350000
vt 0.624171 0.350000
vt 0.600000 0.350000
vt 0.700000 0.350000
vt 0.650000 0.350000
vt 0.750000 0.350000
vt 0.775829 0.350000
vt 0.826863 0.350000
vt 0.800000 0.350000
vt 0.900000 0.350000
vt 0.850000 0.350000
vt 0.950000 0.350000
vt 1.000000 0.350000
vt 0.050000 0.300000
vt 0.000000 0.300000
vt 0.100000 0.300000
vt 0.150000 0.300000
vt 0.200000 0.300000
vt 0.250000 0.300000
vt 0.300000 0.300000
vt 0.350000 0.300000
vt 0.400000 0.300000
vt 0.450000 0.300000
vt 0.500000 0.300000
vt 0.550000 0.300000
vt 0.573137 0.300000
vt 0.624171 0.300000
vt 0.600000 0.300000
vt 0.700000 0.300000
vt 0.650000 0.300000
vt 0.750000 0.300000
vt 0.775829 0.300000
vt 0.826863 0.300000
vt 0.800000 0.300000
vt 0.900000 0.300000
vt 0.850000 0.300000
vt 0.950000 0.300000
vt 1.000000 0.300000
vt 0.050000 0.250000
vt 0.000000 0.250000
vt 0.100000 0.250000
vt 0.150000 0.250000
vt 0.200000 0.250000
vt 0.250000 0.250000
vt 0.300000 0.250000
vt 0.350000 0.250000
vt 0.400000 0.250000
vt 0.450000 0.250000
vt 0.500000 0.250000
vt 0.550000 0.250000
vt 0.573137 0.250000
vt 0.624171 0.250000
vt 0.600000 0.250000
vt 0.700000 0.250000
vt 0.650000 0.250000
vt 0.750000 0.250000
vt 0.775829 0.250000
vt 0.826863 0.250000
vt 0.800000 0.250000
vt 0.900000 0.250000
vt 0.850000 0.250000
vt 0.950000 0.250000
vt 1.000000 0.250000
vt 0.050000 0.200000
vt 0.000000 0.200000
vt 0.100000 0.200000
vt 0.150000 0.200000
vt 0.200000 0.200000
vt 0.250000 0.200000
vt 0.300000 0.200000
vt 0.350000 0.200000
vt 0.400000 0.200000
vt 0.450000 0.200000
vt 0.500000 0.200000
vt 0.550000 0.200000
vt 0.573137 0.200000
vt 0.624171 0.200000
vt 0.600000 0.200000
vt 0.700000 0.200000
vt 0.650000 0.200000
vt 0.750000 0.200000
vt 0.775829 0.200000
vt 0.826863 0.200000
vt 0.800000 0.200000
vt 0.900000 0.200000
vt 0.850000 0.200000
vt 0.950000 0.200000
vt 1.000000 0.200000
vt 0.050000 0.150000
vt 0.000000 0.150000
vt 0.100000 0.150000
vt 0.150000 0.150000
vt 0.200000 0.150000
vt 0.250000 0.150000
vt 0.300000 0.150000
vt 0.350000 0.150000
vt 0.400000 0.150000
vt 0.450000 0.150000
vt 0.500000 0.150000
vt 0.550000 0.150000
vt 0.573137 0.150000
vt 0.624171 0.150000
vt 0.600000 0.150000
vt 0.700000 0.150000
vt 0.650000 0.150000
vt 0.750000 0.150000
vt 0.775829 0.150000
vt 0.826863 0.150000
vt 0.800000 0.150000
vt 0.900000 0.150000
vt 0.850000 0.150000
vt 0.950000 0.150000
vt 1.000000 0.150000
vt 0.050000 0.100000
vt 0.000000 0.100000
vt 0.100000 0.100000
vt 0.150000 0.100000
vt 0.200000 0.100000
vt 0.250000 0.100000
vt 0.300000 0.100000
vt 0.350000 0.100000
vt 0.400000 0.100000
vt 0.450000 0.100000
vt 0.500000 0.100000
vt 0.550000 0.100000
vt 0.573137 0.100000
vt 0.624171 0.100000
vt 0.600000 0.100000
vt 0.700000 0.100000
vt 0.650000 0.100000
vt 0.750000 0.100000
vt 0.775829 0.100000
vt 0.826863 0.100000
vt 0.800000 0.100000
vt 0.900000 0.100000
vt 0.850000 0.100000
vt 0.950000 0.100000
vt 1.000000 0.100000
vt 0.573137 0.050000
vt 0.624171 0.050000
vt 0.600000 0.050000
vt 0.775829 0.050000
vt 0.826863 0.050000
vt 0.800000 0.050000
vt 0.575000 1.000000
vt 0.625000 1.000000
vt 0.775000 1.000000
vt 0.825000 1.000000
vt 0.575000 0.000000
vt 0.625000 0.000000
vt 0.775000 0.000000
vt 0.825000 0.000000
s 1
usemtl lambert2
f 1792/1523/1615 1793/1524/1616 1794/1525/1617
f 1795/1526/1618 1792/1523/1615 1796/1527/1617
f 1797/1528/1619 1795/1526/1618 1798/1529/1617
f 1799/1530/1620 1797/1528/1619 1800/1531/1617
f 1801/1532/1621 1799/1530/1620 1802/1533/1617
f 1803/1534/1622 1801/1532/1621 1804/1535/1617
f 1805/1536/1623 1803/1534/1622 1806/1537/1617
f 1807/1538/1624 1805/1536/1623 1808/1539/1617
f 1809/1540/1625 1807/1538/1624 1810/1541/1617
f 1811/1542/1626 1809/1540/1625 1812/1543/1617
f 1813/1544/1627 1811/1542/1626 1814/1545/1617
f 1815/1546/1628 1816/1547/1629 1817/1548/1617
f 1818/1549/1630 1815/1546/1628 1819/1550/1617
f 1820/1551/1631 1821/1552/1632 1822/1553/1617
f 1823/1554/1633 1820/1551/1631 1824/1555/1617
f 1825/1556/1616 1823/1554/1633 1826/1557/1617
f 1827/1558/1634 1828/1559/1635 1829/1560/1636
f 1828/1559/1635 1830/1561/1637 1831/1562/1636
f 1830/1561/1637 1832/1563/1638 1833/1564/1636
f 1832/1563/1638 1834/1565/1639 1835/1566/1636
f 1834/1565/1639 1836/1567/1640 1837/1568/1636
f 1836/1567/1640 1838/1569/1641 1839/1570/1636
f 1838/1569/1641 1840/1571/1642 1841/1572/1636
f 1840/1571/1642 1842/1573/1643 1843/1574/1636
f 1842/1573/1643 1844/1575/1644 1845/1576/1636
f 1844/1575/1644 1846/1577/1645 1847/1578/1636
f 1846/1577/1645 1848/1579/1646 1849/1580/1636
f 1850/1581/1647 1851/1582/1648 1852/1583/1636
f 1851/1582/1648 1853/1584/1649 1854/1585/1636
f 1855/1586/1650 1856/1587/1651 1857/1588/1636
f 1856/1587/1651 1858/1589/1652 1859/1590/1636
f 1858/1589/1652 1860/1591/1634 1861/1592/1636
f 1793/1524/1616 1792/1523/1615 1862/1593/1653
f 1793/1524/1616 1862/1593/1653 1863/1594/1654
f 1792/1523/1615 1795/1526/1618 1864/1595/1655
f 1792/1523/1615 1864/1595/1655 1862/1593/1653
f 1795/1526/1618 1797/1528/1619 1865/1596/1656
f 1795/1526/1618 1865/1596/1656 1864/1595/1655
f 1797/1528/1619 1799/1530/1620 1866/1597/1657
f 1797/1528/1619 1866/1597/1657 1865/1596/1656
f 1799/1530/1620 1801/1532/1621 1867/1598/1658
f 1799/1530/1620 1867/1598/1658 1866/1597/1657
f 1801/1532/1621 1803/1534/1622 1868/1599/1659
f 1801/1532/1621 1868/1599/1659 1867/1598/1658
f 1803/1534/1622 1805/1536/1623 1869/1600/1660
f 1803/1534/1622 1869/1600/1660 1868/1599/1659
f 1805/1536/1623 1807/1538/1624 1870/1601/1661
f 1805/1536/1623 1870/1601/1661 1869/1600/1660
f 1807/1538/1624 1809/1540/1625 1871/1602/1662
f 1807/1538/1624 1871/1602/1662 1870/1601/1661
f 1809/1540/1625 1811/1542/1626 1872/1603/1663
f 1809/1540/1625 1872/1603/1663 1871/1602/1662
f 1811/1542/1626 1813/1544/1627 1873/1604/1664
f 1811/1542/1626 1873/1604/1664 1872/1603/1663
f 1813/1544/1627 1874/1605/1665 1875/1606/1666
f 1813/1544/1627 1875/1606/1666 1873/1604/1664
f 1876/1607/1667 1877/1608/1668 1878/1609/1669
f 1876/1607/1667 1878/1609/1669 1879/1610/1670
f 1816/1547/1629 1815/1546/1628 1880/1611/1671
f 1816/1547/1629 1880/1611/1671 1881/1612/1672
f 1815/1546/1628 1818/1549/1630 1882/1613/1673
f 1815/1546/1628 1882/1613/1673 1880/1611/1671
f 1818/1549/1630 1883/1614/1674 1884/1615/1675
f 1818/1549/1630 1884/1615/1675 1882/1613/1673
f 1885/1616/1676 1886/1617/1677 1887/1618/1678
f 1885/1616/1676 1887/1618/1678 1888/1619/1679
f 1821/1552/1632 1820/1551/1631 1889/1620/1680
f 1821/1552/1632 1889/1620/1680 1890/1621/1681
f 1820/1551/1631 1823/1554/1633 1891/1622/1682
f 1820/1551/1631 1891/1622/1682 1889/1620/1680
f 1823/1554/1633 1825/1556/1616 1892/1623/1683
f 1823/1554/1633 1892/1623/1683 1891/1622/1682
f 1863/1594/1654 1862/1593/1653 1893/1624/1684
f 1863/1594/1654 1893/1624/1684 1894/1625/1685
f 1862/1593/1653 1864/1595/1655 1895/1626/1686
f 1862/1593/1653 1895/1626/1686 1893/1624/1684
f 1864/1595/1655 1865/1596/1656 1896/1627/1687
f 1864/1595/1655 1896/1627/1687 1895/1626/1686
f 1865/1596/1656 1866/1597/1657 1897/1628/1688
f 1865/1596/1656 1897/1628/1688 1896/1627/1687
f 1866/1597/1657 1867/1598/1658 1898/1629/1689
f 1866/1597/1657 1898/1629/1689 1897/1628/1688
f 1867/1598/1658 1868/1599/1659 1899/1630/1690
f 1867/1598/1658 1899/1630/1690 1898/1629/1689
f 1868/1599/1659 1869/1600/1660 1900/1631/1691
f 1868/1599/1659 1900/1631/1691 1899/1630/1690
f 1869/1600/1660 1870/1601/1661 1901/1632/1692
f 1869/1600/1660 1901/1632/1692 1900/1631/1691
f 1870/1601/1661 1871/1602/1662 1902/1633/1693
f 1870/1601/1661 1902/1633/1693 1901/1632/1692
f 1871/1602/1662 1872/1603/1663 1903/1634/1694
f 1871/1602/1662 1903/1634/1694 1902/1633/1693
f 1872/1603/1663 1873/1604/1664 1904/1635/1695
f 1872/1603/1663 1904/1635/1695 1903/1634/1694
f 1873/1604/1664 1875/1606/1666 1905/1636/1696
f 1873/1604/1664 1905/1636/1696 1904/1635/1695
f 1879/1610/1670 1878/1609/1669 1906/1637/1697
f 1879/1610/1670 1906/1637/1697 1907/1638/1698
f 1881/1612/1672 1880/1611/1671 1908/1639/1699
f 1881/1612/1672 1908/1639/1699 1909/1640/1700
f 1880/1611/1671 1882/1613/1673 1910/1641/1701
f 1880/1611/1671 1910/1641/1701 1908/1639/1699
f 1882/1613/1673 1884/1615/1675 1911/1642/1702
f 1882/1613/1673 1911/1642/1702 1910/1641/1701
f 1888/1619/1679 1887/1618/1678 1912/1643/1703
f 1888/1619/1679 1912/1643/1703 1913/1644/1704
f 1890/1621/1681 1889/1620/1680 1914/1645/1705
f 1890/1621/1681 1914/1645/1705 1915/1646/1706
f 1889/1620/1680 1891/1622/1682 1916/1647/1707
f 1889/1620/1680 1916/1647/1707 1914/1645/1705
f 1891/1622/1682 1892/1623/1683 1917/1648/1685
f 1891/1622/1682 1917/1648/1685 1916/1647/1707
f 1894/1625/1685 1893/1624/1684 1918/1649/1708
f 1894/1625/1685 1918/1649/1708 1919/1650/1709
f 1893/1624/1684 1895/1626/1686 1920/1651/1710
f 1893/1624/1684 1920/1651/1710 1918/1649/1708
f 1895/1626/1686 1896/1627/1687 1921/1652/1711
f 1895/1626/1686 1921/1652/1711 1920/1651/1710
f 1896/1627/1687 1897/1628/1688 1922/1653/1712
f 1896/1627/1687 1922/1653/1712 1921/1652/1711
f 1897/1628/1688 1898/1629/1689 1923/1654/1713
f 1897/1628/1688 1923/1654/1713 1922/1653/1712
f 1898/1629/1689 1899/1630/1690 1924/1655/1714
f 1898/1629/1689 1924/1655/1714 1923/1654/1713
f 1899/1630/1690 1900/1631/1691 1925/1656/1715
f 1899/1630/1690 1925/1656/1715 1924/1655/1714
f 1900/1631/1691 1901/1632/1692 1926/1657/1716
f 1900/1631/1691 1926/1657/1716 1925/1656/1715
f 1901/1632/1692 1902/1633/1693 1927/1658/1717
f 1901/1632/1692 1927/1658/1717 1926/1657/1716
f 1902/1633/1693 1903/1634/1694 1928/1659/1718
f 1902/1633/1693 1928/1659/1718 1927/1658/1717
f 1903/1634/1694 1904/1635/1695 1929/1660/1719
f 1903/1634/1694 1929/1660/1719 1928/1659/1718
f 1904/1635/1695 1905/1636/1696 1930/1661/1720
f 1904/1635/1695 1930/1661/1720 1929/1660/1719
f 1907/1638/1698 1906/1637/1697 1931/1662/1721
f 1907/1638/1698 1931/1662/1721 1932/1663/1722
f 1909/1640/1700 1908/1639/1699 1933/1664/1723
f 1909/1640/1700 1933/1664/1723 1934/1665/1724
f 1908/1639/1699 1910/1641/1701 1935/1666/1725
f 1908/1639/1699 1935/1666/1725 1933/1664/1723
f 1910/1641/1701 1911/1642/1702 1936/1667/1726
f 1910/1641/1701 1936/1667/1726 1935/1666/1725
f 1913/1644/1704 1912/1643/1703 1937/1668/1727
f 1913/1644/1704 1937/1668/1727 1938/1669/1728
f 1915/1646/1706 1914/1645/1705 1939/1670/1729
f 1915/1646/1706 1939/1670/1729 1940/1671/1730
f 1914/1645/1705 1916/1647/1707 1941/1672/1731
f 1914/1645/1705 1941/1672/1731 1939/1670/1729
f 1916/1647/1707 1917/1648/1685 1942/1673/1709
f 1916/1647/1707 1942/1673/1709 1941/1672/1731
f 1919/1650/1709 1918/1649/1708 1943/1674/1732
f 1919/1650/1709 1943/1674/1732 1944/1675/1733
f 1918/1649/1708 1920/1651/1710 1945/1676/1734
f 1918/1649/1708 1945/1676/1734 1943/1674/1732
f 1920/1651/1710 1921/1652/1711 1946/1677/1735
f 1920/1651/1710 1946/1677/1735 1945/1676/1734
f 1921/1652/1711 1922/1653/1712 1947/1678/1736
f 1921/1652/1711 1947/1678/1736 1946/1677/1735
f 1922/1653/1712 1923/1654/1713 1948/1679/1737
f 1922/1653/1712 1948/1679/1737 1947/1678/1736
f 1923/1654/1713 1924/1655/1714 1949/1680/1738
f 1923/1654/1713 1949/1680/1738 1948/1679/1737
f 1924/1655/1714 1925/1656/1715 1950/1681/1739
f 1924/1655/1714 1950/1681/1739 1949/1680/1738
f 1925/1656/1715 1926/1657/1716 1951/1682/1740
f 1925/1656/1715 1951/1682/1740 1950/1681/1739
f 1926/1657/1716 1927/1658/1717 1952/1683/1741
f 1926/1657/1716 1952/1683/1741 1951/1682/1740
f 1927/1658/1717 1928/1659/1718 1953/1684/1742
f 1927/1658/1717 1953/1684/1742 1952/1683/1741
f 1928/1659/1718 1929/1660/1719 1954/1685/1743
f 1928/1659/1718 1954/1685/1743 1953/1684/1742
f 1929/1660/1719 1930/1661/1720 1955/1686/1744
f 1929/1660/1719 1955/1686/1744 1954/1685/1743
f 1932/1663/1722 1931/1662/1721 1956/1687/1745
f 1932/1663/1722 1956/1687/1745 1957/1688/1746
f 1934/1665/1724 1933/1664/1723 1958/1689/1747
f 1934/1665/1724 1958/1689/1747 1959/1690/1748
f 1933/1664/1723 1935/1666/1725 1960/1691/1749
f 1933/1664/1723 1960/1691/1749 1958/1689/1747
f 1935/1666/1725 1936/1667/1726 1961/1692/1750
f 1935/1666/1725 1961/1692/1750 1960/1691/1749
f 1938/1669/1728 1937/1668/1727 1962/1693/1751
f 1938/1669/1728 1962/1693/1751 1963/1694/1752
f 1940/1671/1730 1939/1670/1729 1964/1695/1753
f 1940/1671/1730 1964/1695/1753 1965/1696/1754
f 1939/1670/1729 1941/1672/1731 1966/1697/1755
f 1939/1670/1729 1966/1697/1755 1964/1695/1753
f 1941/1672/1731 1942/1673/1709 1967/1698/1733
f 1941/1672/1731 1967/1698/1733 1966/1697/1755
f 1944/1675/1733 1943/1674/1732 1968/1699/1756
f 1944/1675/1733 1968/1699/1756 1969/1700/1757
f 1943/1674/1732 1945/1676/1734 1970/1701/1758
f 1943/1674/1732 1970/1701/1758 1968/1699/1756
f 1945/1676/1734 1946/1677/1735 1971/1702/1759
f 1945/1676/1734 1971/1702/1759 1970/1701/1758
f 1946/1677/1735 1947/1678/1736 1972/1703/1760
f 1946/1677/1735 1972/1703/1760 1971/1702/1759
f 1947/1678/1736 1948/1679/1737 1973/1704/1761
f 1947/1678/1736 1973/1704/1761 1972/1703/1760
f 1948/1679/1737 1949/1680/1738 1974/1705/1762
f 1948/1679/1737 1974/1705/1762 1973/1704/1761
f 1949/1680/1738 1950/1681/1739 1975/1706/1763
f 1949/1680/1738 1975/1706/1763 1974/1705/1762
f 1950/1681/1739 1951/1682/1740 1976/1707/1764
f 1950/1681/1739 1976/1707/1764 1975/1706/1763
f 1951/1682/1740 1952/1683/1741 1977/1708/1765
f 1951/1682/1740 1977/1708/1765 1976/1707/1764
f 1952/1683/1741 1953/1684/1742 1978/1709/1766
f 1952/1683/1741 1978/1709/1766 1977/1708/1765
f 1953/1684/1742 1954/1685/1743 1979/1710/1767
f 1953/1684/1742 1979/1710/1767 1978/1709/1766
f 1954/1685/1743 1955/1686/1744 1980/1711/1768
f 1954/1685/1743 1980/1711/1768 1979/1710/1767
f 1957/1688/1746 1956/1687/1745 1981/1712/1769
f 1957/1688/1746 1981/1712/1769 1982/1713/1770
f 1959/1690/1748 1958/1689/1747 1983/1714/1771
f 1959/1690/1748 1983/1714/1771 1984/1715/1772
f 1958/1689/1747 1960/1691/1749 1985/1716/1773
f 1958/1689/1747 1985/1716/1773 1983/1714/1771
f 1960/1691/1749 1961/1692/1750 1986/1717/1774
f 1960/1691/1749 1986/1717/1774 1985/1716/1773
f 1963/1694/1752 1962/1693/1751 1987/1718/1775
f 1963/1694/1752 1987/1718/1775 1988/1719/1776
f 1965/1696/1754 1964/1695/1753 1989/1720/1777
f 1965/1696/1754 1989/1720/1777 1990/1721/1778
f 1964/1695/1753 1966/1697/1755 1991/1722/1779
f 1964/1695/1753 1991/1722/1779 1989/1720/1777
f 1966/1697/1755 1967/1698/1733 1992/1723/1780
f 1966/1697/1755 1992/1723/1780 1991/1722/1779
f 1969/1700/1757 1968/1699/1756 1993/1724/1781
f 1969/1700/1757 1993/1724/1781 1994/1725/1782
f 1968/1699/1756 1970/1701/1758 1995/1726/1783
f 1968/1699/1756 1995/1726/1783 1993/1724/1781
f 1970/1701/1758 1971/1702/1759 1996/1727/1784
f 1970/1701/1758 1996/1727/1784 1995/1726/1783
f 1971/1702/1759 1972/1703/1760 1997/1728/1785
f 1971/1702/1759 1997/1728/1785 1996/1727/1784
f 1972/1703/1760 1973/1704/1761 1998/1729/1786
f 1972/1703/1760 1998/1729/1786 1997/1728/1785
f 1973/1704/1761 1974/1705/1762 1999/1730/1787
f 1973/1704/1761 1999/1730/1787 1998/1729/1786
f 1974/1705/1762 1975/1706/1763 2000/1731/1788
f 1974/1705/1762 2000/1731/1788 1999/1730/1787
f 1975/1706/1763 1976/1707/1764 2001/1732/1789
f 1975/1706/1763 2001/1732/1789 2000/1731/1788
f 1976/1707/1764 1977/1708/1765 2002/1733/1790
f 1976/1707/1764 2002/1733/1790 2001/1732/1789
f 1977/1708/1765 1978/1709/1766 2003/1734/1791
f 1977/1708/1765 2003/1734/1791 2002/1733/1790
f 1978/1709/1766 1979/1710/1767 2004/1735/1792
f 1978/1709/1766 2004/1735/1792 2003/1734/1791
f 1979/1710/1767 1980/1711/1768 2005/1736/1793
f 1979/1710/1767 2005/1736/1793 2004/1735/1792
f 1982/1713/1770 1981/1712/1769 2006/1737/1794
f 1982/1713/1770 2006/1737/1794 2007/1738/1795
f 1984/1715/1772 1983/1714/1771 2008/1739/1796
f 1984/1715/1772 2008/1739/1796 2009/1740/1797
f 1983/1714/1771 1985/1716/1773 2010/1741/1798
f 1983/1714/1771 2010/1741/1798 2008/1739/1796
f 1985/1716/1773 1986/1717/1774 2011/1742/1799
f 1985/1716/1773 2011/1742/1799 2010/1741/1798
f 1988/1719/1776 1987/1718/1775 2012/1743/1800
f 1988/1719/1776 2012/1743/1800 2013/1744/1801
f 1990/1721/1778 1989/1720/1777 2014/1745/1802
f 1990/1721/1778 2014/1745/1802 2015/1746/1803
f 1989/1720/1777 1991/1722/1779 2016/1747/1804
f 1989/1720/1777 2016/1747/1804 2014/1745/1802
f 1991/1722/1779 1992/1723/1780 2017/1748/1805
f 1991/1722/1779 2017/1748/1805 2016/1747/1804
f 1994/1725/1782 1993/1724/1781 2018/1749/1806
f 1994/1725/1782 2018/1749/1806 2019/1750/1807
f 1993/1724/1781 1995/1726/1783 2020/1751/1808
f 1993/1724/1781 2020/1751/1808 2018/1749/1806
f 1995/1726/1783 1996/1727/1784 2021/1752/1809
f 1995/1726/1783 2021/1752/1809 2020/1751/1808
f 1996/1727/1784 1997/1728/1785 2022/1753/1810
f 1996/1727/1784 2022/1753/1810 2021/1752/1809
f 1997/1728/1785 1998/1729/1786 2023/1754/1811
f 1997/1728/1785 2023/1754/1811 2022/1753/1810
f 1998/1729/1786 1999/1730/1787 2024/1755/1812
f 1998/1729/1786 2024/1755/1812 2023/1754/1811
f 1999/1730/1787 2000/1731/1788 2025/1756/1813
f 1999/1730/1787 2025/1756/1813 2024/1755/1812
f 2000/1731/1788 2001/1732/1789 2026/1757/1814
f 2000/1731/1788 2026/1757/1814 2025/1756/1813
f 2001/1732/1789 2002/1733/1790 2027/1758/1815
f 2001/1732/1789 2027/1758/1815 2026/1757/1814
f 2002/1733/1790 2003/1734/1791 2028/1759/1816
f 2002/1733/1790 2028/1759/1816 2027/1758/1815
f 2003/1734/1791 2004/1735/1792 2029/1760/1817
f 2003/1734/1791 2029/1760/1817 2028/1759/1816
f 2004/1735/1792 2005/1736/1793 2030/1761/1818
f 2004/1735/1792 2030/1761/1818 2029/1760/1817
f 2007/1738/1795 2006/1737/1794 2031/1762/1819
f 2007/1738/1795 2031/1762/1819 2032/1763/1820
f 2009/1740/1797 2008/1739/1796 2033/1764/1821
f 2009/1740/1797 2033/1764/1821 2034/1765/1822
f 2008/1739/1796 2010/1741/1798 2035/1766/1823
f 2008/1739/1796 2035/1766/1823 2033/1764/1821
f 2010/1741/1798 2011/1742/1799 2036/1767/1824
f 2010/1741/1798 2036/1767/1824 2035/1766/1823
f 2013/1744/1801 2012/1743/1800 2037/1768/1825
f 2013/1744/1801 2037/1768/1825 2038/1769/1826
f 2015/1746/1803 2014/1745/1802 2039/1770/1827
f 2015/1746/1803 2039/1770/1827 2040/1771/1828
f 2014/1745/1802 2016/1747/1804 2041/1772/1829
f 2014/1745/1802 2041/1772/1829 2039/1770/1827
f 2016/1747/1804 2017/1748/1805 2042/1773/1830
f 2016/1747/1804 2042/1773/1830 2041/1772/1829
f 2019/1750/1807 2018/1749/1806 2043/1774/1831
f 2019/1750/1807 2043/1774/1831 2044/1775/1832
f 2018/1749/1806 2020/1751/1808 2045/1776/1833
f 2018/1749/1806 2045/1776/1833 2043/1774/1831
f 2020/1751/1808 2021/1752/1809 2046/1777/1834
f 2020/1751/1808 2046/1777/1834 2045/1776/1833
f 2021/1752/1809 2022/1753/1810 2047/1778/1835
f 2021/1752/1809 2047/1778/1835 2046/1777/1834
f 2022/1753/1810 2023/1754/1811 2048/1779/1836
f 2022/1753/1810 2048/1779/1836 2047/1778/1835
f 2023/1754/1811 2024/1755/1812 2049/1780/1837
f 2023/1754/1811 2049/1780/1837 2048/1779/1836
f 2024/1755/1812 2025/1756/1813 2050/1781/1838
f 2024/1755/1812 2050/1781/1838 2049/1780/1837
f 2025/1756/1813 2026/1757/1814 2051/1782/1839
f 2025/1756/1813 2051/1782/1839 2050/1781/1838
f 2026/1757/1814 2027/1758/1815 2052/1783/1840
f 2026/1757/1814 2052/1783/1840 2051/1782/1839
f 2027/1758/1815 2028/1759/1816 2053/1784/1841
f 2027/1758/1815 2053/1784/1841 2052/1783/1840
f 2028/1759/1816 2029/1760/1817 2054/1785/1842
f 2028/1759/1816 2054/1785/1842 2053/1784/1841
s 0
f 2055/1760/1843 2056/1761/1843 2057/1786/1843
f 2055/1760/1843 2057/1786/1843 2058/1785/1843
f 2059/1763/1843 2060/1762/1843 2061/1787/1843
f 2059/1763/1843 2061/1787/1843 2062/1788/1843
s 1
f 2034/1765/1822 2033/1764/1821 2063/1789/1844
f 2034/1765/1822 2063/1789/1844 2064/1790/1845
f 2033/1764/1821 2035/1766/1823 2065/1791/1846
f 2033/1764/1821 2065/1791/1846 2063/1789/1844
f 2035/1766/1823 2036/1767/1824 2066/1792/1847
f 2035/1766/1823 2066/1792/1847 2065/1791/1846
s 0
f 2067/1769/1848 2068/1768/1848 2069/1793/1848
f 2067/1769/1848 2069/1793/1848 2070/1794/1848
s 1
f 2040/1771/1828 2039/1770/1827 2071/1795/1849
f 2040/1771/1828 2071/1795/1849 2072/1796/1850
f 2039/1770/1827 2041/1772/1829 2073/1797/1851
f 2039/1770/1827 2073/1797/1851 2071/1795/1849
f 2041/1772/1829 2042/1773/1830 2074/1798/1852
f 2041/1772/1829 2074/1798/1852 2073/1797/1851
f 2044/1775/1832 2043/1774/1831 2075/1799/1853
f 2044/1775/1832 2075/1799/1853 2076/1800/1854
f 2043/1774/1831 2045/1776/1833 2077/1801/1855
f 2043/1774/1831 2077/1801/1855 2075/1799/1853
f 2045/1776/1833 2046/1777/1834 2078/1802/1856
f 2045/1776/1833 2078/1802/1856 2077/1801/1855
f 2046/1777/1834 2047/1778/1835 2079/1803/1857
f 2046/1777/1834 2079/1803/1857 2078/1802/1856
f 2047/1778/1835 2048/1779/1836 2080/1804/1858
f 2047/1778/1835 2080/1804/1858 2079/1803/1857
f 2048/1779/1836 2049/1780/1837 2081/1805/1859
f 2048/1779/1836 2081/1805/1859 2080/1804/1858
f 2049/1780/1837 2050/1781/1838 2082/1806/1860
f 2049/1780/1837 2082/1806/1860 2081/1805/1859
f 2050/1781/1838 2051/1782/1839 2083/1807/1861
f 2050/1781/1838 2083/1807/1861 2082/1806/1860
f 2051/1782/1839 2052/1783/1840 2084/1808/1862
f 2051/1782/1839 2084/1808/1862 2083/1807/1861
f 2052/1783/1840 2053/1784/1841 2085/1809/1863
f 2052/1783/1840 2085/1809/1863 2084/1808/1862
f 2053/1784/1841 2054/1785/1842 2086/1810/1864
f 2053/1784/1841 2086/1810/1864 2085/1809/1863
s 0
f 2058/1785/1843 2057/1786/1843 2087/1811/1843
f 2058/1785/1843 2087/1811/1843 2088/1810/1843
f 2062/1788/1843 2061/1787/1843 2089/1812/1843
f 2062/1788/1843 2089/1812/1843 2090/1813/1843
s 1
f 2064/1790/1845 2063/1789/1844 2091/1814/1865
f 2064/1790/1845 2091/1814/1865 2092/1815/1866
f 2063/1789/1844 2065/1791/1846 2093/1816/1867
f 2063/1789/1844 2093/1816/1867 2091/1814/1865
f 2065/1791/1846 2066/1792/1847 2094/1817/1868
f 2065/1791/1846 2094/1817/1868 2093/1816/1867
s 0
f 2070/1794/1848 2069/1793/1848 2095/1818/1848
f 2070/1794/1848 2095/1818/1848 2096/1819/1848
s 1
f 2072/1796/1850 2071/1795/1849 2097/1820/1869
f 2072/1796/1850 2097/1820/1869 2098/1821/1870
f 2071/1795/1849 2073/1797/1851 2099/1822/1871
f 2071/1795/1849 2099/1822/1871 2097/1820/1869
f 2073/1797/1851 2074/1798/1852 2100/1823/1872
f 2073/1797/1851 2100/1823/1872 2099/1822/1871
f 2076/1800/1854 2075/1799/1853 2101/1824/1873
f 2076/1800/1854 2101/1824/1873 2102/1825/1874
f 2075/1799/1853 2077/1801/1855 2103/1826/1875
f 2075/1799/1853 2103/1826/1875 2101/1824/1873
f 2077/1801/1855 2078/1802/1856 2104/1827/1876
f 2077/1801/1855 2104/1827/1876 2103/1826/1875
f 2078/1802/1856 2079/1803/1857 2105/1828/1877
f 2078/1802/1856 2105/1828/1877 2104/1827/1876
f 2079/1803/1857 2080/1804/1858 2106/1829/1878
f 2079/1803/1857 2106/1829/1878 2105/1828/1877
f 2080/1804/1858 2081/1805/1859 2107/1830/1879
f 2080/1804/1858 2107/1830/1879 2106/1829/1878
f 2081/1805/1859 2082/1806/1860 2108/1831/1880
f 2081/1805/1859 2108/1831/1880 2107/1830/1879
f 2082/1806/1860 2083/1807/1861 2109/1832/1881
f 2082/1806/1860 2109/1832/1881 2108/1831/1880
f 2083/1807/1861 2084/1808/1862 2110/1833/1882
f 2083/1807/1861 2110/1833/1882 2109/1832/1881
f 2084/1808/1862 2085/1809/1863 2111/1834/1883
f 2084/1808/1862 2111/1834/1883 2110/1833/1882
f 2085/1809/1863 2086/1810/1864 2112/1835/1884
f 2085/1809/1863 2112/1835/1884 2111/1834/1883
s 0
f 2088/1810/1843 2087/1811/1843 2113/1836/1843
f 2088/1810/1843 2113/1836/1843 2114/1835/1843
f 2090/1813/1843 2089/1812/1843 2115/1837/1843
f 2090/1813/1843 2115/1837/1843 2116/1838/1843
s 1
f 2092/1815/1866 2091/1814/1865 2117/1839/1885
f 2092/1815/1866 2117/1839/1885 2118/1840/1886
f 2091/1814/1865 2093/1816/1867 2119/1841/1887
f 2091/1814/1865 2119/1841/1887 2117/1839/1885
f 2093/1816/1867 2094/1817/1868 2120/1842/1888
f 2093/1816/1867 2120/1842/1888 2119/1841/1887
s 0
f 2096/1819/1848 2095/1818/1848 2121/1843/1848
f 2096/1819/1848 2121/1843/1848 2122/1844/1848
s 1
f 2098/1821/1870 2097/1820/1869 2123/1845/1889
f 2098/1821/1870 2123/1845/1889 2124/1846/1890
f 2097/1820/1869 2099/1822/1871 2125/1847/1891
f 2097/1820/1869 2125/1847/1891 2123/1845/1889
f 2099/1822/1871 2100/1823/1872 2126/1848/1892
f 2099/1822/1871 2126/1848/1892 2125/1847/1891
f 2102/1825/1874 2101/1824/1873 2127/1849/1893
f 2102/1825/1874 2127/1849/1893 2128/1850/1894
f 2101/1824/1873 2103/1826/1875 2129/1851/1895
f 2101/1824/1873 2129/1851/1895 2127/1849/1893
f 2103/1826/1875 2104/1827/1876 2130/1852/1896
f 2103/1826/1875 2130/1852/1896 2129/1851/1895
f 2104/1827/1876 2105/1828/1877 2131/1853/1897
f 2104/1827/1876 2131/1853/1897 2130/1852/1896
f 2105/1828/1877 2106/1829/1878 2132/1854/1898
f 2105/1828/1877 2132/1854/1898 2131/1853/1897
f 2106/1829/1878 2107/1830/1879 2133/1855/1899
f 2106/1829/1878 2133/1855/1899 2132/1854/1898
f 2107/1830/1879 2108/1831/1880 2134/1856/1900
f 2107/1830/1879 2134/1856/1900 2133/1855/1899
f 2108/1831/1880 2109/1832/1881 2135/1857/1901
f 2108/1831/1880 2135/1857/1901 2134/1856/1900
f 2109/1832/1881 2110/1833/1882 2136/1858/1902
f 2109/1832/1881 2136/1858/1902 2135/1857/1901
f 2110/1833/1882 2111/1834/1883 2137/1859/1903
f 2110/1833/1882 2137/1859/1903 2136/1858/1902
f 2111/1834/1883 2112/1835/1884 2138/1860/1904
f 2111/1834/1883 2138/1860/1904 2137/1859/1903
f 2112/1835/1884 2139/1836/1905 2140/1861/1906
f 2112/1835/1884 2140/1861/1906 2138/1860/1904
f 2141/1838/1907 2142/1837/1908 2143/1862/1909
f 2141/1838/1907 2143/1862/1909 2144/1863/1910
f 2118/1840/1886 2117/1839/1885 2145/1864/1911
f 2118/1840/1886 2145/1864/1911 2146/1865/1912
f 2117/1839/1885 2119/1841/1887 2147/1866/1913
f 2117/1839/1885 2147/1866/1913 2145/1864/1911
f 2119/1841/1887 2120/1842/1888 2148/1867/1914
f 2119/1841/1887 2148/1867/1914 2147/1866/1913
f 2149/1844/1915 2150/1843/1916 2151/1868/1917
f 2149/1844/1915 2151/1868/1917 2152/1869/1918
f 2124/1846/1890 2123/1845/1889 2153/1870/1919
f 2124/1846/1890 2153/1870/1919 2154/1871/1920
f 2123/1845/1889 2125/1847/1891 2155/1872/1921
f 2123/1845/1889 2155/1872/1921 2153/1870/1919
f 2125/1847/1891 2126/1848/1892 2156/1873/1922
f 2125/1847/1891 2156/1873/1922 2155/1872/1921
f 2128/1850/1894 2127/1849/1893 2157/1874/1923
f 2128/1850/1894 2157/1874/1923 2158/1875/1924
f 2127/1849/1893 2129/1851/1895 2159/1876/1925
f 2127/1849/1893 2159/1876/1925 2157/1874/1923
f 2129/1851/1895 2130/1852/1896 2160/1877/1926
f 2129/1851/1895 2160/1877/1926 2159/1876/1925
f 2130/1852/1896 2131/1853/1897 2161/1878/1927
f 2130/1852/1896 2161/1878/1927 2160/1877/1926
f 2131/1853/1897 2132/1854/1898 2162/1879/1928
f 2131/1853/1897 2162/1879/1928 2161/1878/1927
f 2132/1854/1898 2133/1855/1899 2163/1880/1929
f 2132/1854/1898 2163/1880/1929 2162/1879/1928
f 2133/1855/1899 2134/1856/1900 2164/1881/1930
f 2133/1855/1899 2164/1881/1930 2163/1880/1929
f 2134/1856/1900 2135/1857/1901 2165/1882/1931
f 2134/1856/1900 2165/1882/1931 2164/1881/1930
f 2135/1857/1901 2136/1858/1902 2166/1883/1932
f 2135/1857/1901 2166/1883/1932 2165/1882/1931
f 2136/1858/1902 2137/1859/1903 2167/1884/1933
f 2136/1858/1902 2167/1884/1933 2166/1883/1932
f 2137/1859/1903 2138/1860/1904 2168/1885/1934
f 2137/1859/1903 2168/1885/1934 2167/1884/1933
f 2138/1860/1904 2140/1861/1906 2169/1886/1935
f 2138/1860/1904 2169/1886/1935 2168/1885/1934
f 2144/1863/1910 2143/1862/1909 2170/1887/1936
f 2144/1863/1910 2170/1887/1936 2171/1888/1937
f 2146/1865/1912 2145/1864/1911 2172/1889/1938
f 2146/1865/1912 2172/1889/1938 2173/1890/1939
f 2145/1864/1911 2147/1866/1913 2174/1891/1940
f 2145/1864/1911 2174/1891/1940 2172/1889/1938
f 2147/1866/1913 2148/1867/1914 2175/1892/1941
f 2147/1866/1913 2175/1892/1941 2174/1891/1940
f 2152/1869/1918 2151/1868/1917 2176/1893/1942
f 2152/1869/1918 2176/1893/1942 2177/1894/1943
f 2154/1871/1920 2153/1870/1919 2178/1895/1944
f 2154/1871/1920 2178/1895/1944 2179/1896/1945
f 2153/1870/1919 2155/1872/1921 2180/1897/1946
f 2153/1870/1919 2180/1897/1946 2178/1895/1944
f 2155/1872/1921 2156/1873/1922 2181/1898/1947
f 2155/1872/1921 2181/1898/1947 2180/1897/1946
f 2158/1875/1924 2157/1874/1923 2182/1899/1948
f 2158/1875/1924 2182/1899/1948 2183/1900/1949
f 2157/1874/1923 2159/1876/1925 2184/1901/1950
f 2157/1874/1923 2184/1901/1950 2182/1899/1948
f 2159/1876/1925 2160/1877/1926 2185/1902/1951
f 2159/1876/1925 2185/1902/1951 2184/1901/1950
f 2160/1877/1926 2161/1878/1927 2186/1903/1952
f 2160/1877/1926 2186/1903/1952 2185/1902/1951
f 2161/1878/1927 2162/1879/1928 2187/1904/1953
f 2161/1878/1927 2187/1904/1953 2186/1903/1952
f 2162/1879/1928 2163/1880/1929 2188/1905/1954
f 2162/1879/1928 2188/1905/1954 2187/1904/1953
f 2163/1880/1929 2164/1881/1930 2189/1906/1955
f 2163/1880/1929 2189/1906/1955 2188/1905/1954
f 2164/1881/1930 2165/1882/1931 2190/1907/1956
f 2164/1881/1930 2190/1907/1956 2189/1906/1955
f 2165/1882/1931 2166/1883/1932 2191/1908/1957
f 2165/1882/1931 2191/1908/1957 2190/1907/1956
f 2166/1883/1932 2167/1884/1933 2192/1909/1958
f 2166/1883/1932 2192/1909/1958 2191/1908/1957
f 2167/1884/1933 2168/1885/1934 2193/1910/1959
f 2167/1884/1933 2193/1910/1959 2192/1909/1958
f 2168/1885/1934 2169/1886/1935 2194/1911/1960
f 2168/1885/1934 2194/1911/1960 2193/1910/1959
f 2171/1888/1937 2170/1887/1936 2195/1912/1961
f 2171/1888/1937 2195/1912/1961 2196/1913/1962
f 2173/1890/1939 2172/1889/1938 2197/1914/1963
f 2173/1890/1939 2197/1914/1963 2198/1915/1964
f 2172/1889/1938 2174/1891/1940 2199/1916/1965
f 2172/1889/1938 2199/1916/1965 2197/1914/1963
f 2174/1891/1940 2175/1892/1941 2200/1917/1966
f 2174/1891/1940 2200/1917/1966 2199/1916/1965
f 2177/1894/1943 2176/1893/1942 2201/1918/1967
f 2177/1894/1943 2201/1918/1967 2202/1919/1968
f 2179/1896/1945 2178/1895/1944 2203/1920/1969
f 2179/1896/1945 2203/1920/1969 2204/1921/1970
f 2178/1895/1944 2180/1897/1946 2205/1922/1971
f 2178/1895/1944 2205/1922/1971 2203/1920/1969
f 2180/1897/1946 2181/1898/1947 2206/1923/1949
f 2180/1897/1946 2206/1923/1949 2205/1922/1971
f 2183/1900/1949 2182/1899/1948 2207/1924/1972
f 2183/1900/1949 2207/1924/1972 2208/1925/1973
f 2182/1899/1948 2184/1901/1950 2209/1926/1974
f 2182/1899/1948 2209/1926/1974 2207/1924/1972
f 2184/1901/1950 2185/1902/1951 2210/1927/1975
f 2184/1901/1950 2210/1927/1975 2209/1926/1974
f 2185/1902/1951 2186/1903/1952 2211/1928/1976
f 2185/1902/1951 2211/1928/1976 2210/1927/1975
f 2186/1903/1952 2187/1904/1953 2212/1929/1977
f 2186/1903/1952 2212/1929/1977 2211/1928/1976
f 2187/1904/1953 2188/1905/1954 2213/1930/1978
f 2187/1904/1953 2213/1930/1978 2212/1929/1977
f 2188/1905/1954 2189/1906/1955 2214/1931/1979
f 2188/1905/1954 2214/1931/1979 2213/1930/1978
f 2189/1906/1955 2190/1907/1956 2215/1932/1980
f 2189/1906/1955 2215/1932/1980 2214/1931/1979
f 2190/1907/1956 2191/1908/1957 2216/1933/1981
f 2190/1907/1956 2216/1933/1981 2215/1932/1980
f 2191/1908/1957 2192/1909/1958 2217/1934/1982
f 2191/1908/1957 2217/1934/1982 2216/1933/1981
f 2192/1909/1958 2193/1910/1959 2218/1935/1983
f 2192/1909/1958 2218/1935/1983 2217/1934/1982
f 2193/1910/1959 2194/1911/1960 2219/1936/1984
f 2193/1910/1959 2219/1936/1984 2218/1935/1983
f 2196/1913/1962 2195/1912/1961 2220/1937/1985
f 2196/1913/1962 2220/1937/1985 2221/1938/1986
f 2198/1915/1964 2197/1914/1963 2222/1939/1987
f 2198/1915/1964 2222/1939/1987 2223/1940/1988
f 2197/1914/1963 2199/1916/1965 2224/1941/1989
f 2197/1914/1963 2224/1941/1989 2222/1939/1987
f 2199/1916/1965 2200/1917/1966 2225/1942/1990
f 2199/1916/1965 2225/1942/1990 2224/1941/1989
f 2202/1919/1968 2201/1918/1967 2226/1943/1991
f 2202/1919/1968 2226/1943/1991 2227/1944/1992
f 2204/1921/1970 2203/1920/1969 2228/1945/1993
f 2204/1921/1970 2228/1945/1993 2229/1946/1994
f 2203/1920/1969 2205/1922/1971 2230/1947/1995
f 2203/1920/1969 2230/1947/1995 2228/1945/1993
f 2205/1922/1971 2206/1923/1949 2231/1948/1996
f 2205/1922/1971 2231/1948/1996 2230/1947/1995
f 2208/1925/1973 2207/1924/1972 2232/1949/1997
f 2208/1925/1973 2232/1949/1997 2233/1950/1998
f 2207/1924/1972 2209/1926/1974 2234/1951/1999
f 2207/1924/1972 2234/1951/1999 2232/1949/1997
f 2209/1926/1974 2210/1927/1975 2235/1952/2000
f 2209/1926/1974 2235/1952/2000 2234/1951/1999
f 2210/1927/1975 2211/1928/1976 2236/1953/2001
f 2210/1927/1975 2236/1953/2001 2235/1952/2000
f 2211/1928/1976 2212/1929/1977 2237/1954/2002
f 2211/1928/1976 2237/1954/2002 2236/1953/2001
f 2212/1929/1977 2213/1930/1978 2238/1955/2003
f 2212/1929/1977 2238/1955/2003 2237/1954/2002
f 2213/1930/1978 2214/1931/1979 2239/1956/2004
f 2213/1930/1978 2239/1956/2004 2238/1955/2003
f 2214/1931/1979 2215/1932/1980 2240/1957/2005
f 2214/1931/1979 2240/1957/2005 2239/1956/2004
f 2215/1932/1980 2216/1933/1981 2241/1958/2006
f 2215/1932/1980 2241/1958/2006 2240/1957/2005
f 2216/1933/1981 2217/1934/1982 2242/1959/2007
f 2216/1933/1981 2242/1959/2007 2241/1958/2006
f 2217/1934/1982 2218/1935/1983 2243/1960/2008
f 2217/1934/1982 2243/1960/2008 2242/1959/2007
f 2218/1935/1983 2219/1936/1984 2244/1961/2009
f 2218/1935/1983 2244/1961/2009 2243/1960/2008
f 2221/1938/1986 2220/1937/1985 2245/1962/2010
f 2221/1938/1986 2245/1962/2010 2246/1963/2011
f 2223/1940/1988 2222/1939/1987 2247/1964/2012
f 2223/1940/1988 2247/1964/2012 2248/1965/2013
f 2222/1939/1987 2224/1941/1989 2249/1966/2014
f 2222/1939/1987 2249/1966/2014 2247/1964/2012
f 2224/1941/1989 2225/1942/1990 2250/1967/2015
f 2224/1941/1989 2250/1967/2015 2249/1966/2014
f 2227/1944/1992 2226/1943/1991 2251/1968/2016
f 2227/1944/1992 2251/1968/2016 2252/1969/2017
f 2229/1946/1994 2228/1945/1993 2253/1970/2018
f 2229/1946/1994 2253/1970/2018 2254/1971/2019
f 2228/1945/1993 2230/1947/1995 2255/1972/2020
f 2228/1945/1993 2255/1972/2020 2253/1970/2018
f 2230/1947/1995 2231/1948/1996 2256/1973/2021
f 2230/1947/1995 2256/1973/2021 2255/1972/2020
f 2233/1950/1998 2232/1949/1997 2257/1974/2022
f 2233/1950/1998 2257/1974/2022 2258/1975/2023
f 2232/1949/1997 2234/1951/1999 2259/1976/2024
f 2232/1949/1997 2259/1976/2024 2257/1974/2022
f 2234/1951/1999 2235/1952/2000 2260/1977/2025
f 2234/1951/1999 2260/1977/2025 2259/1976/2024
f 2235/1952/2000 2236/1953/2001 2261/1978/2026
f 2235/1952/2000 2261/1978/2026 2260/1977/2025
f 2236/1953/2001 2237/1954/2002 2262/1979/2027
f 2236/1953/2001 2262/1979/2027 2261/1978/2026
f 2237/1954/2002 2238/1955/2003 2263/1980/2028
f 2237/1954/2002 2263/1980/2028 2262/1979/2027
f 2238/1955/2003 2239/1956/2004 2264/1981/2029
f 2238/1955/2003 2264/1981/2029 2263/1980/2028
f 2239/1956/2004 2240/1957/2005 2265/1982/2030
f 2239/1956/2004 2265/1982/2030 2264/1981/2029
f 2240/1957/2005 2241/1958/2006 2266/1983/2031
f 2240/1957/2005 2266/1983/2031 2265/1982/2030
f 2241/1958/2006 2242/1959/2007 2267/1984/2032
f 2241/1958/2006 2267/1984/2032 2266/1983/2031
f 2242/1959/2007 2243/1960/2008 2268/1985/2033
f 2242/1959/2007 2268/1985/2033 2267/1984/2032
f 2243/1960/2008 2244/1961/2009 2269/1986/2034
f 2243/1960/2008 2269/1986/2034 2268/1985/2033
f 2246/1963/2011 2245/1962/2010 2270/1987/2035
f 2246/1963/2011 2270/1987/2035 2271/1988/2036
f 2248/1965/2013 2247/1964/2012 2272/1989/2037
f 2248/1965/2013 2272/1989/2037 2273/1990/2038
f 2247/1964/2012 2249/1966/2014 2274/1991/2039
f 2247/1964/2012 2274/1991/2039 2272/1989/2037
f 2249/1966/2014 2250/1967/2015 2275/1992/2040
f 2249/1966/2014 2275/1992/2040 2274/1991/2039
f 2252/1969/2017 2251/1968/2016 2276/1993/2041
f 2252/1969/2017 2276/1993/2041 2277/1994/2042
f 2254/1971/2019 2253/1970/2018 2278/1995/2043
f 2254/1971/2019 2278/1995/2043 2279/1996/2044
f 2253/1970/2018 2255/1972/2020 2280/1997/2045
f 2253/1970/2018 2280/1997/2045 2278/1995/2043
f 2255/1972/2020 2256/1973/2021 2281/1998/2023
f 2255/1972/2020 2281/1998/2023 2280/1997/2045
f 2258/1975/2023 2257/1974/2022 2282/1999/2046
f 2258/1975/2023 2282/1999/2046 2283/2000/2047
f 2257/1974/2022 2259/1976/2024 2284/2001/2048
f 2257/1974/2022 2284/2001/2048 2282/1999/2046
f 2259/1976/2024 2260/1977/2025 2285/2002/2049
f 2259/1976/2024 2285/2002/2049 2284/2001/2048
f 2260/1977/2025 2261/1978/2026 2286/2003/2050
f 2260/1977/2025 2286/2003/2050 2285/2002/2049
f 2261/1978/2026 2262/1979/2027 2287/2004/2051
f 2261/1978/2026 2287/2004/2051 2286/2003/2050
f 2262/1979/2027 2263/1980/2028 2288/2005/2052
f 2262/1979/2027 2288/2005/2052 2287/2004/2051
f 2263/1980/2028 2264/1981/2029 2289/2006/2053
f 2263/1980/2028 2289/2006/2053 2288/2005/2052
f 2264/1981/2029 2265/1982/2030 2290/2007/2054
f 2264/1981/2029 2290/2007/2054 2289/2006/2053
f 2265/1982/2030 2266/1983/2031 2291/2008/2055
f 2265/1982/2030 2291/2008/2055 2290/2007/2054
f 2266/1983/2031 2267/1984/2032 2292/2009/2056
f 2266/1983/2031 2292/2009/2056 2291/2008/2055
f 2267/1984/2032 2268/1985/2033 2293/2010/2057
f 2267/1984/2032 2293/2010/2057 2292/2009/2056
f 2268/1985/2033 2269/1986/2034 2294/2011/2058
f 2268/1985/2033 2294/2011/2058 2293/2010/2057
f 2271/1988/2036 2270/1987/2035 2295/2012/2059
f 2271/1988/2036 2295/2012/2059 2296/2013/2060
f 2273/1990/2038 2272/1989/2037 2297/2014/2061
f 2273/1990/2038 2297/2014/2061 2298/2015/2062
f 2272/1989/2037 2274/1991/2039 2299/2016/2063
f 2272/1989/2037 2299/2016/2063 2297/2014/2061
f 2274/1991/2039 2275/1992/2040 2300/2017/2064
f 2274/1991/2039 2300/2017/2064 2299/2016/2063
f 2277/1994/2042 2276/1993/2041 2301/2018/2065
f 2277/1994/2042 2301/2018/2065 2302/2019/2066
f 2279/1996/2044 2278/1995/2043 2303/2020/2067
f 2279/1996/2044 2303/2020/2067 2304/2021/2068
f 2278/1995/2043 2280/1997/2045 2305/2022/2069
f 2278/1995/2043 2305/2022/2069 2303/2020/2067
f 2280/1997/2045 2281/1998/2023 2306/2023/2047
f 2280/1997/2045 2306/2023/2047 2305/2022/2069
f 2283/2000/2047 2282/1999/2046 1828/1559/1635
f 2283/2000/2047 1828/1559/1635 1827/1558/1634
f 2282/1999/2046 2284/2001/2048 1830/1561/1637
f 2282/1999/2046 1830/1561/1637 1828/1559/1635
f 2284/2001/2048 2285/2002/2049 1832/1563/1638
f 2284/2001/2048 1832/1563/1638 1830/1561/1637
f 2285/2002/2049 2286/2003/2050 1834/1565/1639
f 2285/2002/2049 1834/1565/1639 1832/1563/1638
f 2286/2003/2050 2287/2004/2051 1836/1567/1640
f 2286/2003/2050 1836/1567/1640 1834/1565/1639
f 2287/2004/2051 2288/2005/2052 1838/1569/1641
f 2287/2004/2051 1838/1569/1641 1836/1567/1640
f 2288/2005/2052 2289/2006/2053 1840/1571/1642
f 2288/2005/2052 1840/1571/1642 1838/1569/1641
f 2289/2006/2053 2290/2007/2054 1842/1573/1643
f 2289/2006/2053 1842/1573/1643 1840/1571/1642
f 2290/2007/2054 2291/2008/2055 1844/1575/1644
f 2290/2007/2054 1844/1575/1644 1842/1573/1643
f 2291/2008/2055 2292/2009/2056 1846/1577/1645
f 2291/2008/2055 1846/1577/1645 1844/1575/1644
f 2292/2009/2056 2293/2010/2057 1848/1579/1646
f 2292/2009/2056 1848/1579/1646 1846/1577/1645
f 2293/2010/2057 2294/2011/2058 2307/2024/2070
f 2293/2010/2057 2307/2024/2070 1848/1579/1646
f 2296/2013/2060 2295/2012/2059 2308/2025/2071
f 2296/2013/2060 2308/2025/2071 2309/2026/2072
f 2298/2015/2062 2297/2014/2061 1851/1582/1648
f 2298/2015/2062 1851/1582/1648 1850/1581/1647
f 2297/2014/2061 2299/2016/2063 1853/1584/1649
f 2297/2014/2061 1853/1584/1649 1851/1582/1648
f 2299/2016/2063 2300/2017/2064 2310/2027/2073
f 2299/2016/2063 2310/2027/2073 1853/1584/1649
f 2302/2019/2066 2301/2018/2065 2311/2028/2074
f 2302/2019/2066 2311/2028/2074 2312/2029/2075
f 2304/2021/2068 2303/2020/2067 1856/1587/1651
f 2304/2021/2068 1856/1587/1651 1855/1586/1650
f 2303/2020/2067 2305/2022/2069 1858/1589/1652
f 2303/2020/2067 1858/1589/1652 1856/1587/1651
f 2305/2022/2069 2306/2023/2047 1860/1591/1634
f 2305/2022/2069 1860/1591/1634 1858/1589/1652
f 1876/1607/1667 1874/1605/1665 1813/1544/1627
f 1876/1607/1667 1813/1544/1627 2313/2030/1617
f 1816/1547/1629 1877/1608/1668 1876/1607/1667
f 1816/1547/1629 1876/1607/1667 2314/2031/1617
f 1885/1616/1676 1883/1614/1674 1818/1549/1630
f 1885/1616/1676 1818/1549/1630 2315/2032/1617
f 1821/1552/1632 1886/1617/1677 1885/1616/1676
f 1821/1552/1632 1885/1616/1676 2316/2033/1617
f 1848/1579/1646 2307/2024/2070 2309/2026/2072
f 1848/1579/1646 2309/2026/2072 2317/2034/1636
f 2309/2026/2072 2308/2025/2071 1850/1581/1647
f 2309/2026/2072 1850/1581/1647 2318/2035/1636
f 1853/1584/1649 2310/2027/2073 2312/2029/2075
f 1853/1584/1649 2312/2029/2075 2319/2036/1636
f 2312/2029/2075 2311/2028/2074 1855/1586/1650
f 2312/2029/2075 1855/1586/1650 2320/2037/1636
f 1877/1608/1668 1816/1547/1629 1881/1612/1672
f 1877/1608/1668 1881/1612/1672 1878/1609/1669
f 1906/1637/1697 1878/1609/1669 1881/1612/1672
f 1906/1637/1697 1881/1612/1672 1909/1640/1700
f 1931/1662/1721 1906/1637/1697 1909/1640/1700
f 1931/1662/1721 1909/1640/1700 1934/1665/1724
f 1956/1687/1745 1931/1662/1721 1934/1665/1724
f 1956/1687/1745 1934/1665/1724 1959/1690/1748
f 1981/1712/1769 1956/1687/1745 1959/1690/1748
f 1981/1712/1769 1959/1690/1748 1984/1715/1772
f 2006/1737/1794 1981/1712/1769 1984/1715/1772
f 2006/1737/1794 1984/1715/1772 2009/1740/1797
f 2031/1762/1819 2006/1737/1794 2009/1740/1797
f 2031/1762/1819 2009/1740/1797 2034/1765/1822
f 2321/1787/2076 2031/1762/1819 2034/1765/1822
f 2321/1787/2076 2034/1765/1822 2064/1790/1845
f 2322/1812/2077 2321/1787/2076 2064/1790/1845
f 2322/1812/2077 2064/1790/1845 2092/1815/1866
f 2142/1837/1908 2322/1812/2077 2092/1815/1866
f 2142/1837/1908 2092/1815/1866 2118/1840/1886
f 2143/1862/1909 2142/1837/1908 2118/1840/1886
f 2143/1862/1909 2118/1840/1886 2146/1865/1912
f 2170/1887/1936 2143/1862/1909 2146/1865/1912
f 2170/1887/1936 2146/1865/1912 2173/1890/1939
f 2195/1912/1961 2170/1887/1936 2173/1890/1939
f 2195/1912/1961 2173/1890/1939 2198/1915/1964
f 2220/1937/1985 2195/1912/1961 2198/1915/1964
f 2220/1937/1985 2198/1915/1964 2223/1940/1988
f 2245/1962/2010 2220/1937/1985 2223/1940/1988
f 2245/1962/2010 2223/1940/1988 2248/1965/2013
f 2270/1987/2035 2245/1962/2010 2248/1965/2013
f 2270/1987/2035 2248/1965/2013 2273/1990/2038
f 2295/2012/2059 2270/1987/2035 2273/1990/2038
f 2295/2012/2059 2273/1990/2038 2298/2015/2062
f 2308/2025/2071 2295/2012/2059 2298/2015/2062
f 2308/2025/2071 2298/2015/2062 1850/1581/1647
f 1883/1614/1674 1885/1616/1676 1888/1619/1679
f 1883/1614/1674 1888/1619/1679 1884/1615/1675
f 1911/1642/1702 1884/1615/1675 1888/1619/1679
f 1911/1642/1702 1888/1619/1679 1913/1644/1704
f 1936/1667/1726 1911/1642/1702 1913/1644/1704
f 1936/1667/1726 1913/1644/1704 1938/1669/1728
f 1961/1692/1750 1936/1667/1726 1938/1669/1728
f 1961/1692/1750 1938/1669/1728 1963/1694/1752
f 1986/1717/1774 1961/1692/1750 1963/1694/1752
f 1986/1717/1774 1963/1694/1752 1988/1719/1776
f 2011/1742/1799 1986/1717/1774 1988/1719/1776
f 2011/1742/1799 1988/1719/1776 2013/1744/1801
f 2036/1767/1824 2011/1742/1799 2013/1744/1801
f 2036/1767/1824 2013/1744/1801 2038/1769/1826
s 0
f 2323/1792/1848 2324/1767/1848 2067/1769/1848
f 2323/1792/1848 2067/1769/1848 2070/1794/1848
f 2325/1817/1848 2323/1792/1848 2070/1794/1848
f 2325/1817/1848 2070/1794/1848 2096/1819/1848
f 2326/1842/1848 2325/1817/1848 2096/1819/1848
f 2326/1842/1848 2096/1819/1848 2122/1844/1848
s 1
f 2148/1867/1914 2120/1842/1888 2149/1844/1915
f 2148/1867/1914 2149/1844/1915 2152/1869/1918
f 2175/1892/1941 2148/1867/1914 2152/1869/1918
f 2175/1892/1941 2152/1869/1918 2177/1894/1943
f 2200/1917/1966 2175/1892/1941 2177/1894/1943
f 2200/1917/1966 2177/1894/1943 2202/1919/1968
f 2225/1942/1990 2200/1917/1966 2202/1919/1968
f 2225/1942/1990 2202/1919/1968 2227/1944/1992
f 2250/1967/2015 2225/1942/1990 2227/1944/1992
f 2250/1967/2015 2227/1944/1992 2252/1969/2017
f 2275/1992/2040 2250/1967/2015 2252/1969/2017
f 2275/1992/2040 2252/1969/2017 2277/1994/2042
f 2300/2017/2064 2275/1992/2040 2277/1994/2042
f 2300/2017/2064 2277/1994/2042 2302/2019/2066
f 2310/2027/2073 2300/2017/2064 2302/2019/2066
f 2310/2027/2073 2302/2019/2066 2312/2029/2075
f 1874/1605/1665 1876/1607/1667 1879/1610/1670
f 1874/1605/1665 1879/1610/1670 1875/1606/1666
f 1905/1636/1696 1875/1606/1666 1879/1610/1670
f 1905/1636/1696 1879/1610/1670 1907/1638/1698
f 1930/1661/1720 1905/1636/1696 1907/1638/1698
f 1930/1661/1720 1907/1638/1698 1932/1663/1722
f 1955/1686/1744 1930/1661/1720 1932/1663/1722
f 1955/1686/1744 1932/1663/1722 1957/1688/1746
f 1980/1711/1768 1955/1686/1744 1957/1688/1746
f 1980/1711/1768 1957/1688/1746 1982/1713/1770
f 2005/1736/1793 1980/1711/1768 1982/1713/1770
f 2005/1736/1793 1982/1713/1770 2007/1738/1795
f 2030/1761/1818 2005/1736/1793 2007/1738/1795
f 2030/1761/1818 2007/1738/1795 2032/1763/1820
s 0
f 2057/1786/1843 2056/1761/1843 2059/1763/1843
f 2057/1786/1843 2059/1763/1843 2062/1788/1843
f 2087/1811/1843 2057/1786/1843 2062/1788/1843
f 2087/1811/1843 2062/1788/1843 2090/1813/1843
f 2113/1836/1843 2087/1811/1843 2090/1813/1843
f 2113/1836/1843 2090/1813/1843 2116/1838/1843
s 1
f 2140/1861/1906 2139/1836/1905 2141/1838/1907
f 2140/1861/1906 2141/1838/1907 2144/1863/1910
f 2169/1886/1935 2140/1861/1906 2144/1863/1910
f 2169/1886/1935 2144/1863/1910 2171/1888/1937
f 2194/1911/1960 2169/1886/1935 2171/1888/1937
f 2194/1911/1960 2171/1888/1937 2196/1913/1962
f 2219/1936/1984 2194/1911/1960 2196/1913/1962
f 2219/1936/1984 2196/1913/1962 2221/1938/1986
f 2244/1961/2009 2219/1936/1984 2221/1938/1986
f 2244/1961/2009 2221/1938/1986 2246/1963/2011
f 2269/1986/2034 2244/1961/2009 2246/1963/2011
f 2269/1986/2034 2246/1963/2011 2271/1988/2036
f 2294/2011/2058 2269/1986/2034 2271/1988/2036
f 2294/2011/2058 2271/1988/2036 2296/2013/2060
f 2307/2024/2070 2294/2011/2058 2296/2013/2060
f 2307/2024/2070 2296/2013/2060 2309/2026/2072
f 1886/1617/1677 1821/1552/1632 1890/1621/1681
f 1886/1617/1677 1890/1621/1681 1887/1618/1678
f 1912/1643/1703 1887/1618/1678 1890/1621/1681
f 1912/1643/1703 1890/1621/1681 1915/1646/1706
f 1937/1668/1727 1912/1643/1703 1915/1646/1706
f 1937/1668/1727 1915/1646/1706 1940/1671/1730
f 1962/1693/1751 1937/1668/1727 1940/1671/1730
f 1962/1693/1751 1940/1671/1730 1965/1696/1754
f 1987/1718/1775 1962/1693/1751 1965/1696/1754
f 1987/1718/1775 1965/1696/1754 1990/1721/1778
f 2012/1743/1800 1987/1718/1775 1990/1721/1778
f 2012/1743/1800 1990/1721/1778 2015/1746/1803
f 2037/1768/1825 2012/1743/1800 2015/1746/1803
f 2037/1768/1825 2015/1746/1803 2040/1771/1828
s 0
f 2069/1793/1848 2068/1768/1848 2327/1771/1848
f 2069/1793/1848 2327/1771/1848 2328/1796/1848
f 2095/1818/1848 2069/1793/1848 2328/1796/1848
f 2095/1818/1848 2328/1796/1848 2329/1821/1848
f 2121/1843/1848 2095/1818/1848 2329/1821/1848
f 2121/1843/1848 2329/1821/1848 2330/1846/1848
s 1
f 2151/1868/1917 2150/1843/1916 2124/1846/1890
f 2151/1868/1917 2124/1846/1890 2154/1871/1920
f 2176/1893/1942 2151/1868/1917 2154/1871/1920
f 2176/1893/1942 2154/1871/1920 2179/1896/1945
f 2201/1918/1967 2176/1893/1942 2179/1896/1945
f 2201/1918/1967 2179/1896/1945 2204/1921/1970
f 2226/1943/1991 2201/1918/1967 2204/1921/1970
f 2226/1943/1991 2204/1921/1970 2229/1946/1994
f 2251/1968/2016 2226/1943/1991 2229/1946/1994
f 2251/1968/2016 2229/1946/1994 2254/1971/2019
f 2276/1993/2041 2251/1968/2016 2254/1971/2019
f 2276/1993/2041 2254/1971/2019 2279/1996/2044
f 2301/2018/2065 2276/1993/2041 2279/1996/2044
f 2301/2018/2065 2279/1996/2044 2304/2021/2068
f 2311/2028/2074 2301/2018/2065 2304/2021/2068
f 2311/2028/2074 2304/2021/2068 1855/1586/1650
f 2331/1760/2078 2332/1761/2079 2333/1761/2080
f 2331/1760/2078 2333/1761/2080 2334/1760/2081
f 2335/1785/2082 2331/1760/2078 2334/1760/2081
f 2335/1785/2082 2334/1760/2081 2336/1785/2083
f 2337/1763/2084 2338/1762/2085 2339/1762/2086
f 2337/1763/2084 2339/1762/2086 2340/1763/2087
f 2338/1762/2085 2341/1787/2088 2342/1787/2089
f 2338/1762/2085 2342/1787/2089 2339/1762/2086
f 2343/1769/2090 2344/1768/2091 2345/1768/2092
f 2343/1769/2090 2345/1768/2092 2346/1769/2093
f 2347/1810/2094 2348/1785/2095 2349/1785/2096
f 2347/1810/2094 2349/1785/2096 2350/1810/2097
f 2351/1787/2098 2352/1812/2099 2353/1812/2100
f 2351/1787/2098 2353/1812/2100 2354/1787/2101
f 2355/1836/2099 2356/1835/2102 2357/1835/2103
f 2355/1836/2099 2357/1835/2103 2358/1836/2104
f 2359/1835/2105 2360/1810/2106 2361/1810/2107
f 2359/1835/2105 2361/1810/2107 2362/1835/2108
f 2363/1812/2109 2364/1837/2110 2365/1837/2111
f 2363/1812/2109 2365/1837/2111 2366/1812/2112
f 2367/1837/2113 2368/1838/2114 2369/1838/2087
f 2367/1837/2113 2369/1838/2087 2370/1837/2115
f 2371/1843/2116 2372/1844/2117 2373/1844/2118
f 2371/1843/2116 2373/1844/2118 2374/1843/2119
f 2375/1792/2120 2376/1767/2121 2377/1767/2122
f 2375/1792/2120 2377/1767/2122 2378/1792/2123
f 2379/1767/2124 2380/1769/2125 2381/1769/2126
f 2379/1767/2124 2381/1769/2126 2382/1767/2127
f 2383/1817/2128 2384/1792/2129 2385/1792/2130
f 2383/1817/2128 2385/1792/2130 2386/1817/2131
f 2387/1842/2132 2388/1817/2133 2389/1817/2134
f 2387/1842/2132 2389/1817/2134 2390/1842/2130
f 2391/1844/2135 2392/1842/2136 2393/1842/2137
f 2391/1844/2135 2393/1842/2137 2394/1844/2138
f 2395/1761/2139 2396/1763/2140 2397/1763/2141
f 2395/1761/2139 2397/1763/2141 2398/1761/2142
f 2399/1838/2143 2400/1836/2144 2401/1836/2145
f 2399/1838/2143 2401/1836/2145 2402/1838/2146
f 2403/1768/2147 2404/1771/2148 2405/1771/2149
f 2403/1768/2147 2405/1771/2149 2406/1768/2150
f 2404/1771/2148 2407/1796/2151 2408/1796/2152
f 2404/1771/2148 2408/1796/2152 2405/1771/2149
f 2407/1796/2151 2409/1821/2153 2410/1821/2154
f 2407/1796/2151 2410/1821/2154 2408/1796/2152
f 2409/1821/2153 2411/1846/2155 2412/1846/2156
f 2409/1821/2153 2412/1846/2156 2410/1821/2154
f 2411/1846/2155 2413/1843/2124 2414/1843/2157
f 2411/1846/2155 2414/1843/2157 2412/1846/2156
o pCube13_phong1_0
v 0.067656 0.382815 0.025109
v 0.087695 0.372416 0.029104
v 0.087695 0.399678 0.004414
v 0.067656 0.405805 0.025109
v 0.114957 0.372416 0.029104
v 0.114957 0.399678 0.004414
v 0.142219 0.372416 0.029104
v 0.142219 0.399678 0.004414
v 0.144460 0.363265 0.025109
v 0.159618 0.405805 0.025109
v 0.087695 0.426941 0.004414
v 0.067656 0.428795 0.025109
v 0.114957 0.426941 0.004414
v 0.142219 0.426941 0.004414
v 0.162007 0.428795 0.025109
v 0.087695 0.467161 0.004414
v 0.047876 0.451785 0.025109
v 0.114957 0.467161 0.004414
v 0.142219 0.467161 0.004414
v 0.165174 0.451785 0.025109
v 0.112900 0.503522 0.025109
v 0.081308 0.484598 0.025109
v 0.154822 0.514286 0.025109
v 0.162678 0.494572 0.025109
v 0.165193 0.474776 0.025109
v 0.081308 0.484598 0.025109
v 0.112900 0.503522 0.025109
v 0.114083 0.515553 0.016358
v 0.076620 0.493113 0.016358
v 0.154822 0.514286 0.025109
v 0.163795 0.528317 0.016358
v 0.162678 0.494572 0.025109
v 0.173111 0.504940 0.016358
v 0.165193 0.474776 0.025109
v 0.176093 0.481465 0.016358
v 0.114083 0.515553 0.003612
v 0.076620 0.493113 0.003612
v 0.163795 0.528317 0.003612
v 0.173111 0.504940 0.003612
v 0.176093 0.481465 0.003612
v 0.114083 0.515553 -0.009133
v 0.076620 0.493113 -0.009133
v 0.163795 0.528317 -0.009133
v 0.173111 0.504940 -0.009133
v 0.176093 0.481465 -0.009133
v 0.112900 0.503522 -0.017885
v 0.081308 0.484598 -0.017885
v 0.154822 0.514286 -0.017885
v 0.162678 0.494572 -0.017885
v 0.165193 0.474776 -0.017885
v 0.081308 0.484598 -0.017885
v 0.112900 0.503522 -0.017885
v 0.087695 0.454203 -0.021879
v 0.047876 0.451785 -0.017885
v 0.154822 0.514286 -0.017885
v 0.114957 0.454203 -0.021879
v 0.162678 0.494572 -0.017885
v 0.142219 0.454203 -0.021879
v 0.165193 0.474776 -0.017885
v 0.165174 0.451785 -0.017885
v 0.087695 0.426941 -0.021879
v 0.067656 0.428795 -0.017885
v 0.114957 0.426941 -0.021879
v 0.142219 0.426941 -0.021879
v 0.162007 0.428795 -0.017885
v 0.087695 0.399678 -0.021879
v 0.067656 0.405805 -0.017885
v 0.114957 0.399678 -0.021879
v 0.142219 0.399678 -0.021879
v 0.159618 0.405805 -0.017885
v 0.087695 0.372416 -0.021879
v 0.067656 0.382815 -0.017885
v 0.114957 0.372416 -0.021879
v 0.142219 0.372416 -0.021879
v 0.144460 0.363265 -0.017885
v 0.067656 0.382815 -0.017885
v 0.087695 0.372416 -0.021879
v 0.087695 0.372416 -0.009133
v 0.060432 0.372416 -0.009133
v 0.114957 0.372416 -0.021879
v 0.114957 0.372416 -0.009133
v 0.142219 0.372416 -0.021879
v 0.142219 0.372416 -0.009133
v 0.144460 0.363265 -0.017885
v 0.151507 0.349233 -0.009133
v 0.087695 0.372416 0.003612
v 0.060432 0.372416 0.003612
v 0.114957 0.372416 0.003612
v 0.142219 0.372416 0.003612
v 0.151507 0.349233 0.003612
v 0.087695 0.372416 0.016358
v 0.060432 0.372416 0.016358
v 0.114957 0.372416 0.016358
v 0.142219 0.372416 0.016358
v 0.151507 0.349233 0.016358
v 0.087695 0.372416 0.029104
v 0.067656 0.382815 0.025109
v 0.114957 0.372416 0.029104
v 0.142219 0.372416 0.029104
v 0.144460 0.363265 0.025109
v 0.151507 0.349233 -0.009133
v 0.144460 0.363265 -0.017885
v 0.159618 0.405805 -0.017885
v 0.169482 0.399678 -0.009133
v 0.151507 0.349233 0.003612
v 0.169482 0.399678 0.003612
v 0.151507 0.349233 0.016358
v 0.169482 0.399678 0.016358
v 0.144460 0.363265 0.025109
v 0.159618 0.405805 0.025109
v 0.162007 0.428795 -0.017885
v 0.172315 0.426941 -0.009133
v 0.172315 0.426941 0.003612
v 0.172315 0.426941 0.016358
v 0.162007 0.428795 0.025109
v 0.165174 0.451785 -0.017885
v 0.176070 0.454203 -0.009133
v 0.176070 0.454203 0.003612
v 0.176070 0.454203 0.016358
v 0.165174 0.451785 0.025109
v 0.165193 0.474776 -0.017885
v 0.176093 0.481465 -0.009133
v 0.176093 0.481465 0.003612
v 0.176093 0.481465 0.016358
v 0.165193 0.474776 0.025109
v 0.067656 0.382815 -0.017885
v 0.060432 0.372416 -0.009133
v 0.060432 0.399678 -0.009133
v 0.067656 0.405805 -0.017885
v 0.060432 0.372416 0.003612
v 0.060432 0.399678 0.003612
v 0.060432 0.372416 0.016358
v 0.060432 0.399678 0.016358
v 0.067656 0.382815 0.025109
v 0.067656 0.405805 0.025109
v 0.060432 0.426941 -0.009133
v 0.067656 0.428795 -0.017885
v 0.060432 0.426941 0.003612
v 0.060432 0.426941 0.016358
v 0.067656 0.428795 0.025109
v 0.036976 0.454203 -0.009133
v 0.047876 0.451785 -0.017885
v 0.036976 0.454203 0.003612
v 0.036976 0.454203 0.016358
v 0.047876 0.451785 0.025109
v 0.076620 0.493113 -0.009133
v 0.081308 0.484598 -0.017885
v 0.076620 0.493113 0.003612
v 0.076620 0.493113 0.016358
v 0.081308 0.484598 0.025109
vn 0.4858 0.3854 0.7845
vn 0.1490 0.6072 0.7805
vn 0.2593 0.3278 0.9085
vn 0.6350 0.1703 0.7535
vn -0.0000 0.6713 0.7412
vn -0.0000 0.4125 0.9110
vn -0.1680 0.6143 0.7710
vn -0.2618 0.3397 0.9033
vn -0.5641 0.3815 0.7323
vn -0.6960 0.1583 0.7004
vn 0.3300 0.0563 0.9423
vn 0.6000 0.1138 0.7918
vn -0.0000 -0.0000 1.0000
vn -0.3653 0.0179 0.9307
vn -0.7129 0.0350 0.7004
vn 0.2925 -0.2544 0.9218
vn 0.5537 -0.1311 0.8223
vn 0.0039 -0.2570 0.9664
vn -0.3082 -0.1332 0.9419
vn -0.6809 0.0103 0.7324
vn 0.1751 -0.5259 0.8323
vn 0.4740 -0.5957 0.6484
vn -0.0601 -0.4253 0.9030
vn -0.3358 -0.2737 0.9013
vn -0.6617 -0.0386 0.7488
vn -0.3440 0.5742 0.7430
vn -0.2522 0.5853 0.7706
vn -0.3309 0.8419 0.4262
vn -0.4716 0.7872 0.3974
vn 0.0787 0.4908 0.8677
vn 0.1650 0.8629 0.4778
vn 0.5570 0.1317 0.8200
vn 0.8422 0.2301 0.4875
vn 0.5956 0.0756 0.7997
vn 0.8652 0.1099 0.4892
vn -0.3744 0.9272 -0.0000
vn -0.5139 0.8579 -0.0000
vn 0.1770 0.9842 -0.0000
vn 0.9672 0.2538 -0.0000
vn 0.9920 0.1260 -0.0000
vn -0.3309 0.8420 -0.4261
vn -0.4716 0.7872 -0.3974
vn 0.1650 0.8629 -0.4778
vn 0.8422 0.2301 -0.4875
vn 0.8653 0.1099 -0.4891
vn -0.2521 0.5853 -0.7706
vn -0.3440 0.5742 -0.7429
vn 0.0787 0.4909 -0.8677
vn 0.5570 0.1317 -0.8200
vn 0.5956 0.0756 -0.7997
vn -0.0887 0.1114 -0.9898
vn -0.0236 0.0848 -0.9961
vn -0.0587 0.0545 -0.9968
vn -0.1085 0.0376 -0.9934
vn 0.0092 0.0704 -0.9975
vn -0.0010 0.0509 -0.9987
vn 0.0474 0.0540 -0.9974
vn 0.0659 0.0280 -0.9974
vn 0.1630 0.0095 -0.9866
vn 0.1738 -0.0015 -0.9848
vn -0.0733 -0.0136 -0.9972
vn -0.1512 -0.0361 -0.9878
vn -0.0000 -0.0000 -1.0000
vn 0.0806 -0.0044 -0.9967
vn 0.1951 -0.0110 -0.9807
vn -0.0803 -0.0000 -0.9968
vn -0.1955 -0.0000 -0.9807
vn 0.1078 -0.0174 -0.9940
vn 0.2562 -0.0298 -0.9662
vn -0.0650 -0.0000 -0.9979
vn 0.1625 -0.0353 -0.9861
vn 0.3652 -0.0793 -0.9276
vn -0.2267 -0.8447 -0.4848
vn -0.0926 -0.9758 -0.1980
vn -0.0510 -0.9927 -0.1092
vn -0.0943 -0.9749 -0.2017
vn -0.0000 -1.0000 -0.0000
vn -0.2197 -0.9753 0.0228
vn -0.4643 -0.8855 0.0168
vn -0.9412 -0.3236 0.0974
vn -0.9322 -0.3612 0.0223
vn -0.5356 -0.8445 -0.0000
vn -0.9283 -0.3719 -0.0000
vn -0.0510 -0.9927 0.1091
vn -0.0943 -0.9749 0.2017
vn -0.4643 -0.8855 -0.0169
vn -0.9322 -0.3612 -0.0223
vn -0.0926 -0.9758 0.1980
vn -0.2266 -0.8447 0.4848
vn -0.2197 -0.9753 -0.0227
vn -0.9412 -0.3235 -0.0973
vn 0.8744 -0.3115 -0.3721
vn 0.5752 -0.2050 -0.7919
vn 0.6008 -0.1533 -0.7846
vn 0.8653 -0.2359 -0.4423
vn 0.9420 -0.3356 -0.0000
vn 0.9660 -0.2586 -0.0000
vn 0.8743 -0.3115 0.3721
vn 0.8653 -0.2359 0.4423
vn 0.5752 -0.2050 0.7919
vn 0.6008 -0.1533 0.7846
vn 0.6372 -0.0772 -0.7669
vn 0.9004 -0.1087 -0.4213
vn 0.9928 -0.1199 -0.0000
vn 0.9004 -0.1087 0.4213
vn 0.6372 -0.0772 0.7669
vn 0.6319 -0.0477 -0.7736
vn 0.9035 -0.0604 -0.4243
vn 0.9976 -0.0693 -0.0000
vn 0.9035 -0.0604 0.4242
vn 0.6319 -0.0477 0.7736
vn 0.6263 -0.0005 -0.7796
vn 0.9215 -0.0008 -0.3884
vn 1.0000 -0.0008 -0.0000
vn 0.9215 -0.0008 0.3884
vn 0.6262 -0.0005 0.7796
vn -0.7712 -0.0000 -0.6366
vn -0.9696 -0.0000 -0.2447
vn -0.9524 -0.0000 -0.3047
vn -1.0000 -0.0000 -0.0000
vn -0.9696 -0.0000 0.2447
vn -0.9524 -0.0000 0.3048
vn -0.7712 -0.0000 0.6366
vn -0.8679 -0.3766 -0.3240
vn -0.7050 -0.2956 -0.6446
vn -0.9186 -0.3952 -0.0000
vn -0.8679 -0.3766 0.3240
vn -0.7050 -0.2956 0.6446
vn -0.8902 0.2330 -0.3916
vn -0.6036 0.1275 -0.7870
vn -0.9714 0.2376 -0.0000
vn -0.8902 0.2330 0.3916
vn -0.6036 0.1275 0.7870
vn -0.6517 0.6640 -0.3664
vn -0.4784 0.4874 -0.7305
vn -0.7005 0.7137 -0.0000
vn -0.6518 0.6640 0.3664
vn -0.4784 0.4874 0.7305
vt 0.375000 1.000000
vt 0.437500 1.000000
vt 0.437500 0.937500
vt 0.375000 0.937500
vt 0.500000 1.000000
vt 0.500000 0.937500
vt 0.562500 1.000000
vt 0.562500 0.937500
vt 0.625000 1.000000
vt 0.625000 0.937500
vt 0.437500 0.875000
vt 0.375000 0.875000
vt 0.500000 0.875000
vt 0.562500 0.875000
vt 0.625000 0.875000
vt 0.437500 0.812500
vt 0.375000 0.812500
vt 0.500000 0.812500
vt 0.562500 0.812500
vt 0.625000 0.812500
vt 0.437500 0.750000
vt 0.375000 0.750000
vt 0.500000 0.750000
vt 0.562500 0.750000
vt 0.625000 0.750000
vt 0.437500 0.687500
vt 0.375000 0.687500
vt 0.500000 0.687500
vt 0.562500 0.687500
vt 0.625000 0.687500
vt 0.437500 0.625000
vt 0.375000 0.625000
vt 0.500000 0.625000
vt 0.562500 0.625000
vt 0.625000 0.625000
vt 0.437500 0.562500
vt 0.375000 0.562500
vt 0.500000 0.562500
vt 0.562500 0.562500
vt 0.625000 0.562500
vt 0.437500 0.500000
vt 0.375000 0.500000
vt 0.500000 0.500000
vt 0.562500 0.500000
vt 0.625000 0.500000
vt 0.437500 0.437500
vt 0.375000 0.437500
vt 0.500000 0.437500
vt 0.562500 0.437500
vt 0.625000 0.437500
vt 0.437500 0.375000
vt 0.375000 0.375000
vt 0.500000 0.375000
vt 0.562500 0.375000
vt 0.625000 0.375000
vt 0.437500 0.312500
vt 0.375000 0.312500
vt 0.500000 0.312500
vt 0.562500 0.312500
vt 0.625000 0.312500
vt 0.437500 0.250000
vt 0.375000 0.250000
vt 0.500000 0.250000
vt 0.562500 0.250000
vt 0.625000 0.250000
vt 0.437500 0.187500
vt 0.375000 0.187500
vt 0.500000 0.187500
vt 0.562500 0.187500
vt 0.625000 0.187500
vt 0.437500 0.125000
vt 0.375000 0.125000
vt 0.500000 0.125000
vt 0.562500 0.125000
vt 0.625000 0.125000
vt 0.437500 0.062500
vt 0.375000 0.062500
vt 0.500000 0.062500
vt 0.562500 0.062500
vt 0.625000 0.062500
vt 0.437500 0.000000
vt 0.375000 0.000000
vt 0.500000 0.000000
vt 0.562500 0.000000
vt 0.625000 0.000000
vt 0.812500 1.000000
vt 0.875000 1.000000
vt 0.875000 0.937500
vt 0.812500 0.937500
vt 0.750000 1.000000
vt 0.750000 0.937500
vt 0.687500 1.000000
vt 0.687500 0.937500
vt 0.875000 0.875000
vt 0.812500 0.875000
vt 0.750000 0.875000
vt 0.687500 0.875000
vt 0.875000 0.812500
vt 0.812500 0.812500
vt 0.750000 0.812500
vt 0.687500 0.812500
vt 0.875000 0.750000
vt 0.812500 0.750000
vt 0.750000 0.750000
vt 0.687500 0.750000
vt 0.125000 1.000000
vt 0.187500 1.000000
vt 0.187500 0.937500
vt 0.125000 0.937500
vt 0.250000 1.000000
vt 0.250000 0.937500
vt 0.312500 1.000000
vt 0.312500 0.937500
vt 0.187500 0.875000
vt 0.125000 0.875000
vt 0.250000 0.875000
vt 0.312500 0.875000
vt 0.187500 0.812500
vt 0.125000 0.812500
vt 0.250000 0.812500
vt 0.312500 0.812500
vt 0.187500 0.750000
vt 0.125000 0.750000
vt 0.250000 0.750000
vt 0.312500 0.750000
s 1
usemtl phong1
f 2415/2038/2158 2416/2039/2159 2417/2040/2160
f 2415/2038/2158 2417/2040/2160 2418/2041/2161
f 2416/2039/2159 2419/2042/2162 2420/2043/2163
f 2416/2039/2159 2420/2043/2163 2417/2040/2160
f 2419/2042/2162 2421/2044/2164 2422/2045/2165
f 2419/2042/2162 2422/2045/2165 2420/2043/2163
f 2421/2044/2164 2423/2046/2166 2424/2047/2167
f 2421/2044/2164 2424/2047/2167 2422/2045/2165
f 2418/2041/2161 2417/2040/2160 2425/2048/2168
f 2418/2041/2161 2425/2048/2168 2426/2049/2169
f 2417/2040/2160 2420/2043/2163 2427/2050/2170
f 2417/2040/2160 2427/2050/2170 2425/2048/2168
f 2420/2043/2163 2422/2045/2165 2428/2051/2171
f 2420/2043/2163 2428/2051/2171 2427/2050/2170
f 2422/2045/2165 2424/2047/2167 2429/2052/2172
f 2422/2045/2165 2429/2052/2172 2428/2051/2171
f 2426/2049/2169 2425/2048/2168 2430/2053/2173
f 2426/2049/2169 2430/2053/2173 2431/2054/2174
f 2425/2048/2168 2427/2050/2170 2432/2055/2175
f 2425/2048/2168 2432/2055/2175 2430/2053/2173
f 2427/2050/2170 2428/2051/2171 2433/2056/2176
f 2427/2050/2170 2433/2056/2176 2432/2055/2175
f 2428/2051/2171 2429/2052/2172 2434/2057/2177
f 2428/2051/2171 2434/2057/2177 2433/2056/2176
f 2431/2054/2174 2430/2053/2173 2435/2058/2178
f 2431/2054/2174 2435/2058/2178 2436/2059/2179
f 2430/2053/2173 2432/2055/2175 2437/2060/2180
f 2430/2053/2173 2437/2060/2180 2435/2058/2178
f 2432/2055/2175 2433/2056/2176 2438/2061/2181
f 2432/2055/2175 2438/2061/2181 2437/2060/2180
f 2433/2056/2176 2434/2057/2177 2439/2062/2182
f 2433/2056/2176 2439/2062/2182 2438/2061/2181
f 2440/2059/2183 2441/2058/2184 2442/2063/2185
f 2440/2059/2183 2442/2063/2185 2443/2064/2186
f 2441/2058/2184 2444/2060/2187 2445/2065/2188
f 2441/2058/2184 2445/2065/2188 2442/2063/2185
f 2444/2060/2187 2446/2061/2189 2447/2066/2190
f 2444/2060/2187 2447/2066/2190 2445/2065/2188
f 2446/2061/2189 2448/2062/2191 2449/2067/2192
f 2446/2061/2189 2449/2067/2192 2447/2066/2190
f 2443/2064/2186 2442/2063/2185 2450/2068/2193
f 2443/2064/2186 2450/2068/2193 2451/2069/2194
f 2442/2063/2185 2445/2065/2188 2452/2070/2195
f 2442/2063/2185 2452/2070/2195 2450/2068/2193
f 2445/2065/2188 2447/2066/2190 2453/2071/2196
f 2445/2065/2188 2453/2071/2196 2452/2070/2195
f 2447/2066/2190 2449/2067/2192 2454/2072/2197
f 2447/2066/2190 2454/2072/2197 2453/2071/2196
f 2451/2069/2194 2450/2068/2193 2455/2073/2198
f 2451/2069/2194 2455/2073/2198 2456/2074/2199
f 2450/2068/2193 2452/2070/2195 2457/2075/2200
f 2450/2068/2193 2457/2075/2200 2455/2073/2198
f 2452/2070/2195 2453/2071/2196 2458/2076/2201
f 2452/2070/2195 2458/2076/2201 2457/2075/2200
f 2453/2071/2196 2454/2072/2197 2459/2077/2202
f 2453/2071/2196 2459/2077/2202 2458/2076/2201
f 2456/2074/2199 2455/2073/2198 2460/2078/2203
f 2456/2074/2199 2460/2078/2203 2461/2079/2204
f 2455/2073/2198 2457/2075/2200 2462/2080/2205
f 2455/2073/2198 2462/2080/2205 2460/2078/2203
f 2457/2075/2200 2458/2076/2201 2463/2081/2206
f 2457/2075/2200 2463/2081/2206 2462/2080/2205
f 2458/2076/2201 2459/2077/2202 2464/2082/2207
f 2458/2076/2201 2464/2082/2207 2463/2081/2206
f 2465/2079/2208 2466/2078/2209 2467/2083/2210
f 2465/2079/2208 2467/2083/2210 2468/2084/2211
f 2466/2078/2209 2469/2080/2212 2470/2085/2213
f 2466/2078/2209 2470/2085/2213 2467/2083/2210
f 2469/2080/2212 2471/2081/2214 2472/2086/2215
f 2469/2080/2212 2472/2086/2215 2470/2085/2213
f 2471/2081/2214 2473/2082/2216 2474/2087/2217
f 2471/2081/2214 2474/2087/2217 2472/2086/2215
f 2468/2084/2211 2467/2083/2210 2475/2088/2218
f 2468/2084/2211 2475/2088/2218 2476/2089/2219
f 2467/2083/2210 2470/2085/2213 2477/2090/2220
f 2467/2083/2210 2477/2090/2220 2475/2088/2218
f 2470/2085/2213 2472/2086/2215 2478/2091/2221
f 2470/2085/2213 2478/2091/2221 2477/2090/2220
f 2472/2086/2215 2474/2087/2217 2479/2092/2222
f 2472/2086/2215 2479/2092/2222 2478/2091/2221
f 2476/2089/2219 2475/2088/2218 2480/2093/2223
f 2476/2089/2219 2480/2093/2223 2481/2094/2224
f 2475/2088/2218 2477/2090/2220 2482/2095/2220
f 2475/2088/2218 2482/2095/2220 2480/2093/2223
f 2477/2090/2220 2478/2091/2221 2483/2096/2225
f 2477/2090/2220 2483/2096/2225 2482/2095/2220
f 2478/2091/2221 2479/2092/2222 2484/2097/2226
f 2478/2091/2221 2484/2097/2226 2483/2096/2225
f 2481/2094/2224 2480/2093/2223 2485/2098/2227
f 2481/2094/2224 2485/2098/2227 2486/2099/2224
f 2480/2093/2223 2482/2095/2220 2487/2100/2220
f 2480/2093/2223 2487/2100/2220 2485/2098/2227
f 2482/2095/2220 2483/2096/2225 2488/2101/2228
f 2482/2095/2220 2488/2101/2228 2487/2100/2220
f 2483/2096/2225 2484/2097/2226 2489/2102/2229
f 2483/2096/2225 2489/2102/2229 2488/2101/2228
f 2490/2099/2230 2491/2098/2231 2492/2103/2232
f 2490/2099/2230 2492/2103/2232 2493/2104/2233
f 2491/2098/2231 2494/2100/2234 2495/2105/2234
f 2491/2098/2231 2495/2105/2234 2492/2103/2232
f 2494/2100/2234 2496/2101/2235 2497/2106/2236
f 2494/2100/2234 2497/2106/2236 2495/2105/2234
f 2496/2101/2235 2498/2102/2237 2499/2107/2238
f 2496/2101/2235 2499/2107/2238 2497/2106/2236
f 2493/2104/2233 2492/2103/2232 2500/2108/2234
f 2493/2104/2233 2500/2108/2234 2501/2109/2234
f 2492/2103/2232 2495/2105/2234 2502/2110/2234
f 2492/2103/2232 2502/2110/2234 2500/2108/2234
f 2495/2105/2234 2497/2106/2236 2503/2111/2239
f 2495/2105/2234 2503/2111/2239 2502/2110/2234
f 2497/2106/2236 2499/2107/2238 2504/2112/2240
f 2497/2106/2236 2504/2112/2240 2503/2111/2239
f 2501/2109/2234 2500/2108/2234 2505/2113/2241
f 2501/2109/2234 2505/2113/2241 2506/2114/2242
s 0
f 2500/2108/2234 2502/2110/2234 2507/2115/2234
s 1
f 2500/2108/2234 2507/2115/2234 2505/2113/2241
f 2502/2110/2234 2503/2111/2239 2508/2116/2243
f 2502/2110/2234 2508/2116/2243 2507/2115/2234
f 2503/2111/2239 2504/2112/2240 2509/2117/2244
f 2503/2111/2239 2509/2117/2244 2508/2116/2243
f 2506/2114/2242 2505/2113/2241 2510/2118/2245
f 2506/2114/2242 2510/2118/2245 2511/2119/2246
f 2505/2113/2241 2507/2115/2234 2512/2120/2234
f 2505/2113/2241 2512/2120/2234 2510/2118/2245
f 2507/2115/2234 2508/2116/2243 2513/2121/2247
f 2507/2115/2234 2513/2121/2247 2512/2120/2234
f 2508/2116/2243 2509/2117/2244 2514/2122/2248
f 2508/2116/2243 2514/2122/2248 2513/2121/2247
f 2515/2123/2249 2516/2124/2250 2517/2125/2251
f 2515/2123/2249 2517/2125/2251 2518/2126/2252
f 2519/2127/2253 2515/2123/2249 2518/2126/2252
f 2519/2127/2253 2518/2126/2252 2520/2128/2254
f 2521/2129/2255 2519/2127/2253 2520/2128/2254
f 2521/2129/2255 2520/2128/2254 2522/2130/2256
f 2523/2046/2257 2521/2129/2255 2522/2130/2256
f 2523/2046/2257 2522/2130/2256 2524/2047/2258
f 2518/2126/2252 2517/2125/2251 2525/2131/2259
f 2518/2126/2252 2525/2131/2259 2526/2132/2260
f 2520/2128/2254 2518/2126/2252 2526/2132/2260
f 2520/2128/2254 2526/2132/2260 2527/2133/2261
f 2522/2130/2256 2520/2128/2254 2527/2133/2261
f 2522/2130/2256 2527/2133/2261 2528/2134/2262
f 2524/2047/2258 2522/2130/2256 2528/2134/2262
f 2524/2047/2258 2528/2134/2262 2529/2052/2263
f 2526/2132/2260 2525/2131/2259 2530/2135/2264
f 2526/2132/2260 2530/2135/2264 2531/2136/2265
f 2527/2133/2261 2526/2132/2260 2531/2136/2265
f 2527/2133/2261 2531/2136/2265 2532/2137/2266
f 2528/2134/2262 2527/2133/2261 2532/2137/2266
f 2528/2134/2262 2532/2137/2266 2533/2138/2267
f 2529/2052/2263 2528/2134/2262 2533/2138/2267
f 2529/2052/2263 2533/2138/2267 2534/2057/2268
f 2531/2136/2265 2530/2135/2264 2535/2139/2269
f 2531/2136/2265 2535/2139/2269 2536/2140/2270
f 2532/2137/2266 2531/2136/2265 2536/2140/2270
f 2532/2137/2266 2536/2140/2270 2537/2141/2271
f 2533/2138/2267 2532/2137/2266 2537/2141/2271
f 2533/2138/2267 2537/2141/2271 2538/2142/2272
f 2534/2057/2268 2533/2138/2267 2538/2142/2272
f 2534/2057/2268 2538/2142/2272 2539/2062/2273
f 2540/2143/2274 2541/2144/2275 2542/2145/2276
f 2540/2143/2274 2542/2145/2276 2543/2146/2274
f 2541/2144/2275 2544/2147/2277 2545/2148/2277
f 2541/2144/2275 2545/2148/2277 2542/2145/2276
f 2544/2147/2277 2546/2149/2278 2547/2150/2279
f 2544/2147/2277 2547/2150/2279 2545/2148/2277
f 2546/2149/2278 2548/2038/2280 2549/2041/2280
f 2546/2149/2278 2549/2041/2280 2547/2150/2279
f 2543/2146/2274 2542/2145/2276 2550/2151/2281
f 2543/2146/2274 2550/2151/2281 2551/2152/2282
f 2542/2145/2276 2545/2148/2277 2552/2153/2283
f 2542/2145/2276 2552/2153/2283 2550/2151/2281
f 2545/2148/2277 2547/2150/2279 2553/2154/2284
f 2545/2148/2277 2553/2154/2284 2552/2153/2283
f 2547/2150/2279 2549/2041/2280 2554/2049/2285
f 2547/2150/2279 2554/2049/2285 2553/2154/2284
f 2551/2152/2282 2550/2151/2281 2555/2155/2286
f 2551/2152/2282 2555/2155/2286 2556/2156/2287
f 2550/2151/2281 2552/2153/2283 2557/2157/2288
f 2550/2151/2281 2557/2157/2288 2555/2155/2286
f 2552/2153/2283 2553/2154/2284 2558/2158/2289
f 2552/2153/2283 2558/2158/2289 2557/2157/2288
f 2553/2154/2284 2554/2049/2285 2559/2054/2290
f 2553/2154/2284 2559/2054/2290 2558/2158/2289
f 2556/2156/2287 2555/2155/2286 2560/2159/2291
f 2556/2156/2287 2560/2159/2291 2561/2160/2292
f 2555/2155/2286 2557/2157/2288 2562/2161/2293
f 2555/2155/2286 2562/2161/2293 2560/2159/2291
f 2557/2157/2288 2558/2158/2289 2563/2162/2294
f 2557/2157/2288 2563/2162/2294 2562/2161/2293
f 2558/2158/2289 2559/2054/2290 2564/2059/2295
f 2558/2158/2289 2564/2059/2295 2563/2162/2294
o pCube6_lambert2_0
v -0.079141 0.392887 -0.009445
v -0.094605 0.384861 -0.011200
v -0.094605 0.405901 -0.011200
v -0.079141 0.410629 -0.009445
v -0.115645 0.384861 -0.011200
v -0.115645 0.405901 -0.011200
v -0.136685 0.384861 -0.011200
v -0.136685 0.405901 -0.011200
v -0.138414 0.377799 -0.009445
v -0.150112 0.410629 -0.009445
v -0.094605 0.426941 -0.011200
v -0.079141 0.428372 -0.009445
v -0.115645 0.426941 -0.011200
v -0.136685 0.426941 -0.011200
v -0.151956 0.428372 -0.009445
v -0.094605 0.457981 -0.011200
v -0.063875 0.446114 -0.009445
v -0.115645 0.457981 -0.011200
v -0.136685 0.457981 -0.011200
v -0.154399 0.446114 -0.009445
v -0.114058 0.486042 -0.009445
v -0.089676 0.471438 -0.009445
v -0.146411 0.494349 -0.009445
v -0.152474 0.479135 -0.009445
v -0.154414 0.463857 -0.009445
v -0.089676 0.471438 -0.009445
v -0.114058 0.486042 -0.009445
v -0.114970 0.495327 -0.005600
v -0.086059 0.478009 -0.005600
v -0.146411 0.494349 -0.009445
v -0.153335 0.505177 -0.005600
v -0.152474 0.479135 -0.009445
v -0.160525 0.487136 -0.005600
v -0.154414 0.463857 -0.009445
v -0.162826 0.469020 -0.005600
v -0.114970 0.495327 0.000000
v -0.086059 0.478009 0.000000
v -0.153335 0.505177 0.000000
v -0.160525 0.487136 0.000000
v -0.162826 0.469020 -0.000000
v -0.114970 0.495327 0.005600
v -0.086059 0.478009 0.005600
v -0.153335 0.505177 0.005600
v -0.160525 0.487136 0.005600
v -0.162826 0.469020 0.005600
v -0.114058 0.486042 0.009445
v -0.089676 0.471438 0.009445
v -0.146411 0.494349 0.009445
v -0.152474 0.479135 0.009445
v -0.154414 0.463857 0.009445
v -0.089676 0.471438 0.009445
v -0.114058 0.486042 0.009445
v -0.094605 0.447980 0.000352
v -0.063875 0.446114 0.009445
v -0.146411 0.494349 0.009445
v -0.115645 0.447980 0.000352
v -0.152474 0.479135 0.009445
v -0.136685 0.447980 0.000352
v -0.154414 0.463857 0.009445
v -0.154399 0.446114 0.009445
v -0.094605 0.426941 0.000352
v -0.079141 0.428372 0.009445
v -0.115645 0.426941 0.000352
v -0.136685 0.426941 0.000352
v -0.151956 0.428372 0.009445
v -0.094605 0.405901 0.000352
v -0.079141 0.410629 0.009445
v -0.115645 0.405901 0.000352
v -0.136685 0.405901 0.000352
v -0.150112 0.410629 0.009445
v -0.094605 0.384861 0.011200
v -0.079141 0.392887 0.009445
v -0.115645 0.384861 0.011200
v -0.136685 0.384861 0.011200
v -0.138414 0.377799 0.009445
v -0.079141 0.392887 0.009445
v -0.094605 0.384861 0.011200
v -0.094605 0.384861 0.005600
v -0.073566 0.384861 0.005600
v -0.115645 0.384861 0.011200
v -0.115645 0.384861 0.005600
v -0.136685 0.384861 0.011200
v -0.136685 0.384861 0.005600
v -0.138414 0.377799 0.009445
v -0.143853 0.366970 0.005600
v -0.094605 0.384861 -0.000000
v -0.073566 0.384861 0.000000
v -0.115645 0.384861 -0.000000
v -0.136685 0.384861 -0.000000
v -0.143853 0.366970 -0.000000
v -0.094605 0.384861 -0.005600
v -0.073566 0.384861 -0.005600
v -0.115645 0.384861 -0.005600
v -0.136685 0.384861 -0.005600
v -0.143853 0.366970 -0.005600
v -0.094605 0.384861 -0.011200
v -0.079141 0.392887 -0.009445
v -0.115645 0.384861 -0.011200
v -0.136685 0.384861 -0.011200
v -0.138414 0.377799 -0.009445
v -0.143853 0.366970 0.005600
v -0.138414 0.377799 0.009445
v -0.150112 0.410629 0.009445
v -0.157724 0.405901 0.005600
v -0.143853 0.366970 -0.000000
v -0.157724 0.405901 -0.000000
v -0.143853 0.366970 -0.005600
v -0.157724 0.405901 -0.005600
v -0.138414 0.377799 -0.009445
v -0.150112 0.410629 -0.009445
v -0.151956 0.428372 0.009445
v -0.159911 0.426941 0.005600
v -0.159911 0.426941 -0.000000
v -0.159911 0.426941 -0.005600
v -0.151956 0.428372 -0.009445
v -0.154399 0.446114 0.009445
v -0.162809 0.447980 0.005600
v -0.162809 0.447980 -0.000000
v -0.162809 0.447980 -0.005600
v -0.154399 0.446114 -0.009445
v -0.154414 0.463857 0.009445
v -0.162826 0.469020 0.005600
v -0.162826 0.469020 -0.000000
v -0.162826 0.469020 -0.005600
v -0.154414 0.463857 -0.009445
v -0.079141 0.392887 0.009445
v -0.073566 0.384861 0.005600
v -0.073566 0.405901 0.005600
v -0.079141 0.410629 0.009445
v -0.073566 0.384861 0.000000
v -0.073566 0.405901 0.000000
v -0.073566 0.384861 -0.005600
v -0.073566 0.405901 -0.005600
v -0.079141 0.392887 -0.009445
v -0.079141 0.410629 -0.009445
v -0.073566 0.426941 0.005600
v -0.079141 0.428372 0.009445
v -0.073566 0.426941 0.000000
v -0.073566 0.426941 -0.005600
v -0.079141 0.428372 -0.009445
v -0.055463 0.447980 0.005600
v -0.063875 0.446114 0.009445
v -0.055463 0.447980 0.000000
v -0.055463 0.447980 -0.005600
v -0.063875 0.446114 -0.009445
v -0.086059 0.478009 0.005600
v -0.089676 0.471438 0.009445
v -0.086059 0.478009 0.000000
v -0.086059 0.478009 -0.005600
v -0.089676 0.471438 -0.009445
vn 0.1128 -0.0000 -0.9936
vn 0.0371 -0.0000 -0.9993
vn 0.0458 -0.0000 -0.9990
vn -0.0000 -0.0000 -1.0000
vn -0.0934 -0.0203 -0.9954
vn -0.0616 -0.0100 -0.9981
vn -0.2185 -0.0474 -0.9747
vn -0.1492 -0.0173 -0.9886
vn 0.0385 -0.0064 -0.9992
vn 0.0810 -0.0167 -0.9966
vn -0.0430 -0.0021 -0.9991
vn -0.1106 -0.0054 -0.9939
vn 0.0405 0.0384 -0.9984
vn 0.0727 0.0035 -0.9973
vn 0.0011 0.0298 -0.9996
vn -0.0368 0.0168 -0.9992
vn -0.1022 -0.0023 -0.9948
vn 0.0167 0.0657 -0.9977
vn 0.0797 0.1001 -0.9918
vn -0.0091 0.0506 -0.9987
vn -0.0358 0.0359 -0.9987
vn -0.0967 0.0056 -0.9953
vn 0.2345 0.3915 -0.8898
vn 0.1685 0.3912 -0.9047
vn 0.2819 0.7170 -0.6375
vn 0.4090 0.6828 -0.6054
vn -0.0491 0.3062 -0.9507
vn -0.1358 0.7102 -0.6908
vn -0.3594 0.0850 -0.9293
vn -0.6887 0.1882 -0.7002
vn -0.3899 0.0495 -0.9195
vn -0.7067 0.0898 -0.7018
vn 0.3744 0.9272 -0.0000
vn 0.5139 0.8579 -0.0000
vn -0.1770 0.9842 -0.0000
vn -0.9672 0.2538 -0.0000
vn -0.9920 0.1260 -0.0000
vn 0.2819 0.7171 0.6374
vn 0.4090 0.6828 0.6054
vn -0.1358 0.7102 0.6907
vn -0.6887 0.1882 0.7002
vn -0.7067 0.0898 0.7018
vn 0.1685 0.3912 0.9047
vn 0.2345 0.3915 0.8898
vn -0.0491 0.3062 0.9507
vn -0.3594 0.0850 0.9293
vn -0.3899 0.0495 0.9195
vn -0.2432 -0.3057 0.9205
vn -0.0822 -0.2485 0.9651
vn -0.1551 -0.1373 0.9783
vn -0.3009 -0.1207 0.9460
vn 0.0238 -0.2049 0.9785
vn -0.0007 -0.1472 0.9891
vn 0.1592 -0.1474 0.9762
vn 0.1824 -0.0798 0.9800
vn 0.4380 -0.0255 0.8986
vn 0.4614 0.0036 0.8872
vn -0.2111 0.0405 0.9766
vn -0.4172 0.0903 0.9043
vn -0.0000 -0.0000 1.0000
vn 0.2318 0.0128 0.9727
vn 0.5078 0.0283 0.8610
vn -0.1572 0.1987 0.9674
vn -0.4296 0.1153 0.8956
vn -0.0000 0.2496 0.9683
vn 0.1593 0.2067 0.9653
vn 0.4894 0.1113 0.8649
vn -0.0989 0.4030 0.9099
vn -0.3216 0.2551 0.9119
vn -0.0000 0.4583 0.8888
vn 0.1123 0.4105 0.9049
vn 0.3875 0.2621 0.8838
vn 0.1857 -0.6920 0.6976
vn 0.0890 -0.9382 0.3344
vn 0.0504 -0.9806 0.1894
vn 0.0905 -0.9360 0.3401
vn -0.0000 -1.0000 -0.0000
vn 0.2196 -0.9748 -0.0400
vn 0.4642 -0.8852 -0.0296
vn 0.9320 -0.3205 -0.1694
vn 0.9317 -0.3610 -0.0392
vn 0.5356 -0.8445 -0.0000
vn 0.9283 -0.3719 -0.0000
vn 0.0504 -0.9806 -0.1893
vn 0.0905 -0.9360 -0.3401
vn 0.4642 -0.8853 0.0296
vn 0.9317 -0.3610 0.0392
vn 0.0890 -0.9382 -0.3345
vn 0.1857 -0.6920 -0.6976
vn 0.2196 -0.9748 0.0399
vn 0.9320 -0.3204 0.1693
vn -0.7702 -0.2744 0.5757
vn -0.3787 -0.1349 0.9156
vn -0.3976 -0.1015 0.9119
vn -0.7292 -0.1988 0.6547
vn -0.9420 -0.3356 -0.0000
vn -0.9660 -0.2586 -0.0000
vn -0.7702 -0.2744 -0.5757
vn -0.7292 -0.1988 -0.6547
vn -0.3787 -0.1349 -0.9156
vn -0.3976 -0.1015 -0.9119
vn -0.4270 -0.0517 0.9028
vn -0.7692 -0.0929 0.6322
vn -0.9928 -0.1199 -0.0000
vn -0.7692 -0.0929 -0.6322
vn -0.4270 -0.0517 -0.9028
vn -0.4215 -0.0318 0.9063
vn -0.7704 -0.0515 0.6355
vn -0.9976 -0.0693 -0.0000
vn -0.7705 -0.0515 -0.6354
vn -0.4215 -0.0318 -0.9063
vn -0.4159 -0.0003 0.9094
vn -0.8037 -0.0007 0.5951
vn -1.0000 -0.0008 -0.0000
vn -0.8037 -0.0007 -0.5950
vn -0.4159 -0.0003 -0.9094
vn 0.5677 -0.0000 0.8232
vn 0.9142 -0.0000 0.4052
vn 0.8718 -0.0000 0.4899
vn 1.0000 -0.0000 -0.0000
vn 0.9142 -0.0000 -0.4052
vn 0.8718 -0.0000 -0.4899
vn 0.5677 -0.0000 -0.8232
vn 0.7861 -0.3411 0.5155
vn 0.5160 -0.2164 0.8288
vn 0.9186 -0.3952 -0.0000
vn 0.7861 -0.3411 -0.5155
vn 0.5160 -0.2164 -0.8288
vn 0.7749 0.2028 0.5987
vn 0.3987 0.0843 0.9132
vn 0.9714 0.2376 -0.0000
vn 0.7749 0.2028 -0.5987
vn 0.3987 0.0843 -0.9132
vn 0.5761 0.5869 0.5689
vn 0.3291 0.3353 0.8827
vn 0.7005 0.7137 -0.0000
vn 0.5761 0.5869 -0.5689
vn 0.3291 0.3353 -0.8827
vt 0.375000 1.000000
vt 0.437500 1.000000
vt 0.437500 0.937500
vt 0.375000 0.937500
vt 0.500000 1.000000
vt 0.500000 0.937500
vt 0.562500 1.000000
vt 0.562500 0.937500
vt 0.625000 1.000000
vt 0.625000 0.937500
vt 0.437500 0.875000
vt 0.375000 0.875000
vt 0.500000 0.875000
vt 0.562500 0.875000
vt 0.625000 0.875000
vt 0.437500 0.812500
vt 0.375000 0.812500
vt 0.500000 0.812500
vt 0.562500 0.812500
vt 0.625000 0.812500
vt 0.437500 0.750000
vt 0.375000 0.750000
vt 0.500000 0.750000
vt 0.562500 0.750000
vt 0.625000 0.750000
vt 0.437500 0.687500
vt 0.375000 0.687500
vt 0.500000 0.687500
vt 0.562500 0.687500
vt 0.625000 0.687500
vt 0.437500 0.625000
vt 0.375000 0.625000
vt 0.500000 0.625000
vt 0.562500 0.625000
vt 0.625000 0.625000
vt 0.437500 0.562500
vt 0.375000 0.562500
vt 0.500000 0.562500
vt 0.562500 0.562500
vt 0.625000 0.562500
vt 0.437500 0.500000
vt 0.375000 0.500000
vt 0.500000 0.500000
vt 0.562500 0.500000
vt 0.625000 0.500000
vt 0.437500 0.437500
vt 0.375000 0.437500
vt 0.500000 0.437500
vt 0.562500 0.437500
vt 0.625000 0.437500
vt 0.437500 0.375000
vt 0.375000 0.375000
vt 0.500000 0.375000
vt 0.562500 0.375000
vt 0.625000 0.375000
vt 0.437500 0.312500
vt 0.375000 0.312500
vt 0.500000 0.312500
vt 0.562500 0.312500
vt 0.625000 0.312500
vt 0.437500 0.250000
vt 0.375000 0.250000
vt 0.500000 0.250000
vt 0.562500 0.250000
vt 0.625000 0.250000
vt 0.437500 0.187500
vt 0.375000 0.187500
vt 0.500000 0.187500
vt 0.562500 0.187500
vt 0.625000 0.187500
vt 0.437500 0.125000
vt 0.375000 0.125000
vt 0.500000 0.125000
vt 0.562500 0.125000
vt 0.625000 0.125000
vt 0.437500 0.062500
vt 0.375000 0.062500
vt 0.500000 0.062500
vt 0.562500 0.062500
vt 0.625000 0.062500
vt 0.437500 0.000000
vt 0.375000 0.000000
vt 0.500000 0.000000
vt 0.562500 0.000000
vt 0.625000 0.000000
vt 0.812500 1.000000
vt 0.875000 1.000000
vt 0.875000 0.937500
vt 0.812500 0.937500
vt 0.750000 1.000000
vt 0.750000 0.937500
vt 0.687500 1.000000
vt 0.687500 0.937500
vt 0.875000 0.875000
vt 0.812500 0.875000
vt 0.750000 0.875000
vt 0.687500 0.875000
vt 0.875000 0.812500
vt 0.812500 0.812500
vt 0.750000 0.812500
vt 0.687500 0.812500
vt 0.875000 0.750000
vt 0.812500 0.750000
vt 0.750000 0.750000
vt 0.687500 0.750000
vt 0.125000 1.000000
vt 0.187500 1.000000
vt 0.187500 0.937500
vt 0.125000 0.937500
vt 0.250000 1.000000
vt 0.250000 0.937500
vt 0.312500 1.000000
vt 0.312500 0.937500
vt 0.187500 0.875000
vt 0.125000 0.875000
vt 0.250000 0.875000
vt 0.312500 0.875000
vt 0.187500 0.812500
vt 0.125000 0.812500
vt 0.250000 0.812500
vt 0.312500 0.812500
vt 0.187500 0.750000
vt 0.125000 0.750000
vt 0.250000 0.750000
vt 0.312500 0.750000
s 1
usemtl lambert2
f 2565/2163/2296 2566/2164/2297 2567/2165/2298
f 2565/2163/2296 2567/2165/2298 2568/2166/2296
f 2566/2164/2297 2569/2167/2299 2570/2168/2299
f 2566/2164/2297 2570/2168/2299 2567/2165/2298
f 2569/2167/2299 2571/2169/2300 2572/2170/2301
f 2569/2167/2299 2572/2170/2301 2570/2168/2299
f 2571/2169/2300 2573/2171/2302 2574/2172/2303
f 2571/2169/2300 2574/2172/2303 2572/2170/2301
f 2568/2166/2296 2567/2165/2298 2575/2173/2304
f 2568/2166/2296 2575/2173/2304 2576/2174/2305
f 2567/2165/2298 2570/2168/2299 2577/2175/2299
f 2567/2165/2298 2577/2175/2299 2575/2173/2304
f 2570/2168/2299 2572/2170/2301 2578/2176/2306
f 2570/2168/2299 2578/2176/2306 2577/2175/2299
f 2572/2170/2301 2574/2172/2303 2579/2177/2307
f 2572/2170/2301 2579/2177/2307 2578/2176/2306
f 2576/2174/2305 2575/2173/2304 2580/2178/2308
f 2576/2174/2305 2580/2178/2308 2581/2179/2309
f 2575/2173/2304 2577/2175/2299 2582/2180/2310
f 2575/2173/2304 2582/2180/2310 2580/2178/2308
f 2577/2175/2299 2578/2176/2306 2583/2181/2311
f 2577/2175/2299 2583/2181/2311 2582/2180/2310
f 2578/2176/2306 2579/2177/2307 2584/2182/2312
f 2578/2176/2306 2584/2182/2312 2583/2181/2311
f 2581/2179/2309 2580/2178/2308 2585/2183/2313
f 2581/2179/2309 2585/2183/2313 2586/2184/2314
f 2580/2178/2308 2582/2180/2310 2587/2185/2315
f 2580/2178/2308 2587/2185/2315 2585/2183/2313
f 2582/2180/2310 2583/2181/2311 2588/2186/2316
f 2582/2180/2310 2588/2186/2316 2587/2185/2315
f 2583/2181/2311 2584/2182/2312 2589/2187/2317
f 2583/2181/2311 2589/2187/2317 2588/2186/2316
f 2590/2184/2318 2591/2183/2319 2592/2188/2320
f 2590/2184/2318 2592/2188/2320 2593/2189/2321
f 2591/2183/2319 2594/2185/2322 2595/2190/2323
f 2591/2183/2319 2595/2190/2323 2592/2188/2320
f 2594/2185/2322 2596/2186/2324 2597/2191/2325
f 2594/2185/2322 2597/2191/2325 2595/2190/2323
f 2596/2186/2324 2598/2187/2326 2599/2192/2327
f 2596/2186/2324 2599/2192/2327 2597/2191/2325
f 2593/2189/2321 2592/2188/2320 2600/2193/2328
f 2593/2189/2321 2600/2193/2328 2601/2194/2329
f 2592/2188/2320 2595/2190/2323 2602/2195/2330
f 2592/2188/2320 2602/2195/2330 2600/2193/2328
f 2595/2190/2323 2597/2191/2325 2603/2196/2331
f 2595/2190/2323 2603/2196/2331 2602/2195/2330
f 2597/2191/2325 2599/2192/2327 2604/2197/2332
f 2597/2191/2325 2604/2197/2332 2603/2196/2331
f 2601/2194/2329 2600/2193/2328 2605/2198/2333
f 2601/2194/2329 2605/2198/2333 2606/2199/2334
f 2600/2193/2328 2602/2195/2330 2607/2200/2335
f 2600/2193/2328 2607/2200/2335 2605/2198/2333
f 2602/2195/2330 2603/2196/2331 2608/2201/2336
f 2602/2195/2330 2608/2201/2336 2607/2200/2335
f 2603/2196/2331 2604/2197/2332 2609/2202/2337
f 2603/2196/2331 2609/2202/2337 2608/2201/2336
f 2606/2199/2334 2605/2198/2333 2610/2203/2338
f 2606/2199/2334 2610/2203/2338 2611/2204/2339
f 2605/2198/2333 2607/2200/2335 2612/2205/2340
f 2605/2198/2333 2612/2205/2340 2610/2203/2338
f 2607/2200/2335 2608/2201/2336 2613/2206/2341
f 2607/2200/2335 2613/2206/2341 2612/2205/2340
f 2608/2201/2336 2609/2202/2337 2614/2207/2342
f 2608/2201/2336 2614/2207/2342 2613/2206/2341
f 2615/2204/2343 2616/2203/2344 2617/2208/2345
f 2615/2204/2343 2617/2208/2345 2618/2209/2346
f 2616/2203/2344 2619/2205/2347 2620/2210/2348
f 2616/2203/2344 2620/2210/2348 2617/2208/2345
f 2619/2205/2347 2621/2206/2349 2622/2211/2350
f 2619/2205/2347 2622/2211/2350 2620/2210/2348
f 2621/2206/2349 2623/2207/2351 2624/2212/2352
f 2621/2206/2349 2624/2212/2352 2622/2211/2350
f 2618/2209/2346 2617/2208/2345 2625/2213/2353
f 2618/2209/2346 2625/2213/2353 2626/2214/2354
f 2617/2208/2345 2620/2210/2348 2627/2215/2355
f 2617/2208/2345 2627/2215/2355 2625/2213/2353
f 2620/2210/2348 2622/2211/2350 2628/2216/2356
f 2620/2210/2348 2628/2216/2356 2627/2215/2355
f 2622/2211/2350 2624/2212/2352 2629/2217/2357
f 2622/2211/2350 2629/2217/2357 2628/2216/2356
f 2626/2214/2354 2625/2213/2353 2630/2218/2358
f 2626/2214/2354 2630/2218/2358 2631/2219/2359
f 2625/2213/2353 2627/2215/2355 2632/2220/2360
f 2625/2213/2353 2632/2220/2360 2630/2218/2358
f 2627/2215/2355 2628/2216/2356 2633/2221/2361
f 2627/2215/2355 2633/2221/2361 2632/2220/2360
f 2628/2216/2356 2629/2217/2357 2634/2222/2362
f 2628/2216/2356 2634/2222/2362 2633/2221/2361
f 2631/2219/2359 2630/2218/2358 2635/2223/2363
f 2631/2219/2359 2635/2223/2363 2636/2224/2364
f 2630/2218/2358 2632/2220/2360 2637/2225/2365
f 2630/2218/2358 2637/2225/2365 2635/2223/2363
f 2632/2220/2360 2633/2221/2361 2638/2226/2366
f 2632/2220/2360 2638/2226/2366 2637/2225/2365
f 2633/2221/2361 2634/2222/2362 2639/2227/2367
f 2633/2221/2361 2639/2227/2367 2638/2226/2366
f 2640/2224/2368 2641/2223/2369 2642/2228/2370
f 2640/2224/2368 2642/2228/2370 2643/2229/2371
f 2641/2223/2369 2644/2225/2372 2645/2230/2372
f 2641/2223/2369 2645/2230/2372 2642/2228/2370
f 2644/2225/2372 2646/2226/2373 2647/2231/2374
f 2644/2225/2372 2647/2231/2374 2645/2230/2372
f 2646/2226/2373 2648/2227/2375 2649/2232/2376
f 2646/2226/2373 2649/2232/2376 2647/2231/2374
f 2643/2229/2371 2642/2228/2370 2650/2233/2372
f 2643/2229/2371 2650/2233/2372 2651/2234/2372
f 2642/2228/2370 2645/2230/2372 2652/2235/2372
f 2642/2228/2370 2652/2235/2372 2650/2233/2372
f 2645/2230/2372 2647/2231/2374 2653/2236/2377
f 2645/2230/2372 2653/2236/2377 2652/2235/2372
f 2647/2231/2374 2649/2232/2376 2654/2237/2378
f 2647/2231/2374 2654/2237/2378 2653/2236/2377
f 2651/2234/2372 2650/2233/2372 2655/2238/2379
f 2651/2234/2372 2655/2238/2379 2656/2239/2380
s 0
f 2650/2233/2372 2652/2235/2372 2657/2240/2372
s 1
f 2650/2233/2372 2657/2240/2372 2655/2238/2379
f 2652/2235/2372 2653/2236/2377 2658/2241/2381
f 2652/2235/2372 2658/2241/2381 2657/2240/2372
f 2653/2236/2377 2654/2237/2378 2659/2242/2382
f 2653/2236/2377 2659/2242/2382 2658/2241/2381
f 2656/2239/2380 2655/2238/2379 2660/2243/2383
f 2656/2239/2380 2660/2243/2383 2661/2244/2384
f 2655/2238/2379 2657/2240/2372 2662/2245/2372
f 2655/2238/2379 2662/2245/2372 2660/2243/2383
f 2657/2240/2372 2658/2241/2381 2663/2246/2385
f 2657/2240/2372 2663/2246/2385 2662/2245/2372
f 2658/2241/2381 2659/2242/2382 2664/2247/2386
f 2658/2241/2381 2664/2247/2386 2663/2246/2385
f 2665/2248/2387 2666/2249/2388 2667/2250/2389
f 2665/2248/2387 2667/2250/2389 2668/2251/2390
f 2669/2252/2391 2665/2248/2387 2668/2251/2390
f 2669/2252/2391 2668/2251/2390 2670/2253/2392
f 2671/2254/2393 2669/2252/2391 2670/2253/2392
f 2671/2254/2393 2670/2253/2392 2672/2255/2394
f 2673/2171/2395 2671/2254/2393 2672/2255/2394
f 2673/2171/2395 2672/2255/2394 2674/2172/2396
f 2668/2251/2390 2667/2250/2389 2675/2256/2397
f 2668/2251/2390 2675/2256/2397 2676/2257/2398
f 2670/2253/2392 2668/2251/2390 2676/2257/2398
f 2670/2253/2392 2676/2257/2398 2677/2258/2399
f 2672/2255/2394 2670/2253/2392 2677/2258/2399
f 2672/2255/2394 2677/2258/2399 2678/2259/2400
f 2674/2172/2396 2672/2255/2394 2678/2259/2400
f 2674/2172/2396 2678/2259/2400 2679/2177/2401
f 2676/2257/2398 2675/2256/2397 2680/2260/2402
f 2676/2257/2398 2680/2260/2402 2681/2261/2403
f 2677/2258/2399 2676/2257/2398 2681/2261/2403
f 2677/2258/2399 2681/2261/2403 2682/2262/2404
f 2678/2259/2400 2677/2258/2399 2682/2262/2404
f 2678/2259/2400 2682/2262/2404 2683/2263/2405
f 2679/2177/2401 2678/2259/2400 2683/2263/2405
f 2679/2177/2401 2683/2263/2405 2684/2182/2406
f 2681/2261/2403 2680/2260/2402 2685/2264/2407
f 2681/2261/2403 2685/2264/2407 2686/2265/2408
f 2682/2262/2404 2681/2261/2403 2686/2265/2408
f 2682/2262/2404 2686/2265/2408 2687/2266/2409
f 2683/2263/2405 2682/2262/2404 2687/2266/2409
f 2683/2263/2405 2687/2266/2409 2688/2267/2410
f 2684/2182/2406 2683/2263/2405 2688/2267/2410
f 2684/2182/2406 2688/2267/2410 2689/2187/2411
f 2690/2268/2412 2691/2269/2413 2692/2270/2414
f 2690/2268/2412 2692/2270/2414 2693/2271/2412
f 2691/2269/2413 2694/2272/2415 2695/2273/2415
f 2691/2269/2413 2695/2273/2415 2692/2270/2414
f 2694/2272/2415 2696/2274/2416 2697/2275/2417
f 2694/2272/2415 2697/2275/2417 2695/2273/2415
f 2696/2274/2416 2698/2163/2418 2699/2166/2418
f 2696/2274/2416 2699/2166/2418 2697/2275/2417
f 2693/2271/2412 2692/2270/2414 2700/2276/2419
f 2693/2271/2412 2700/2276/2419 2701/2277/2420
f 2692/2270/2414 2695/2273/2415 2702/2278/2421
f 2692/2270/2414 2702/2278/2421 2700/2276/2419
f 2695/2273/2415 2697/2275/2417 2703/2279/2422
f 2695/2273/2415 2703/2279/2422 2702/2278/2421
f 2697/2275/2417 2699/2166/2418 2704/2174/2423
f 2697/2275/2417 2704/2174/2423 2703/2279/2422
f 2701/2277/2420 2700/2276/2419 2705/2280/2424
f 2701/2277/2420 2705/2280/2424 2706/2281/2425
f 2700/2276/2419 2702/2278/2421 2707/2282/2426
f 2700/2276/2419 2707/2282/2426 2705/2280/2424
f 2702/2278/2421 2703/2279/2422 2708/2283/2427
f 2702/2278/2421 2708/2283/2427 2707/2282/2426
f 2703/2279/2422 2704/2174/2423 2709/2179/2428
f 2703/2279/2422 2709/2179/2428 2708/2283/2427
f 2706/2281/2425 2705/2280/2424 2710/2284/2429
f 2706/2281/2425 2710/2284/2429 2711/2285/2430
f 2705/2280/2424 2707/2282/2426 2712/2286/2431
f 2705/2280/2424 2712/2286/2431 2710/2284/2429
f 2707/2282/2426 2708/2283/2427 2713/2287/2432
f 2707/2282/2426 2713/2287/2432 2712/2286/2431
f 2708/2283/2427 2709/2179/2428 2714/2184/2433
f 2708/2283/2427 2714/2184/2433 2713/2287/2432
o pSphere2_phong1_0
v 0.022084 0.203670 -0.014045
v 0.025994 0.203670 -0.007384
v -0.000185 0.201980 0.000000
v 0.015994 0.203670 -0.019331
v -0.000185 0.201980 0.000000
v 0.008321 0.203670 -0.022725
v -0.000185 0.201980 0.000000
v -0.000185 0.203670 -0.023894
v -0.000185 0.201980 0.000000
v -0.008692 0.203670 -0.022725
v -0.000185 0.201980 0.000000
v -0.016365 0.203670 -0.019331
v -0.000185 0.201980 0.000000
v -0.022455 0.203670 -0.014045
v -0.000185 0.201980 0.000000
v -0.026365 0.203670 -0.007384
v -0.000185 0.201980 0.000000
v -0.027712 0.203670 0.000000
v -0.000185 0.201980 0.000000
v -0.026365 0.203670 0.007384
v -0.000185 0.201980 0.000000
v -0.022455 0.203670 0.014045
v -0.000185 0.201980 0.000000
v -0.016365 0.203670 0.019331
v -0.000185 0.201980 0.000000
v -0.008692 0.203670 0.022725
v -0.000185 0.201980 0.000000
v -0.000185 0.203670 0.023894
v -0.000185 0.201980 0.000000
v 0.008321 0.203670 0.022725
v -0.000185 0.201980 0.000000
v 0.015994 0.203670 0.019331
v -0.000185 0.201980 0.000000
v 0.022084 0.203670 0.014045
v -0.000185 0.201980 0.000000
v 0.025994 0.203670 0.007384
v -0.000185 0.201980 0.000000
v 0.027342 0.203670 0.000000
v -0.000185 0.201980 0.000000
v 0.025994 0.203670 -0.007384
v -0.000185 0.201980 0.000000
v 0.025994 0.474757 -0.007384
v 0.022084 0.474757 -0.014045
v -0.000185 0.476446 0.000000
v 0.015994 0.474757 -0.019331
v -0.000185 0.476446 0.000000
v 0.008321 0.474757 -0.022725
v -0.000185 0.476446 0.000000
v -0.000185 0.474757 -0.023894
v -0.000185 0.476446 0.000000
v -0.008692 0.474757 -0.022725
v -0.000185 0.476446 0.000000
v -0.016365 0.474757 -0.019331
v -0.000185 0.476446 0.000000
v -0.022455 0.474757 -0.014045
v -0.000185 0.476446 0.000000
v -0.026365 0.474757 -0.007384
v -0.000185 0.476446 0.000000
v -0.027712 0.474757 0.000000
v -0.000185 0.476446 0.000000
v -0.026365 0.474757 0.007384
v -0.000185 0.476446 0.000000
v -0.022455 0.474757 0.014045
v -0.000185 0.476446 0.000000
v -0.016365 0.474757 0.019331
v -0.000185 0.476446 0.000000
v -0.008692 0.474757 0.022725
v -0.000185 0.476446 0.000000
v -0.000185 0.474757 0.023894
v -0.000185 0.476446 0.000000
v 0.008321 0.474757 0.022725
v -0.000185 0.476446 0.000000
v 0.015994 0.474757 0.019331
v -0.000185 0.476446 0.000000
v 0.022084 0.474757 0.014045
v -0.000185 0.476446 0.000000
v 0.025994 0.474757 0.007384
v -0.000185 0.476446 0.000000
v 0.027342 0.474757 0.000000
v -0.000185 0.476446 0.000000
v 0.025994 0.474757 -0.007384
v -0.000185 0.476446 0.000000
v 0.060507 0.208697 -0.027744
v 0.071162 0.208697 -0.014586
v 0.043910 0.208697 -0.038186
v 0.022997 0.208697 -0.044890
v -0.000185 0.208697 -0.047200
v -0.023368 0.208697 -0.044890
v -0.044281 0.208697 -0.038186
v -0.060878 0.208697 -0.027744
v -0.071533 0.208697 -0.014586
v -0.075205 0.208697 0.000000
v -0.071533 0.208697 0.014586
v -0.060878 0.208697 0.027744
v -0.044281 0.208697 0.038186
v -0.023368 0.208697 0.044890
v -0.000185 0.208697 0.047200
v 0.022997 0.208697 0.044890
v 0.043910 0.208697 0.038186
v 0.060507 0.208697 0.027744
v 0.071162 0.208697 0.014586
v 0.074834 0.208697 0.000000
v 0.071162 0.208697 -0.014586
v 0.082494 0.216938 -0.040759
v 0.097010 0.216938 -0.021428
v 0.059885 0.216938 -0.056101
v 0.031395 0.216938 -0.065950
v -0.000185 0.216938 -0.069344
v -0.031766 0.216938 -0.065950
v -0.060256 0.216938 -0.056100
v -0.082865 0.216938 -0.040759
v -0.097381 0.216938 -0.021428
v -0.102383 0.216938 0.000000
v -0.097381 0.216938 0.021428
v -0.082865 0.216938 0.040759
v -0.060256 0.216938 0.056100
v -0.031766 0.216938 0.065950
v -0.000185 0.216938 0.069344
v 0.031395 0.216938 0.065950
v 0.059885 0.216938 0.056100
v 0.082494 0.216938 0.040759
v 0.097010 0.216938 0.021428
v 0.102012 0.216938 0.000000
v 0.097010 0.216938 -0.021428
v 0.104992 0.228189 -0.052772
v 0.123458 0.228189 -0.027744
v 0.076230 0.228189 -0.072634
v 0.039989 0.228189 -0.085386
v -0.000185 0.228189 -0.089780
v -0.040360 0.228189 -0.085386
v -0.076601 0.228189 -0.072634
v -0.105363 0.228189 -0.052772
v -0.123829 0.228189 -0.027744
v -0.130192 0.228189 0.000000
v -0.123829 0.228189 0.027744
v -0.105363 0.228189 0.052772
v -0.076601 0.228189 0.072634
v -0.040360 0.228189 0.085386
v -0.000185 0.228189 0.089780
v 0.039989 0.228189 0.085386
v 0.076230 0.228189 0.072634
v 0.104992 0.228189 0.052772
v 0.123458 0.228189 0.027744
v 0.129821 0.228189 0.000000
v 0.123458 0.228189 -0.027744
v 0.124753 0.242175 -0.063484
v 0.146689 0.242175 -0.033376
v 0.090588 0.242175 -0.087379
v 0.047537 0.242175 -0.102720
v -0.000185 0.242175 -0.108006
v -0.047908 0.242175 -0.102720
v -0.090959 0.242175 -0.087379
v -0.125124 0.242175 -0.063484
v -0.147060 0.242175 -0.033376
v -0.154618 0.242175 0.000000
v -0.147060 0.242175 0.033376
v -0.125124 0.242175 0.063484
v -0.090959 0.242175 0.087379
v -0.047908 0.242175 0.102720
v -0.000185 0.242175 0.108006
v 0.047537 0.242175 0.102720
v 0.090588 0.242175 0.087379
v 0.124753 0.242175 0.063484
v 0.146689 0.242175 0.033376
v 0.154247 0.242175 0.000000
v 0.146689 0.242175 -0.033376
v 0.142727 0.258550 -0.072634
v 0.167818 0.258550 -0.038186
v 0.103646 0.258550 -0.099972
v 0.054402 0.258550 -0.117524
v -0.000185 0.258550 -0.123572
v -0.054773 0.258550 -0.117524
v -0.104017 0.258550 -0.099972
v -0.143098 0.258550 -0.072634
v -0.168189 0.258550 -0.038186
v -0.176834 0.258550 0.000000
v -0.168189 0.258550 0.038186
v -0.143098 0.258550 0.072634
v -0.104017 0.258550 0.099972
v -0.054773 0.258550 0.117524
v -0.000185 0.258550 0.123572
v 0.054402 0.258550 0.117524
v 0.103646 0.258550 0.099972
v 0.142727 0.258550 0.072634
v 0.167818 0.258550 0.038186
v 0.176463 0.258550 0.000000
v 0.167818 0.258550 -0.038186
v 0.150256 0.266482 -0.075814
v 0.176669 0.266482 -0.039858
v 0.109117 0.266482 -0.104349
v 0.057278 0.266482 -0.122670
v -0.000185 0.266482 -0.128982
v -0.057649 0.266482 -0.122670
v -0.109488 0.266482 -0.104349
v -0.150627 0.266482 -0.075814
v -0.177040 0.266482 -0.039858
v -0.186142 0.266482 0.000000
v -0.177040 0.266482 0.039858
v -0.150627 0.266482 0.075814
v -0.109488 0.266482 0.104349
v -0.057649 0.266482 0.122670
v -0.000185 0.266482 0.128982
v 0.057278 0.266482 0.122670
v 0.109117 0.266482 0.104349
v 0.150256 0.266482 0.075814
v 0.176669 0.266482 0.039858
v 0.185771 0.266482 0.000000
v 0.176669 0.266482 -0.039858
v 0.184284 0.277975 -0.042056
v 0.155001 0.276911 -0.079995
v 0.154168 0.282179 -0.082663
v 0.167389 0.282179 -0.043458
v 0.112564 0.276911 -0.110103
v 0.111959 0.282179 -0.113776
v 0.059090 0.276911 -0.129434
v 0.058772 0.282179 -0.133751
v -0.000185 0.276911 -0.136095
v -0.000185 0.282179 -0.140635
v -0.059461 0.276911 -0.129434
v -0.059143 0.282179 -0.133751
v -0.112935 0.276911 -0.110103
v -0.112330 0.282179 -0.113776
v -0.155372 0.276911 -0.079995
v -0.154539 0.282179 -0.082663
v -0.184655 0.277975 -0.042056
v -0.167760 0.282179 -0.043458
v -0.194148 0.277975 0.000000
v -0.176383 0.282179 0.000000
v -0.184655 0.277975 0.042056
v -0.167760 0.282179 0.043458
v -0.155372 0.276911 0.079995
v -0.154539 0.282179 0.082663
v -0.112935 0.276911 0.110103
v -0.112330 0.282179 0.113776
v -0.059461 0.276911 0.129434
v -0.059143 0.282179 0.133751
v -0.000185 0.276911 0.136095
v -0.000185 0.282179 0.140635
v 0.059090 0.276911 0.129434
v 0.058772 0.282179 0.133751
v 0.112564 0.276911 0.110103
v 0.111959 0.282179 0.113776
v 0.155001 0.276911 0.079995
v 0.154168 0.282179 0.082663
v 0.184284 0.277975 0.042056
v 0.167389 0.282179 0.043458
v 0.193777 0.277975 0.000000
v 0.176012 0.282179 0.000000
v 0.184284 0.277975 -0.042056
v 0.167389 0.282179 -0.043458
v 0.180269 0.293732 -0.044890
v 0.153318 0.293732 -0.085386
v 0.146557 0.302910 -0.087110
v 0.168361 0.300867 -0.045796
v 0.111342 0.293732 -0.117524
v 0.106429 0.302910 -0.119897
v 0.058448 0.293732 -0.138158
v 0.055865 0.302910 -0.140947
v -0.000185 0.293732 -0.145268
v -0.000185 0.302910 -0.148201
v -0.058819 0.293732 -0.138158
v -0.056236 0.302910 -0.140947
v -0.111712 0.293732 -0.117524
v -0.106800 0.302910 -0.119897
v -0.153689 0.293732 -0.085386
v -0.146928 0.302910 -0.087110
v -0.180640 0.293732 -0.044890
v -0.168732 0.300867 -0.045796
v -0.189927 0.293732 0.000000
v -0.177406 0.300867 0.000000
v -0.180640 0.293732 0.044890
v -0.168732 0.300867 0.045796
v -0.153689 0.293732 0.085386
v -0.146928 0.302910 0.087110
v -0.111712 0.293732 0.117524
v -0.106800 0.302910 0.119897
v -0.058819 0.293732 0.138158
v -0.056236 0.302910 0.140947
v -0.000185 0.293732 0.145268
v -0.000185 0.302910 0.148200
v 0.058448 0.293732 0.138158
v 0.055865 0.302910 0.140947
v 0.111341 0.293732 0.117524
v 0.106429 0.302910 0.119897
v 0.153318 0.293732 0.085386
v 0.146557 0.302910 0.087110
v 0.180269 0.293732 0.044890
v 0.168361 0.300867 0.045796
v 0.189556 0.293732 0.000000
v 0.177035 0.300867 0.000000
v 0.180269 0.293732 -0.044890
v 0.168361 0.300867 -0.045796
v 0.165107 0.317745 -0.046619
v 0.140421 0.317745 -0.088675
v 0.142173 0.339213 -0.089780
v 0.167167 0.339213 -0.047200
v 0.101971 0.317745 -0.122051
v 0.103244 0.339213 -0.123572
v 0.053521 0.317745 -0.143479
v 0.054191 0.339213 -0.145268
v -0.000185 0.317745 -0.150863
v -0.000185 0.339213 -0.152743
v -0.053892 0.317745 -0.143479
v -0.054562 0.339213 -0.145268
v -0.102342 0.317745 -0.122051
v -0.103615 0.339213 -0.123572
v -0.140791 0.317745 -0.088675
v -0.142544 0.339213 -0.089780
v -0.165478 0.317745 -0.046619
v -0.167538 0.339213 -0.047200
v -0.173984 0.317745 0.000000
v -0.176150 0.339213 0.000000
v -0.165478 0.317745 0.046619
v -0.167538 0.339213 0.047200
v -0.140791 0.317745 0.088675
v -0.142544 0.339213 0.089780
v -0.102342 0.317745 0.122051
v -0.103615 0.339213 0.123572
v -0.053892 0.317745 0.143479
v -0.054562 0.339213 0.145268
v -0.000185 0.317745 0.150863
v -0.000185 0.339213 0.152743
v 0.053521 0.317745 0.143479
v 0.054191 0.339213 0.145267
v 0.101971 0.317745 0.122051
v 0.103244 0.339213 0.123572
v 0.140420 0.317745 0.088675
v 0.142173 0.339213 0.089780
v 0.165107 0.317745 0.046619
v 0.167167 0.339213 0.047200
v 0.173613 0.317745 0.000000
v 0.175779 0.339213 0.000000
v 0.165107 0.317745 -0.046619
v 0.167167 0.339213 -0.047200
v 0.140421 0.360681 -0.088675
v 0.165107 0.360681 -0.046619
v 0.101971 0.360681 -0.122051
v 0.053521 0.360681 -0.143479
v -0.000185 0.360681 -0.150863
v -0.053892 0.360681 -0.143479
v -0.102342 0.360681 -0.122051
v -0.140791 0.360681 -0.088675
v -0.165478 0.360681 -0.046619
v -0.173984 0.360681 0.000000
v -0.165478 0.360681 0.046619
v -0.140791 0.360681 0.088675
v -0.102342 0.360681 0.122051
v -0.053892 0.360681 0.143479
v -0.000185 0.360681 0.150863
v 0.053521 0.360681 0.143479
v 0.101971 0.360681 0.122051
v 0.140420 0.360681 0.088675
v 0.165107 0.360681 0.046619
v 0.173613 0.360681 0.000000
v 0.165107 0.360681 -0.046619
v 0.135206 0.381621 -0.085386
v 0.158976 0.381621 -0.044890
v 0.098182 0.381621 -0.117524
v 0.051529 0.381621 -0.138158
v -0.000185 0.381621 -0.145268
v -0.051900 0.381621 -0.138158
v -0.098553 0.381621 -0.117524
v -0.135577 0.381621 -0.085386
v -0.159347 0.381621 -0.044890
v -0.167538 0.381621 0.000000
v -0.159347 0.381621 0.044890
v -0.135577 0.381621 0.085386
v -0.098553 0.381621 0.117524
v -0.051900 0.381621 0.138158
v -0.000185 0.381621 0.145268
v 0.051529 0.381621 0.138158
v 0.098182 0.381621 0.117524
v 0.135206 0.381621 0.085386
v 0.158976 0.381621 0.044890
v 0.167167 0.381621 0.000000
v 0.158976 0.381621 -0.044890
v 0.126657 0.401516 -0.079995
v 0.148927 0.401516 -0.042056
v 0.091971 0.401516 -0.110103
v 0.048264 0.401516 -0.129434
v -0.000185 0.401516 -0.136095
v -0.048635 0.401516 -0.129434
v -0.092342 0.401516 -0.110103
v -0.127028 0.401516 -0.079995
v -0.149298 0.401516 -0.042056
v -0.156971 0.401516 0.000000
v -0.149298 0.401516 0.042056
v -0.127028 0.401516 0.079995
v -0.092342 0.401516 0.110103
v -0.048635 0.401516 0.129434
v -0.000185 0.401516 0.136095
v 0.048264 0.401516 0.129434
v 0.091971 0.401516 0.110103
v 0.126657 0.401516 0.079995
v 0.148927 0.401516 0.042056
v 0.156600 0.401516 0.000000
v 0.148927 0.401516 -0.042056
v 0.114985 0.419877 -0.072634
v 0.135206 0.419877 -0.038186
v 0.083491 0.419877 -0.099972
v 0.043806 0.419877 -0.117524
v -0.000185 0.419877 -0.123572
v -0.044177 0.419877 -0.117524
v -0.083862 0.419877 -0.099972
v -0.115356 0.419877 -0.072634
v -0.135577 0.419877 -0.038186
v -0.142544 0.419877 0.000000
v -0.135577 0.419877 0.038186
v -0.115356 0.419877 0.072634
v -0.083862 0.419877 0.099972
v -0.044177 0.419877 0.117524
v -0.000185 0.419877 0.123572
v 0.043806 0.419877 0.117524
v 0.083491 0.419877 0.099972
v 0.114985 0.419877 0.072634
v 0.135206 0.419877 0.038186
v 0.142173 0.419877 0.000000
v 0.135206 0.419877 -0.038186
v 0.100477 0.436252 -0.063484
v 0.118151 0.436252 -0.033376
v 0.072950 0.436252 -0.087379
v 0.038264 0.436252 -0.102720
v -0.000185 0.436252 -0.108006
v -0.038635 0.436252 -0.102720
v -0.073321 0.436252 -0.087379
v -0.100848 0.436252 -0.063484
v -0.118522 0.436252 -0.033376
v -0.124611 0.436252 0.000000
v -0.118522 0.436252 0.033376
v -0.100848 0.436252 0.063484
v -0.073321 0.436252 0.087379
v -0.038635 0.436252 0.102720
v -0.000185 0.436252 0.108006
v 0.038264 0.436252 0.102720
v 0.072950 0.436252 0.087379
v 0.100477 0.436252 0.063484
v 0.118151 0.436252 0.033376
v 0.124240 0.436252 0.000000
v 0.118151 0.436252 -0.033376
v 0.083491 0.450237 -0.052772
v 0.098182 0.450237 -0.027744
v 0.060609 0.450237 -0.072634
v 0.031776 0.450237 -0.085386
v -0.000185 0.450237 -0.089780
v -0.032147 0.450237 -0.085386
v -0.060980 0.450237 -0.072634
v -0.083862 0.450237 -0.052772
v -0.098553 0.450237 -0.027744
v -0.103615 0.450237 0.000000
v -0.098553 0.450237 0.027744
v -0.083862 0.450237 0.052772
v -0.060980 0.450237 0.072634
v -0.032147 0.450237 0.085386
v -0.000185 0.450237 0.089780
v 0.031776 0.450237 0.085386
v 0.060609 0.450237 0.072634
v 0.083491 0.450237 0.052772
v 0.098182 0.450237 0.027744
v 0.103244 0.450237 0.000000
v 0.098182 0.450237 -0.027744
v 0.064444 0.461489 -0.040759
v 0.075791 0.461489 -0.021428
v 0.046771 0.461489 -0.056101
v 0.024501 0.461489 -0.065950
v -0.000185 0.461489 -0.069344
v -0.024872 0.461489 -0.065950
v -0.047142 0.461489 -0.056100
v -0.064815 0.461489 -0.040759
v -0.076162 0.461489 -0.021428
v -0.080072 0.461489 0.000000
v -0.076162 0.461489 0.021428
v -0.064815 0.461489 0.040759
v -0.047142 0.461489 0.056100
v -0.024872 0.461489 0.065950
v -0.000185 0.461489 0.069344
v 0.024501 0.461489 0.065950
v 0.046771 0.461489 0.056100
v 0.064444 0.461489 0.040759
v 0.075791 0.461489 0.021428
v 0.079701 0.461489 0.000000
v 0.075791 0.461489 -0.021428
v 0.043806 0.469730 -0.027744
v 0.051529 0.469730 -0.014586
v 0.031776 0.469730 -0.038186
v 0.016618 0.469730 -0.044890
v -0.000185 0.469730 -0.047200
v -0.016989 0.469730 -0.044890
v -0.032147 0.469730 -0.038186
v -0.044177 0.469730 -0.027744
v -0.051900 0.469730 -0.014586
v -0.054562 0.469730 0.000000
v -0.051900 0.469730 0.014586
v -0.044177 0.469730 0.027744
v -0.032147 0.469730 0.038186
v -0.016989 0.469730 0.044890
v -0.000185 0.469730 0.047200
v 0.016618 0.469730 0.044890
v 0.031776 0.469730 0.038186
v 0.043806 0.469730 0.027744
v 0.051529 0.469730 0.014586
v 0.054191 0.469730 0.000000
v 0.051529 0.469730 -0.014586
vn 0.0871 -0.9918 -0.0935
vn 0.0969 -0.9942 -0.0464
vn -0.0000 -1.0000 -0.0000
vn 0.0675 -0.9881 -0.1383
vn 0.0371 -0.9844 -0.1719
vn -0.0000 -0.9829 -0.1842
vn -0.0371 -0.9844 -0.1719
vn -0.0675 -0.9881 -0.1383
vn -0.0871 -0.9918 -0.0935
vn -0.0969 -0.9942 -0.0464
vn -0.0999 -0.9950 -0.0000
vn -0.0969 -0.9942 0.0464
vn -0.0871 -0.9918 0.0935
vn -0.0675 -0.9881 0.1383
vn -0.0371 -0.9844 0.1719
vn -0.0000 -0.9829 0.1842
vn 0.0371 -0.9844 0.1719
vn 0.0675 -0.9881 0.1383
vn 0.0871 -0.9918 0.0935
vn 0.0969 -0.9942 0.0464
vn 0.0999 -0.9950 -0.0000
vn 0.0969 -0.9942 -0.0463
vn 0.1497 0.9871 -0.0560
vn 0.1272 0.9861 -0.1065
vn -0.0000 1.0000 -0.0000
vn 0.0923 0.9849 -0.1464
vn 0.0485 0.9839 -0.1719
vn -0.0000 0.9835 -0.1807
vn -0.0485 0.9839 -0.1719
vn -0.0923 0.9849 -0.1464
vn -0.1272 0.9861 -0.1065
vn -0.1497 0.9871 -0.0560
vn -0.1575 0.9875 -0.0000
vn -0.1497 0.9871 0.0560
vn -0.1272 0.9861 0.1065
vn -0.0923 0.9849 0.1464
vn -0.0485 0.9839 0.1719
vn -0.0000 0.9835 0.1807
vn 0.0485 0.9839 0.1719
vn 0.0923 0.9849 0.1464
vn 0.1272 0.9861 0.1065
vn 0.1497 0.9871 0.0560
vn 0.1575 0.9875 -0.0000
vn 0.1649 -0.9696 -0.1807
vn 0.1974 -0.9755 -0.0971
vn 0.1186 -0.9621 -0.2454
vn 0.0624 -0.9557 -0.2877
vn -0.0000 -0.9530 -0.3029
vn -0.0624 -0.9557 -0.2877
vn -0.1186 -0.9621 -0.2454
vn -0.1649 -0.9696 -0.1808
vn -0.1974 -0.9755 -0.0971
vn -0.2097 -0.9778 -0.0001
vn -0.1974 -0.9755 0.0971
vn -0.1649 -0.9696 0.1807
vn -0.1186 -0.9621 0.2454
vn -0.0624 -0.9557 0.2877
vn -0.0000 -0.9530 0.3029
vn 0.0624 -0.9557 0.2877
vn 0.1186 -0.9621 0.2454
vn 0.1649 -0.9696 0.1808
vn 0.1974 -0.9755 0.0971
vn 0.2097 -0.9778 0.0001
vn 0.1974 -0.9755 -0.0970
vn 0.2606 -0.9230 -0.2833
vn 0.3213 -0.9340 -0.1562
vn 0.1791 -0.9120 -0.3691
vn 0.0903 -0.9048 -0.4161
vn -0.0000 -0.9025 -0.4308
vn -0.0903 -0.9048 -0.4161
vn -0.1791 -0.9120 -0.3691
vn -0.2605 -0.9230 -0.2833
vn -0.3213 -0.9340 -0.1562
vn -0.3443 -0.9389 -0.0000
vn -0.3213 -0.9340 0.1562
vn -0.2606 -0.9230 0.2833
vn -0.1791 -0.9120 0.3691
vn -0.0903 -0.9049 0.4160
vn -0.0000 -0.9025 0.4308
vn 0.0903 -0.9048 0.4161
vn 0.1791 -0.9120 0.3691
vn 0.2605 -0.9230 0.2833
vn 0.3213 -0.9340 0.1562
vn 0.3443 -0.9389 -0.0000
vn 0.3415 -0.8681 -0.3602
vn 0.4184 -0.8865 -0.1974
vn 0.2368 -0.8485 -0.4732
vn 0.1202 -0.8349 -0.5372
vn -0.0000 -0.8301 -0.5576
vn -0.1202 -0.8349 -0.5372
vn -0.2368 -0.8485 -0.4732
vn -0.3415 -0.8681 -0.3603
vn -0.4184 -0.8865 -0.1974
vn -0.4474 -0.8943 -0.0000
vn -0.4184 -0.8865 0.1974
vn -0.3415 -0.8681 0.3602
vn -0.2368 -0.8485 0.4732
vn -0.1202 -0.8349 0.5372
vn -0.0000 -0.8301 0.5577
vn 0.1202 -0.8348 0.5372
vn 0.2368 -0.8485 0.4732
vn 0.3415 -0.8681 0.3603
vn 0.4184 -0.8865 0.1974
vn 0.4474 -0.8943 -0.0000
vn 0.4184 -0.8866 -0.1973
vn 0.4206 -0.7934 -0.4400
vn 0.5170 -0.8211 -0.2419
vn 0.2906 -0.7642 -0.5758
vn 0.1471 -0.7438 -0.6520
vn -0.0000 -0.7366 -0.6763
vn -0.1471 -0.7438 -0.6520
vn -0.2906 -0.7642 -0.5758
vn -0.4206 -0.7934 -0.4400
vn -0.5170 -0.8211 -0.2419
vn -0.5535 -0.8328 -0.0000
vn -0.5170 -0.8211 0.2419
vn -0.4206 -0.7934 0.4400
vn -0.2906 -0.7642 0.5758
vn -0.1471 -0.7438 0.6520
vn -0.0000 -0.7366 0.6763
vn 0.1471 -0.7438 0.6520
vn 0.2906 -0.7642 0.5758
vn 0.4206 -0.7934 0.4400
vn 0.5170 -0.8211 0.2419
vn 0.5535 -0.8329 -0.0000
vn 0.5170 -0.8211 -0.2418
vn 0.4721 -0.7342 -0.4879
vn 0.5759 -0.7730 -0.2661
vn 0.3286 -0.6913 -0.6436
vn 0.1672 -0.6601 -0.7324
vn -0.0000 -0.6489 -0.7609
vn -0.1672 -0.6601 -0.7324
vn -0.3286 -0.6913 -0.6436
vn -0.4721 -0.7342 -0.4880
vn -0.5759 -0.7730 -0.2661
vn -0.6144 -0.7890 -0.0000
vn -0.5759 -0.7730 0.2661
vn -0.4721 -0.7342 0.4879
vn -0.3286 -0.6913 0.6436
vn -0.1672 -0.6601 0.7324
vn -0.0000 -0.6489 0.7609
vn 0.1672 -0.6601 0.7324
vn 0.3286 -0.6913 0.6436
vn 0.4721 -0.7342 0.4880
vn 0.5759 -0.7730 0.2661
vn 0.6144 -0.7890 -0.0000
vn 0.5759 -0.7730 -0.2660
vn 0.5591 -0.6022 -0.5699
vn 0.6992 -0.6377 -0.3230
vn 0.3753 -0.5776 -0.7249
vn 0.1859 -0.5658 -0.8033
vn -0.0000 -0.5618 -0.8273
vn -0.1859 -0.5658 -0.8033
vn -0.3753 -0.5776 -0.7249
vn -0.5591 -0.6022 -0.5699
vn -0.6993 -0.6377 -0.3230
vn -0.7542 -0.6567 -0.0000
vn -0.6993 -0.6378 0.3230
vn -0.5591 -0.6022 0.5699
vn -0.3753 -0.5776 0.7249
vn -0.1859 -0.5658 0.8033
vn -0.0000 -0.5619 0.8272
vn 0.1859 -0.5658 0.8033
vn 0.3753 -0.5776 0.7249
vn 0.5591 -0.6022 0.5699
vn 0.6993 -0.6377 0.3230
vn 0.7542 -0.6567 -0.0000
vn 0.6993 -0.6378 -0.3229
vn 0.8685 0.3323 -0.3679
vn 0.6968 -0.2252 -0.6809
vn 0.7309 -0.2129 -0.6484
vn 0.9346 0.0712 -0.3486
vn 0.3995 -0.5140 -0.7591
vn 0.4495 -0.3307 -0.8298
vn 0.1875 -0.5721 -0.7985
vn 0.2127 -0.4311 -0.8769
vn -0.0000 -0.5914 -0.8064
vn -0.0000 -0.4631 -0.8863
vn -0.1875 -0.5721 -0.7985
vn -0.2127 -0.4311 -0.8769
vn -0.3995 -0.5140 -0.7591
vn -0.4495 -0.3307 -0.8298
vn -0.6968 -0.2252 -0.6809
vn -0.7309 -0.2129 -0.6484
vn -0.8685 0.3324 -0.3678
vn -0.9346 0.0713 -0.3486
vn -0.8723 0.4889 -0.0000
vn -0.9728 0.2319 -0.0000
vn -0.8684 0.3324 0.3678
vn -0.9346 0.0713 0.3486
vn -0.6968 -0.2252 0.6809
vn -0.7309 -0.2129 0.6484
vn -0.3995 -0.5140 0.7591
vn -0.4495 -0.3307 0.8298
vn -0.1875 -0.5721 0.7985
vn -0.2127 -0.4311 0.8769
vn -0.0000 -0.5914 0.8064
vn -0.0000 -0.4631 0.8863
vn 0.1875 -0.5721 0.7985
vn 0.2127 -0.4311 0.8769
vn 0.3995 -0.5140 0.7590
vn 0.4495 -0.3307 0.8298
vn 0.6968 -0.2252 0.6809
vn 0.7309 -0.2129 0.6484
vn 0.8685 0.3324 0.3678
vn 0.9346 0.0713 0.3486
vn 0.8723 0.4889 -0.0000
vn 0.9728 0.2319 -0.0000
vn 0.8685 0.3324 -0.3678
vn 0.9479 0.0187 -0.3179
vn 0.7527 0.0726 -0.6543
vn 0.7331 0.2757 -0.6218
vn 0.8230 0.4808 -0.3025
vn 0.4924 -0.1036 -0.8642
vn 0.5116 0.0346 -0.8585
vn 0.2380 -0.2707 -0.9328
vn 0.2548 -0.1478 -0.9556
vn -0.0000 -0.3275 -0.9449
vn -0.0000 -0.2094 -0.9778
vn -0.2380 -0.2707 -0.9328
vn -0.2548 -0.1478 -0.9556
vn -0.4924 -0.1036 -0.8642
vn -0.5116 0.0346 -0.8585
vn -0.7527 0.0727 -0.6543
vn -0.7331 0.2756 -0.6218
vn -0.9480 0.0187 -0.3178
vn -0.8230 0.4808 -0.3024
vn -0.9982 -0.0593 -0.0000
vn -0.8325 0.5541 -0.0000
vn -0.9480 0.0188 0.3178
vn -0.8230 0.4808 0.3024
vn -0.7527 0.0727 0.6543
vn -0.7331 0.2757 0.6218
vn -0.4924 -0.1036 0.8642
vn -0.5116 0.0346 0.8585
vn -0.2380 -0.2707 0.9328
vn -0.2548 -0.1478 0.9556
vn -0.0000 -0.3275 0.9449
vn -0.0000 -0.2094 0.9778
vn 0.2380 -0.2707 0.9328
vn 0.2548 -0.1478 0.9556
vn 0.4924 -0.1036 0.8642
vn 0.5116 0.0346 0.8585
vn 0.7527 0.0727 0.6543
vn 0.7331 0.2756 0.6218
vn 0.9480 0.0187 0.3178
vn 0.8230 0.4808 0.3024
vn 0.9982 -0.0593 -0.0000
vn 0.8325 0.5541 -0.0000
vn 0.9480 0.0188 -0.3178
vn 0.8231 0.4807 -0.3024
vn 0.9375 0.0330 -0.3465
vn 0.7612 0.0164 -0.6483
vn 0.7668 -0.0000 -0.6418
vn 0.9365 -0.0000 -0.3506
vn 0.5198 -0.0448 -0.8531
vn 0.5334 -0.0000 -0.8458
vn 0.2615 -0.0995 -0.9601
vn 0.2715 -0.0000 -0.9625
vn -0.0000 -0.1180 -0.9930
vn -0.0000 -0.0000 -1.0000
vn -0.2615 -0.0995 -0.9601
vn -0.2715 -0.0000 -0.9625
vn -0.5198 -0.0448 -0.8531
vn -0.5334 -0.0000 -0.8458
vn -0.7612 0.0164 -0.6483
vn -0.7668 -0.0000 -0.6418
vn -0.9375 0.0330 -0.3465
vn -0.9365 -0.0000 -0.3506
vn -0.9996 0.0280 -0.0000
vn -1.0000 -0.0000 -0.0000
vn -0.9375 0.0330 0.3465
vn -0.9365 -0.0000 0.3506
vn -0.7612 0.0164 0.6483
vn -0.7668 -0.0000 0.6418
vn -0.5198 -0.0448 0.8531
vn -0.5334 -0.0000 0.8458
vn -0.2615 -0.0995 0.9601
vn -0.2715 -0.0000 0.9625
vn -0.0000 -0.1180 0.9930
vn -0.0000 -0.0000 1.0000
vn 0.2615 -0.0994 0.9601
vn 0.2715 -0.0000 0.9625
vn 0.5198 -0.0448 0.8531
vn 0.5334 -0.0000 0.8458
vn 0.7612 0.0165 0.6484
vn 0.7668 -0.0000 0.6418
vn 0.9375 0.0330 0.3465
vn 0.9365 -0.0000 0.3506
vn 0.9996 0.0280 -0.0000
vn 1.0000 -0.0000 -0.0000
vn 0.9375 0.0330 -0.3464
vn 0.9366 -0.0000 -0.3505
vn 0.7534 0.1864 -0.6306
vn 0.9188 0.1934 -0.3440
vn 0.5248 0.1788 -0.8322
vn 0.2674 0.1731 -0.9479
vn -0.0000 0.1712 -0.9852
vn -0.2673 0.1733 -0.9479
vn -0.5249 0.1787 -0.8322
vn -0.7534 0.1864 -0.6306
vn -0.9188 0.1935 -0.3439
vn -0.9805 0.1964 -0.0000
vn -0.9188 0.1937 0.3439
vn -0.7534 0.1864 0.6306
vn -0.5248 0.1788 0.8322
vn -0.2673 0.1732 0.9479
vn -0.0000 0.1711 0.9853
vn 0.2673 0.1734 0.9479
vn 0.5248 0.1788 0.8322
vn 0.7534 0.1864 0.6306
vn 0.9188 0.1935 0.3439
vn 0.9806 0.1962 -0.0000
vn 0.9189 0.1934 -0.3439
vn 0.7147 0.3625 -0.5982
vn 0.8683 0.3746 -0.3250
vn 0.4999 0.3490 -0.7927
vn 0.2554 0.3391 -0.9054
vn -0.0000 0.3356 -0.9420
vn -0.2554 0.3391 -0.9054
vn -0.4999 0.3490 -0.7927
vn -0.7147 0.3625 -0.5982
vn -0.8683 0.3746 -0.3250
vn -0.9251 0.3797 -0.0000
vn -0.8683 0.3746 0.3250
vn -0.7147 0.3625 0.5982
vn -0.4999 0.3490 0.7927
vn -0.2554 0.3391 0.9054
vn -0.0000 0.3356 0.9420
vn 0.2554 0.3391 0.9054
vn 0.4999 0.3490 0.7927
vn 0.7147 0.3625 0.5982
vn 0.8683 0.3747 0.3250
vn 0.9251 0.3796 -0.0000
vn 0.6549 0.5201 -0.5482
vn 0.7914 0.5347 -0.2963
vn 0.4608 0.5037 -0.7307
vn 0.2364 0.4915 -0.8382
vn -0.0000 0.4871 -0.8733
vn -0.2364 0.4916 -0.8381
vn -0.4608 0.5037 -0.7307
vn -0.6549 0.5201 -0.5482
vn -0.7914 0.5347 -0.2962
vn -0.8413 0.5405 -0.0000
vn -0.7914 0.5347 0.2962
vn -0.6549 0.5201 0.5482
vn -0.4608 0.5038 0.7307
vn -0.2364 0.4915 0.8382
vn -0.0000 0.4871 0.8733
vn 0.2364 0.4916 0.8381
vn 0.4608 0.5038 0.7307
vn 0.6549 0.5202 0.5482
vn 0.7914 0.5347 0.2962
vn 0.8413 0.5406 -0.0000
vn 0.7914 0.5347 -0.2962
vn 0.5796 0.6548 -0.4851
vn 0.6961 0.6689 -0.2606
vn 0.4106 0.6384 -0.6510
vn 0.2117 0.6260 -0.7505
vn -0.0000 0.6215 -0.7834
vn -0.2117 0.6260 -0.7505
vn -0.4106 0.6384 -0.6510
vn -0.5796 0.6548 -0.4851
vn -0.6961 0.6689 -0.2606
vn -0.7382 0.6746 -0.0000
vn -0.6961 0.6689 0.2606
vn -0.5796 0.6548 0.4851
vn -0.4106 0.6384 0.6510
vn -0.2117 0.6260 0.7505
vn -0.0000 0.6215 0.7834
vn 0.2117 0.6260 0.7505
vn 0.4106 0.6384 0.6510
vn 0.5796 0.6548 0.4851
vn 0.6961 0.6689 0.2606
vn 0.7382 0.6746 -0.0000
vn 0.4940 0.7649 -0.4135
vn 0.5898 0.7768 -0.2208
vn 0.3523 0.7508 -0.5587
vn 0.1826 0.7400 -0.6473
vn -0.0000 0.7361 -0.6769
vn -0.1826 0.7400 -0.6473
vn -0.3523 0.7508 -0.5587
vn -0.4940 0.7649 -0.4135
vn -0.5898 0.7768 -0.2208
vn -0.6239 0.7815 -0.0000
vn -0.5898 0.7768 0.2208
vn -0.4940 0.7649 0.4135
vn -0.3523 0.7508 0.5587
vn -0.1826 0.7400 0.6473
vn -0.0000 0.7360 0.6769
vn 0.1826 0.7400 0.6473
vn 0.3523 0.7508 0.5587
vn 0.4940 0.7649 0.4135
vn 0.5898 0.7768 0.2208
vn 0.6239 0.7815 -0.0000
vn 0.5898 0.7768 -0.2207
vn 0.4024 0.8512 -0.3368
vn 0.4780 0.8600 -0.1789
vn 0.2888 0.8408 -0.4579
vn 0.1504 0.8326 -0.5331
vn -0.0000 0.8295 -0.5585
vn -0.1504 0.8326 -0.5331
vn -0.2888 0.8408 -0.4579
vn -0.4024 0.8512 -0.3368
vn -0.4780 0.8600 -0.1789
vn -0.5045 0.8634 -0.0000
vn -0.4780 0.8600 0.1789
vn -0.4024 0.8512 0.3368
vn -0.2888 0.8408 0.4579
vn -0.1504 0.8326 0.5331
vn -0.0000 0.8295 0.5585
vn 0.1504 0.8326 0.5331
vn 0.2888 0.8408 0.4579
vn 0.4024 0.8512 0.3368
vn 0.4780 0.8600 0.1789
vn 0.5045 0.8634 -0.0000
vn 0.3083 0.9156 -0.2580
vn 0.3645 0.9211 -0.1365
vn 0.2223 0.9090 -0.3525
vn 0.1162 0.9037 -0.4120
vn -0.0000 0.9017 -0.4323
vn -0.1162 0.9037 -0.4120
vn -0.2223 0.9090 -0.3526
vn -0.3082 0.9157 -0.2580
vn -0.3645 0.9211 -0.1364
vn -0.3842 0.9233 -0.0000
vn -0.3645 0.9211 0.1364
vn -0.3082 0.9157 0.2580
vn -0.2223 0.9090 0.3525
vn -0.1162 0.9037 0.4120
vn -0.0000 0.9017 0.4323
vn 0.1162 0.9037 0.4120
vn 0.2223 0.9090 0.3526
vn 0.3082 0.9157 0.2580
vn 0.3645 0.9211 0.1364
vn 0.3842 0.9233 -0.0000
vn 0.2144 0.9601 -0.1794
vn 0.2527 0.9629 -0.0946
vn 0.1552 0.9567 -0.2461
vn 0.0814 0.9540 -0.2885
vn -0.0000 0.9530 -0.3030
vn -0.0814 0.9540 -0.2885
vn -0.1552 0.9567 -0.2461
vn -0.2144 0.9601 -0.1794
vn -0.2527 0.9629 -0.0946
vn -0.2660 0.9640 -0.0000
vn -0.2527 0.9629 0.0946
vn -0.2144 0.9601 0.1794
vn -0.1552 0.9567 0.2461
vn -0.0814 0.9540 0.2885
vn -0.0000 0.9530 0.3030
vn 0.0814 0.9540 0.2885
vn 0.1552 0.9567 0.2461
vn 0.2144 0.9601 0.1794
vn 0.2527 0.9629 0.0946
vn 0.2660 0.9640 -0.0000
vt 0.050000 0.950000
vt 0.000000 0.950000
vt 0.025000 1.000000
vt 0.100000 0.950000
vt 0.075000 1.000000
vt 0.150000 0.950000
vt 0.125000 1.000000
vt 0.200000 0.950000
vt 0.175000 1.000000
vt 0.250000 0.950000
vt 0.225000 1.000000
vt 0.300000 0.950000
vt 0.275000 1.000000
vt 0.350000 0.950000
vt 0.325000 1.000000
vt 0.400000 0.950000
vt 0.375000 1.000000
vt 0.450000 0.950000
vt 0.425000 1.000000
vt 0.500000 0.950000
vt 0.475000 1.000000
vt 0.550000 0.950000
vt 0.525000 1.000000
vt 0.600000 0.950000
vt 0.575000 1.000000
vt 0.650000 0.950000
vt 0.625000 1.000000
vt 0.700000 0.950000
vt 0.675000 1.000000
vt 0.750000 0.950000
vt 0.725000 1.000000
vt 0.800000 0.950000
vt 0.775000 1.000000
vt 0.850000 0.950000
vt 0.825000 1.000000
vt 0.900000 0.950000
vt 0.875000 1.000000
vt 0.950000 0.950000
vt 0.925000 1.000000
vt 1.000000 0.950000
vt 0.975000 1.000000
vt 0.000000 0.050000
vt 0.050000 0.050000
vt 0.025000 0.000000
vt 0.100000 0.050000
vt 0.075000 0.000000
vt 0.150000 0.050000
vt 0.125000 0.000000
vt 0.200000 0.050000
vt 0.175000 0.000000
vt 0.250000 0.050000
vt 0.225000 0.000000
vt 0.300000 0.050000
vt 0.275000 0.000000
vt 0.350000 0.050000
vt 0.325000 0.000000
vt 0.400000 0.050000
vt 0.375000 0.000000
vt 0.450000 0.050000
vt 0.425000 0.000000
vt 0.500000 0.050000
vt 0.475000 0.000000
vt 0.550000 0.050000
vt 0.525000 0.000000
vt 0.600000 0.050000
vt 0.575000 0.000000
vt 0.650000 0.050000
vt 0.625000 0.000000
vt 0.700000 0.050000
vt 0.675000 0.000000
vt 0.750000 0.050000
vt 0.725000 0.000000
vt 0.800000 0.050000
vt 0.775000 0.000000
vt 0.850000 0.050000
vt 0.825000 0.000000
vt 0.900000 0.050000
vt 0.875000 0.000000
vt 0.950000 0.050000
vt 0.925000 0.000000
vt 1.000000 0.050000
vt 0.975000 0.000000
vt 0.050000 0.900000
vt 0.000000 0.900000
vt 0.100000 0.900000
vt 0.150000 0.900000
vt 0.200000 0.900000
vt 0.250000 0.900000
vt 0.300000 0.900000
vt 0.350000 0.900000
vt 0.400000 0.900000
vt 0.450000 0.900000
vt 0.500000 0.900000
vt 0.550000 0.900000
vt 0.600000 0.900000
vt 0.650000 0.900000
vt 0.700000 0.900000
vt 0.750000 0.900000
vt 0.800000 0.900000
vt 0.850000 0.900000
vt 0.900000 0.900000
vt 0.950000 0.900000
vt 1.000000 0.900000
vt 0.050000 0.850000
vt 0.000000 0.850000
vt 0.100000 0.850000
vt 0.150000 0.850000
vt 0.200000 0.850000
vt 0.250000 0.850000
vt 0.300000 0.850000
vt 0.350000 0.850000
vt 0.400000 0.850000
vt 0.450000 0.850000
vt 0.500000 0.850000
vt 0.550000 0.850000
vt 0.600000 0.850000
vt 0.650000 0.850000
vt 0.700000 0.850000
vt 0.750000 0.850000
vt 0.800000 0.850000
vt 0.850000 0.850000
vt 0.900000 0.850000
vt 0.950000 0.850000
vt 1.000000 0.850000
vt 0.050000 0.800000
vt 0.000000 0.800000
vt 0.100000 0.800000
vt 0.150000 0.800000
vt 0.200000 0.800000
vt 0.250000 0.800000
vt 0.300000 0.800000
vt 0.350000 0.800000
vt 0.400000 0.800000
vt 0.450000 0.800000
vt 0.500000 0.800000
vt 0.550000 0.800000
vt 0.600000 0.800000
vt 0.650000 0.800000
vt 0.700000 0.800000
vt 0.750000 0.800000
vt 0.800000 0.800000
vt 0.850000 0.800000
vt 0.900000 0.800000
vt 0.950000 0.800000
vt 1.000000 0.800000
vt 0.050000 0.750000
vt 0.000000 0.750000
vt 0.100000 0.750000
vt 0.150000 0.750000
vt 0.200000 0.750000
vt 0.250000 0.750000
vt 0.300000 0.750000
vt 0.350000 0.750000
vt 0.400000 0.750000
vt 0.450000 0.750000
vt 0.500000 0.750000
vt 0.550000 0.750000
vt 0.600000 0.750000
vt 0.650000 0.750000
vt 0.700000 0.750000
vt 0.750000 0.750000
vt 0.800000 0.750000
vt 0.850000 0.750000
vt 0.900000 0.750000
vt 0.950000 0.750000
vt 1.000000 0.750000
vt 0.050000 0.700000
vt 0.000000 0.700000
vt 0.100000 0.700000
vt 0.150000 0.700000
vt 0.200000 0.700000
vt 0.250000 0.700000
vt 0.300000 0.700000
vt 0.350000 0.700000
vt 0.400000 0.700000
vt 0.450000 0.700000
vt 0.500000 0.700000
vt 0.550000 0.700000
vt 0.600000 0.700000
vt 0.650000 0.700000
vt 0.700000 0.700000
vt 0.750000 0.700000
vt 0.800000 0.700000
vt 0.850000 0.700000
vt 0.900000 0.700000
vt 0.950000 0.700000
vt 1.000000 0.700000
vt 0.050000 0.678398
vt 0.000000 0.678398
vt 0.100000 0.678398
vt 0.150000 0.678398
vt 0.200000 0.678398
vt 0.250000 0.678398
vt 0.300000 0.678398
vt 0.350000 0.678398
vt 0.400000 0.678398
vt 0.450000 0.678398
vt 0.500000 0.678398
vt 0.550000 0.678398
vt 0.600000 0.678398
vt 0.650000 0.678398
vt 0.700000 0.678398
vt 0.750000 0.678398
vt 0.800000 0.678398
vt 0.850000 0.678398
vt 0.900000 0.678398
vt 0.950000 0.678398
vt 1.000000 0.678398
vt 0.000000 0.650000
vt 0.050000 0.650000
vt 0.050000 0.625255
vt 0.000000 0.625255
vt 0.100000 0.650000
vt 0.100000 0.625255
vt 0.150000 0.650000
vt 0.150000 0.625255
vt 0.200000 0.650000
vt 0.200000 0.625255
vt 0.250000 0.650000
vt 0.250000 0.625255
vt 0.300000 0.650000
vt 0.300000 0.625255
vt 0.350000 0.650000
vt 0.350000 0.625255
vt 0.400000 0.650000
vt 0.400000 0.625255
vt 0.450000 0.650000
vt 0.450000 0.625255
vt 0.500000 0.650000
vt 0.500000 0.625255
vt 0.550000 0.650000
vt 0.550000 0.625255
vt 0.600000 0.650000
vt 0.600000 0.625255
vt 0.650000 0.650000
vt 0.650000 0.625255
vt 0.700000 0.650000
vt 0.700000 0.625255
vt 0.750000 0.650000
vt 0.750000 0.625255
vt 0.800000 0.650000
vt 0.800000 0.625255
vt 0.850000 0.650000
vt 0.850000 0.625255
vt 0.900000 0.650000
vt 0.900000 0.625255
vt 0.950000 0.650000
vt 0.950000 0.625255
vt 1.000000 0.650000
vt 1.000000 0.625255
vt 0.000000 0.600000
vt 0.050000 0.600000
vt 0.050000 0.573790
vt 0.000000 0.573790
vt 0.100000 0.600000
vt 0.100000 0.573790
vt 0.150000 0.600000
vt 0.150000 0.573790
vt 0.200000 0.600000
vt 0.200000 0.573790
vt 0.250000 0.600000
vt 0.250000 0.573790
vt 0.300000 0.600000
vt 0.300000 0.573790
vt 0.350000 0.600000
vt 0.350000 0.573790
vt 0.400000 0.600000
vt 0.400000 0.573790
vt 0.450000 0.600000
vt 0.450000 0.573790
vt 0.500000 0.600000
vt 0.500000 0.573790
vt 0.550000 0.600000
vt 0.550000 0.573790
vt 0.600000 0.600000
vt 0.600000 0.573790
vt 0.650000 0.600000
vt 0.650000 0.573790
vt 0.700000 0.600000
vt 0.700000 0.573790
vt 0.750000 0.600000
vt 0.750000 0.573790
vt 0.800000 0.600000
vt 0.800000 0.573790
vt 0.850000 0.600000
vt 0.850000 0.573790
vt 0.900000 0.600000
vt 0.900000 0.573790
vt 0.950000 0.600000
vt 0.950000 0.573790
vt 1.000000 0.600000
vt 1.000000 0.573790
vt 0.000000 0.550000
vt 0.050000 0.550000
vt 0.050000 0.500000
vt 0.000000 0.500000
vt 0.100000 0.550000
vt 0.100000 0.500000
vt 0.150000 0.550000
vt 0.150000 0.500000
vt 0.200000 0.550000
vt 0.200000 0.500000
vt 0.250000 0.550000
vt 0.250000 0.500000
vt 0.300000 0.550000
vt 0.300000 0.500000
vt 0.350000 0.550000
vt 0.350000 0.500000
vt 0.400000 0.550000
vt 0.400000 0.500000
vt 0.450000 0.550000
vt 0.450000 0.500000
vt 0.500000 0.550000
vt 0.500000 0.500000
vt 0.550000 0.550000
vt 0.550000 0.500000
vt 0.600000 0.550000
vt 0.600000 0.500000
vt 0.650000 0.550000
vt 0.650000 0.500000
vt 0.700000 0.550000
vt 0.700000 0.500000
vt 0.750000 0.550000
vt 0.750000 0.500000
vt 0.800000 0.550000
vt 0.800000 0.500000
vt 0.850000 0.550000
vt 0.850000 0.500000
vt 0.900000 0.550000
vt 0.900000 0.500000
vt 0.950000 0.550000
vt 0.950000 0.500000
vt 1.000000 0.550000
vt 1.000000 0.500000
vt 0.050000 0.450000
vt 0.000000 0.450000
vt 0.100000 0.450000
vt 0.150000 0.450000
vt 0.200000 0.450000
vt 0.250000 0.450000
vt 0.300000 0.450000
vt 0.350000 0.450000
vt 0.400000 0.450000
vt 0.450000 0.450000
vt 0.500000 0.450000
vt 0.550000 0.450000
vt 0.600000 0.450000
vt 0.650000 0.450000
vt 0.700000 0.450000
vt 0.750000 0.450000
vt 0.800000 0.450000
vt 0.850000 0.450000
vt 0.900000 0.450000
vt 0.950000 0.450000
vt 1.000000 0.450000
vt 0.050000 0.400000
vt 0.000000 0.400000
vt 0.100000 0.400000
vt 0.150000 0.400000
vt 0.200000 0.400000
vt 0.250000 0.400000
vt 0.300000 0.400000
vt 0.350000 0.400000
vt 0.400000 0.400000
vt 0.450000 0.400000
vt 0.500000 0.400000
vt 0.550000 0.400000
vt 0.600000 0.400000
vt 0.650000 0.400000
vt 0.700000 0.400000
vt 0.750000 0.400000
vt 0.800000 0.400000
vt 0.850000 0.400000
vt 0.900000 0.400000
vt 0.950000 0.400000
vt 1.000000 0.400000
vt 0.050000 0.350000
vt 0.000000 0.350000
vt 0.100000 0.350000
vt 0.150000 0.350000
vt 0.200000 0.350000
vt 0.250000 0.350000
vt 0.300000 0.350000
vt 0.350000 0.350000
vt 0.400000 0.350000
vt 0.450000 0.350000
vt 0.500000 0.350000
vt 0.550000 0.350000
vt 0.600000 0.350000
vt 0.650000 0.350000
vt 0.700000 0.350000
vt 0.750000 0.350000
vt 0.800000 0.350000
vt 0.850000 0.350000
vt 0.900000 0.350000
vt 0.950000 0.350000
vt 1.000000 0.350000
vt 0.050000 0.300000
vt 0.000000 0.300000
vt 0.100000 0.300000
vt 0.150000 0.300000
vt 0.200000 0.300000
vt 0.250000 0.300000
vt 0.300000 0.300000
vt 0.350000 0.300000
vt 0.400000 0.300000
vt 0.450000 0.300000
vt 0.500000 0.300000
vt 0.550000 0.300000
vt 0.600000 0.300000
vt 0.650000 0.300000
vt 0.700000 0.300000
vt 0.750000 0.300000
vt 0.800000 0.300000
vt 0.850000 0.300000
vt 0.900000 0.300000
vt 0.950000 0.300000
vt 1.000000 0.300000
vt 0.050000 0.250000
vt 0.000000 0.250000
vt 0.100000 0.250000
vt 0.150000 0.250000
vt 0.200000 0.250000
vt 0.250000 0.250000
vt 0.300000 0.250000
vt 0.350000 0.250000
vt 0.400000 0.250000
vt 0.450000 0.250000
vt 0.500000 0.250000
vt 0.550000 0.250000
vt 0.600000 0.250000
vt 0.650000 0.250000
vt 0.700000 0.250000
vt 0.750000 0.250000
vt 0.800000 0.250000
vt 0.850000 0.250000
vt 0.900000 0.250000
vt 0.950000 0.250000
vt 1.000000 0.250000
vt 0.050000 0.200000
vt 0.000000 0.200000
vt 0.100000 0.200000
vt 0.150000 0.200000
vt 0.200000 0.200000
vt 0.250000 0.200000
vt 0.300000 0.200000
vt 0.350000 0.200000
vt 0.400000 0.200000
vt 0.450000 0.200000
vt 0.500000 0.200000
vt 0.550000 0.200000
vt 0.600000 0.200000
vt 0.650000 0.200000
vt 0.700000 0.200000
vt 0.750000 0.200000
vt 0.800000 0.200000
vt 0.850000 0.200000
vt 0.900000 0.200000
vt 0.950000 0.200000
vt 1.000000 0.200000
vt 0.050000 0.150000
vt 0.000000 0.150000
vt 0.100000 0.150000
vt 0.150000 0.150000
vt 0.200000 0.150000
vt 0.250000 0.150000
vt 0.300000 0.150000
vt 0.350000 0.150000
vt 0.400000 0.150000
vt 0.450000 0.150000
vt 0.500000 0.150000
vt 0.550000 0.150000
vt 0.600000 0.150000
vt 0.650000 0.150000
vt 0.700000 0.150000
vt 0.750000 0.150000
vt 0.800000 0.150000
vt 0.850000 0.150000
vt 0.900000 0.150000
vt 0.950000 0.150000
vt 1.000000 0.150000
vt 0.050000 0.100000
vt 0.000000 0.100000
vt 0.100000 0.100000
vt 0.150000 0.100000
vt 0.200000 0.100000
vt 0.250000 0.100000
vt 0.300000 0.100000
vt 0.350000 0.100000
vt 0.400000 0.100000
vt 0.450000 0.100000
vt 0.500000 0.100000
vt 0.550000 0.100000
vt 0.600000 0.100000
vt 0.650000 0.100000
vt 0.700000 0.100000
vt 0.750000 0.100000
vt 0.800000 0.100000
vt 0.850000 0.100000
vt 0.900000 0.100000
vt 0.950000 0.100000
vt 1.000000 0.100000
s 1
usemtl phong1
f 2715/2288/2434 2716/2289/2435 2717/2290/2436
f 2718/2291/2437 2715/2288/2434 2719/2292/2436
f 2720/2293/2438 2718/2291/2437 2721/2294/2436
f 2722/2295/2439 2720/2293/2438 2723/2296/2436
f 2724/2297/2440 2722/2295/2439 2725/2298/2436
f 2726/2299/2441 2724/2297/2440 2727/2300/2436
f 2728/2301/2442 2726/2299/2441 2729/2302/2436
f 2730/2303/2443 2728/2301/2442 2731/2304/2436
f 2732/2305/2444 2730/2303/2443 2733/2306/2436
f 2734/2307/2445 2732/2305/2444 2735/2308/2436
f 2736/2309/2446 2734/2307/2445 2737/2310/2436
f 2738/2311/2447 2736/2309/2446 2739/2312/2436
f 2740/2313/2448 2738/2311/2447 2741/2314/2436
f 2742/2315/2449 2740/2313/2448 2743/2316/2436
f 2744/2317/2450 2742/2315/2449 2745/2318/2436
f 2746/2319/2451 2744/2317/2450 2747/2320/2436
f 2748/2321/2452 2746/2319/2451 2749/2322/2436
f 2750/2323/2453 2748/2321/2452 2751/2324/2436
f 2752/2325/2454 2750/2323/2453 2753/2326/2436
f 2754/2327/2455 2752/2325/2454 2755/2328/2436
f 2756/2329/2456 2757/2330/2457 2758/2331/2458
f 2757/2330/2457 2759/2332/2459 2760/2333/2458
f 2759/2332/2459 2761/2334/2460 2762/2335/2458
f 2761/2334/2460 2763/2336/2461 2764/2337/2458
f 2763/2336/2461 2765/2338/2462 2766/2339/2458
f 2765/2338/2462 2767/2340/2463 2768/2341/2458
f 2767/2340/2463 2769/2342/2464 2770/2343/2458
f 2769/2342/2464 2771/2344/2465 2772/2345/2458
f 2771/2344/2465 2773/2346/2466 2774/2347/2458
f 2773/2346/2466 2775/2348/2467 2776/2349/2458
f 2775/2348/2467 2777/2350/2468 2778/2351/2458
f 2777/2350/2468 2779/2352/2469 2780/2353/2458
f 2779/2352/2469 2781/2354/2470 2782/2355/2458
f 2781/2354/2470 2783/2356/2471 2784/2357/2458
f 2783/2356/2471 2785/2358/2472 2786/2359/2458
f 2785/2358/2472 2787/2360/2473 2788/2361/2458
f 2787/2360/2473 2789/2362/2474 2790/2363/2458
f 2789/2362/2474 2791/2364/2475 2792/2365/2458
f 2791/2364/2475 2793/2366/2476 2794/2367/2458
f 2793/2366/2476 2795/2368/2456 2796/2369/2458
f 2716/2289/2435 2715/2288/2434 2797/2370/2477
f 2716/2289/2435 2797/2370/2477 2798/2371/2478
f 2715/2288/2434 2718/2291/2437 2799/2372/2479
f 2715/2288/2434 2799/2372/2479 2797/2370/2477
f 2718/2291/2437 2720/2293/2438 2800/2373/2480
f 2718/2291/2437 2800/2373/2480 2799/2372/2479
f 2720/2293/2438 2722/2295/2439 2801/2374/2481
f 2720/2293/2438 2801/2374/2481 2800/2373/2480
f 2722/2295/2439 2724/2297/2440 2802/2375/2482
f 2722/2295/2439 2802/2375/2482 2801/2374/2481
f 2724/2297/2440 2726/2299/2441 2803/2376/2483
f 2724/2297/2440 2803/2376/2483 2802/2375/2482
f 2726/2299/2441 2728/2301/2442 2804/2377/2484
f 2726/2299/2441 2804/2377/2484 2803/2376/2483
f 2728/2301/2442 2730/2303/2443 2805/2378/2485
f 2728/2301/2442 2805/2378/2485 2804/2377/2484
f 2730/2303/2443 2732/2305/2444 2806/2379/2486
f 2730/2303/2443 2806/2379/2486 2805/2378/2485
f 2732/2305/2444 2734/2307/2445 2807/2380/2487
f 2732/2305/2444 2807/2380/2487 2806/2379/2486
f 2734/2307/2445 2736/2309/2446 2808/2381/2488
f 2734/2307/2445 2808/2381/2488 2807/2380/2487
f 2736/2309/2446 2738/2311/2447 2809/2382/2489
f 2736/2309/2446 2809/2382/2489 2808/2381/2488
f 2738/2311/2447 2740/2313/2448 2810/2383/2490
f 2738/2311/2447 2810/2383/2490 2809/2382/2489
f 2740/2313/2448 2742/2315/2449 2811/2384/2491
f 2740/2313/2448 2811/2384/2491 2810/2383/2490
f 2742/2315/2449 2744/2317/2450 2812/2385/2492
f 2742/2315/2449 2812/2385/2492 2811/2384/2491
f 2744/2317/2450 2746/2319/2451 2813/2386/2493
f 2744/2317/2450 2813/2386/2493 2812/2385/2492
f 2746/2319/2451 2748/2321/2452 2814/2387/2494
f 2746/2319/2451 2814/2387/2494 2813/2386/2493
f 2748/2321/2452 2750/2323/2453 2815/2388/2495
f 2748/2321/2452 2815/2388/2495 2814/2387/2494
f 2750/2323/2453 2752/2325/2454 2816/2389/2496
f 2750/2323/2453 2816/2389/2496 2815/2388/2495
f 2752/2325/2454 2754/2327/2455 2817/2390/2497
f 2752/2325/2454 2817/2390/2497 2816/2389/2496
f 2798/2371/2478 2797/2370/2477 2818/2391/2498
f 2798/2371/2478 2818/2391/2498 2819/2392/2499
f 2797/2370/2477 2799/2372/2479 2820/2393/2500
f 2797/2370/2477 2820/2393/2500 2818/2391/2498
f 2799/2372/2479 2800/2373/2480 2821/2394/2501
f 2799/2372/2479 2821/2394/2501 2820/2393/2500
f 2800/2373/2480 2801/2374/2481 2822/2395/2502
f 2800/2373/2480 2822/2395/2502 2821/2394/2501
f 2801/2374/2481 2802/2375/2482 2823/2396/2503
f 2801/2374/2481 2823/2396/2503 2822/2395/2502
f 2802/2375/2482 2803/2376/2483 2824/2397/2504
f 2802/2375/2482 2824/2397/2504 2823/2396/2503
f 2803/2376/2483 2804/2377/2484 2825/2398/2505
f 2803/2376/2483 2825/2398/2505 2824/2397/2504
f 2804/2377/2484 2805/2378/2485 2826/2399/2506
f 2804/2377/2484 2826/2399/2506 2825/2398/2505
f 2805/2378/2485 2806/2379/2486 2827/2400/2507
f 2805/2378/2485 2827/2400/2507 2826/2399/2506
f 2806/2379/2486 2807/2380/2487 2828/2401/2508
f 2806/2379/2486 2828/2401/2508 2827/2400/2507
f 2807/2380/2487 2808/2381/2488 2829/2402/2509
f 2807/2380/2487 2829/2402/2509 2828/2401/2508
f 2808/2381/2488 2809/2382/2489 2830/2403/2510
f 2808/2381/2488 2830/2403/2510 2829/2402/2509
f 2809/2382/2489 2810/2383/2490 2831/2404/2511
f 2809/2382/2489 2831/2404/2511 2830/2403/2510
f 2810/2383/2490 2811/2384/2491 2832/2405/2512
f 2810/2383/2490 2832/2405/2512 2831/2404/2511
f 2811/2384/2491 2812/2385/2492 2833/2406/2513
f 2811/2384/2491 2833/2406/2513 2832/2405/2512
f 2812/2385/2492 2813/2386/2493 2834/2407/2514
f 2812/2385/2492 2834/2407/2514 2833/2406/2513
f 2813/2386/2493 2814/2387/2494 2835/2408/2515
f 2813/2386/2493 2835/2408/2515 2834/2407/2514
f 2814/2387/2494 2815/2388/2495 2836/2409/2516
f 2814/2387/2494 2836/2409/2516 2835/2408/2515
f 2815/2388/2495 2816/2389/2496 2837/2410/2517
f 2815/2388/2495 2837/2410/2517 2836/2409/2516
f 2816/2389/2496 2817/2390/2497 2838/2411/2499
f 2816/2389/2496 2838/2411/2499 2837/2410/2517
f 2819/2392/2499 2818/2391/2498 2839/2412/2518
f 2819/2392/2499 2839/2412/2518 2840/2413/2519
f 2818/2391/2498 2820/2393/2500 2841/2414/2520
f 2818/2391/2498 2841/2414/2520 2839/2412/2518
f 2820/2393/2500 2821/2394/2501 2842/2415/2521
f 2820/2393/2500 2842/2415/2521 2841/2414/2520
f 2821/2394/2501 2822/2395/2502 2843/2416/2522
f 2821/2394/2501 2843/2416/2522 2842/2415/2521
f 2822/2395/2502 2823/2396/2503 2844/2417/2523
f 2822/2395/2502 2844/2417/2523 2843/2416/2522
f 2823/2396/2503 2824/2397/2504 2845/2418/2524
f 2823/2396/2503 2845/2418/2524 2844/2417/2523
f 2824/2397/2504 2825/2398/2505 2846/2419/2525
f 2824/2397/2504 2846/2419/2525 2845/2418/2524
f 2825/2398/2505 2826/2399/2506 2847/2420/2526
f 2825/2398/2505 2847/2420/2526 2846/2419/2525
f 2826/2399/2506 2827/2400/2507 2848/2421/2527
f 2826/2399/2506 2848/2421/2527 2847/2420/2526
f 2827/2400/2507 2828/2401/2508 2849/2422/2528
f 2827/2400/2507 2849/2422/2528 2848/2421/2527
f 2828/2401/2508 2829/2402/2509 2850/2423/2529
f 2828/2401/2508 2850/2423/2529 2849/2422/2528
f 2829/2402/2509 2830/2403/2510 2851/2424/2530
f 2829/2402/2509 2851/2424/2530 2850/2423/2529
f 2830/2403/2510 2831/2404/2511 2852/2425/2531
f 2830/2403/2510 2852/2425/2531 2851/2424/2530
f 2831/2404/2511 2832/2405/2512 2853/2426/2532
f 2831/2404/2511 2853/2426/2532 2852/2425/2531
f 2832/2405/2512 2833/2406/2513 2854/2427/2533
f 2832/2405/2512 2854/2427/2533 2853/2426/2532
f 2833/2406/2513 2834/2407/2514 2855/2428/2534
f 2833/2406/2513 2855/2428/2534 2854/2427/2533
f 2834/2407/2514 2835/2408/2515 2856/2429/2535
f 2834/2407/2514 2856/2429/2535 2855/2428/2534
f 2835/2408/2515 2836/2409/2516 2857/2430/2536
f 2835/2408/2515 2857/2430/2536 2856/2429/2535
f 2836/2409/2516 2837/2410/2517 2858/2431/2537
f 2836/2409/2516 2858/2431/2537 2857/2430/2536
f 2837/2410/2517 2838/2411/2499 2859/2432/2538
f 2837/2410/2517 2859/2432/2538 2858/2431/2537
f 2840/2413/2519 2839/2412/2518 2860/2433/2539
f 2840/2413/2519 2860/2433/2539 2861/2434/2540
f 2839/2412/2518 2841/2414/2520 2862/2435/2541
f 2839/2412/2518 2862/2435/2541 2860/2433/2539
f 2841/2414/2520 2842/2415/2521 2863/2436/2542
f 2841/2414/2520 2863/2436/2542 2862/2435/2541
f 2842/2415/2521 2843/2416/2522 2864/2437/2543
f 2842/2415/2521 2864/2437/2543 2863/2436/2542
f 2843/2416/2522 2844/2417/2523 2865/2438/2544
f 2843/2416/2522 2865/2438/2544 2864/2437/2543
f 2844/2417/2523 2845/2418/2524 2866/2439/2545
f 2844/2417/2523 2866/2439/2545 2865/2438/2544
f 2845/2418/2524 2846/2419/2525 2867/2440/2546
f 2845/2418/2524 2867/2440/2546 2866/2439/2545
f 2846/2419/2525 2847/2420/2526 2868/2441/2547
f 2846/2419/2525 2868/2441/2547 2867/2440/2546
f 2847/2420/2526 2848/2421/2527 2869/2442/2548
f 2847/2420/2526 2869/2442/2548 2868/2441/2547
f 2848/2421/2527 2849/2422/2528 2870/2443/2549
f 2848/2421/2527 2870/2443/2549 2869/2442/2548
f 2849/2422/2528 2850/2423/2529 2871/2444/2550
f 2849/2422/2528 2871/2444/2550 2870/2443/2549
f 2850/2423/2529 2851/2424/2530 2872/2445/2551
f 2850/2423/2529 2872/2445/2551 2871/2444/2550
f 2851/2424/2530 2852/2425/2531 2873/2446/2552
f 2851/2424/2530 2873/2446/2552 2872/2445/2551
f 2852/2425/2531 2853/2426/2532 2874/2447/2553
f 2852/2425/2531 2874/2447/2553 2873/2446/2552
f 2853/2426/2532 2854/2427/2533 2875/2448/2554
f 2853/2426/2532 2875/2448/2554 2874/2447/2553
f 2854/2427/2533 2855/2428/2534 2876/2449/2555
f 2854/2427/2533 2876/2449/2555 2875/2448/2554
f 2855/2428/2534 2856/2429/2535 2877/2450/2556
f 2855/2428/2534 2877/2450/2556 2876/2449/2555
f 2856/2429/2535 2857/2430/2536 2878/2451/2557
f 2856/2429/2535 2878/2451/2557 2877/2450/2556
f 2857/2430/2536 2858/2431/2537 2879/2452/2558
f 2857/2430/2536 2879/2452/2558 2878/2451/2557
f 2858/2431/2537 2859/2432/2538 2880/2453/2559
f 2858/2431/2537 2880/2453/2559 2879/2452/2558
f 2861/2434/2540 2860/2433/2539 2881/2454/2560
f 2861/2434/2540 2881/2454/2560 2882/2455/2561
f 2860/2433/2539 2862/2435/2541 2883/2456/2562
f 2860/2433/2539 2883/2456/2562 2881/2454/2560
f 2862/2435/2541 2863/2436/2542 2884/2457/2563
f 2862/2435/2541 2884/2457/2563 2883/2456/2562
f 2863/2436/2542 2864/2437/2543 2885/2458/2564
f 2863/2436/2542 2885/2458/2564 2884/2457/2563
f 2864/2437/2543 2865/2438/2544 2886/2459/2565
f 2864/2437/2543 2886/2459/2565 2885/2458/2564
f 2865/2438/2544 2866/2439/2545 2887/2460/2566
f 2865/2438/2544 2887/2460/2566 2886/2459/2565
f 2866/2439/2545 2867/2440/2546 2888/2461/2567
f 2866/2439/2545 2888/2461/2567 2887/2460/2566
f 2867/2440/2546 2868/2441/2547 2889/2462/2568
f 2867/2440/2546 2889/2462/2568 2888/2461/2567
f 2868/2441/2547 2869/2442/2548 2890/2463/2569
f 2868/2441/2547 2890/2463/2569 2889/2462/2568
f 2869/2442/2548 2870/2443/2549 2891/2464/2570
f 2869/2442/2548 2891/2464/2570 2890/2463/2569
f 2870/2443/2549 2871/2444/2550 2892/2465/2571
f 2870/2443/2549 2892/2465/2571 2891/2464/2570
f 2871/2444/2550 2872/2445/2551 2893/2466/2572
f 2871/2444/2550 2893/2466/2572 2892/2465/2571
f 2872/2445/2551 2873/2446/2552 2894/2467/2573
f 2872/2445/2551 2894/2467/2573 2893/2466/2572
f 2873/2446/2552 2874/2447/2553 2895/2468/2574
f 2873/2446/2552 2895/2468/2574 2894/2467/2573
f 2874/2447/2553 2875/2448/2554 2896/2469/2575
f 2874/2447/2553 2896/2469/2575 2895/2468/2574
f 2875/2448/2554 2876/2449/2555 2897/2470/2576
f 2875/2448/2554 2897/2470/2576 2896/2469/2575
f 2876/2449/2555 2877/2450/2556 2898/2471/2577
f 2876/2449/2555 2898/2471/2577 2897/2470/2576
f 2877/2450/2556 2878/2451/2557 2899/2472/2578
f 2877/2450/2556 2899/2472/2578 2898/2471/2577
f 2878/2451/2557 2879/2452/2558 2900/2473/2579
f 2878/2451/2557 2900/2473/2579 2899/2472/2578
f 2879/2452/2558 2880/2453/2559 2901/2474/2580
f 2879/2452/2558 2901/2474/2580 2900/2473/2579
f 2882/2455/2561 2881/2454/2560 2902/2475/2581
f 2882/2455/2561 2902/2475/2581 2903/2476/2582
f 2881/2454/2560 2883/2456/2562 2904/2477/2583
f 2881/2454/2560 2904/2477/2583 2902/2475/2581
f 2883/2456/2562 2884/2457/2563 2905/2478/2584
f 2883/2456/2562 2905/2478/2584 2904/2477/2583
f 2884/2457/2563 2885/2458/2564 2906/2479/2585
f 2884/2457/2563 2906/2479/2585 2905/2478/2584
f 2885/2458/2564 2886/2459/2565 2907/2480/2586
f 2885/2458/2564 2907/2480/2586 2906/2479/2585
f 2886/2459/2565 2887/2460/2566 2908/2481/2587
f 2886/2459/2565 2908/2481/2587 2907/2480/2586
f 2887/2460/2566 2888/2461/2567 2909/2482/2588
f 2887/2460/2566 2909/2482/2588 2908/2481/2587
f 2888/2461/2567 2889/2462/2568 2910/2483/2589
f 2888/2461/2567 2910/2483/2589 2909/2482/2588
f 2889/2462/2568 2890/2463/2569 2911/2484/2590
f 2889/2462/2568 2911/2484/2590 2910/2483/2589
f 2890/2463/2569 2891/2464/2570 2912/2485/2591
f 2890/2463/2569 2912/2485/2591 2911/2484/2590
f 2891/2464/2570 2892/2465/2571 2913/2486/2592
f 2891/2464/2570 2913/2486/2592 2912/2485/2591
f 2892/2465/2571 2893/2466/2572 2914/2487/2593
f 2892/2465/2571 2914/2487/2593 2913/2486/2592
f 2893/2466/2572 2894/2467/2573 2915/2488/2594
f 2893/2466/2572 2915/2488/2594 2914/2487/2593
f 2894/2467/2573 2895/2468/2574 2916/2489/2595
f 2894/2467/2573 2916/2489/2595 2915/2488/2594
f 2895/2468/2574 2896/2469/2575 2917/2490/2596
f 2895/2468/2574 2917/2490/2596 2916/2489/2595
f 2896/2469/2575 2897/2470/2576 2918/2491/2597
f 2896/2469/2575 2918/2491/2597 2917/2490/2596
f 2897/2470/2576 2898/2471/2577 2919/2492/2598
f 2897/2470/2576 2919/2492/2598 2918/2491/2597
f 2898/2471/2577 2899/2472/2578 2920/2493/2599
f 2898/2471/2577 2920/2493/2599 2919/2492/2598
f 2899/2472/2578 2900/2473/2579 2921/2494/2600
f 2899/2472/2578 2921/2494/2600 2920/2493/2599
f 2900/2473/2579 2901/2474/2580 2922/2495/2601
f 2900/2473/2579 2922/2495/2601 2921/2494/2600
f 2923/2496/2602 2924/2497/2603 2925/2498/2604
f 2923/2496/2602 2925/2498/2604 2926/2499/2605
f 2924/2497/2603 2927/2500/2606 2928/2501/2607
f 2924/2497/2603 2928/2501/2607 2925/2498/2604
f 2927/2500/2606 2929/2502/2608 2930/2503/2609
f 2927/2500/2606 2930/2503/2609 2928/2501/2607
f 2929/2502/2608 2931/2504/2610 2932/2505/2611
f 2929/2502/2608 2932/2505/2611 2930/2503/2609
f 2931/2504/2610 2933/2506/2612 2934/2507/2613
f 2931/2504/2610 2934/2507/2613 2932/2505/2611
f 2933/2506/2612 2935/2508/2614 2936/2509/2615
f 2933/2506/2612 2936/2509/2615 2934/2507/2613
f 2935/2508/2614 2937/2510/2616 2938/2511/2617
f 2935/2508/2614 2938/2511/2617 2936/2509/2615
f 2937/2510/2616 2939/2512/2618 2940/2513/2619
f 2937/2510/2616 2940/2513/2619 2938/2511/2617
f 2939/2512/2618 2941/2514/2620 2942/2515/2621
f 2939/2512/2618 2942/2515/2621 2940/2513/2619
f 2941/2514/2620 2943/2516/2622 2944/2517/2623
f 2941/2514/2620 2944/2517/2623 2942/2515/2621
f 2943/2516/2622 2945/2518/2624 2946/2519/2625
f 2943/2516/2622 2946/2519/2625 2944/2517/2623
f 2945/2518/2624 2947/2520/2626 2948/2521/2627
f 2945/2518/2624 2948/2521/2627 2946/2519/2625
f 2947/2520/2626 2949/2522/2628 2950/2523/2629
f 2947/2520/2626 2950/2523/2629 2948/2521/2627
f 2949/2522/2628 2951/2524/2630 2952/2525/2631
f 2949/2522/2628 2952/2525/2631 2950/2523/2629
f 2951/2524/2630 2953/2526/2632 2954/2527/2633
f 2951/2524/2630 2954/2527/2633 2952/2525/2631
f 2953/2526/2632 2955/2528/2634 2956/2529/2635
f 2953/2526/2632 2956/2529/2635 2954/2527/2633
f 2955/2528/2634 2957/2530/2636 2958/2531/2637
f 2955/2528/2634 2958/2531/2637 2956/2529/2635
f 2957/2530/2636 2959/2532/2638 2960/2533/2639
f 2957/2530/2636 2960/2533/2639 2958/2531/2637
f 2959/2532/2638 2961/2534/2640 2962/2535/2641
f 2959/2532/2638 2962/2535/2641 2960/2533/2639
f 2961/2534/2640 2963/2536/2642 2964/2537/2605
f 2961/2534/2640 2964/2537/2605 2962/2535/2641
f 2965/2538/2643 2966/2539/2644 2967/2540/2645
f 2965/2538/2643 2967/2540/2645 2968/2541/2646
f 2966/2539/2644 2969/2542/2647 2970/2543/2648
f 2966/2539/2644 2970/2543/2648 2967/2540/2645
f 2969/2542/2647 2971/2544/2649 2972/2545/2650
f 2969/2542/2647 2972/2545/2650 2970/2543/2648
f 2971/2544/2649 2973/2546/2651 2974/2547/2652
f 2971/2544/2649 2974/2547/2652 2972/2545/2650
f 2973/2546/2651 2975/2548/2653 2976/2549/2654
f 2973/2546/2651 2976/2549/2654 2974/2547/2652
f 2975/2548/2653 2977/2550/2655 2978/2551/2656
f 2975/2548/2653 2978/2551/2656 2976/2549/2654
f 2977/2550/2655 2979/2552/2657 2980/2553/2658
f 2977/2550/2655 2980/2553/2658 2978/2551/2656
f 2979/2552/2657 2981/2554/2659 2982/2555/2660
f 2979/2552/2657 2982/2555/2660 2980/2553/2658
f 2981/2554/2659 2983/2556/2661 2984/2557/2662
f 2981/2554/2659 2984/2557/2662 2982/2555/2660
f 2983/2556/2661 2985/2558/2663 2986/2559/2664
f 2983/2556/2661 2986/2559/2664 2984/2557/2662
f 2985/2558/2663 2987/2560/2665 2988/2561/2666
f 2985/2558/2663 2988/2561/2666 2986/2559/2664
f 2987/2560/2665 2989/2562/2667 2990/2563/2668
f 2987/2560/2665 2990/2563/2668 2988/2561/2666
f 2989/2562/2667 2991/2564/2669 2992/2565/2670
f 2989/2562/2667 2992/2565/2670 2990/2563/2668
f 2991/2564/2669 2993/2566/2671 2994/2567/2672
f 2991/2564/2669 2994/2567/2672 2992/2565/2670
f 2993/2566/2671 2995/2568/2673 2996/2569/2674
f 2993/2566/2671 2996/2569/2674 2994/2567/2672
f 2995/2568/2673 2997/2570/2675 2998/2571/2676
f 2995/2568/2673 2998/2571/2676 2996/2569/2674
f 2997/2570/2675 2999/2572/2677 3000/2573/2678
f 2997/2570/2675 3000/2573/2678 2998/2571/2676
f 2999/2572/2677 3001/2574/2679 3002/2575/2680
f 2999/2572/2677 3002/2575/2680 3000/2573/2678
f 3001/2574/2679 3003/2576/2681 3004/2577/2682
f 3001/2574/2679 3004/2577/2682 3002/2575/2680
f 3003/2576/2681 3005/2578/2683 3006/2579/2684
f 3003/2576/2681 3006/2579/2684 3004/2577/2682
f 3007/2580/2685 3008/2581/2686 3009/2582/2687
f 3007/2580/2685 3009/2582/2687 3010/2583/2688
f 3008/2581/2686 3011/2584/2689 3012/2585/2690
f 3008/2581/2686 3012/2585/2690 3009/2582/2687
f 3011/2584/2689 3013/2586/2691 3014/2587/2692
f 3011/2584/2689 3014/2587/2692 3012/2585/2690
f 3013/2586/2691 3015/2588/2693 3016/2589/2694
f 3013/2586/2691 3016/2589/2694 3014/2587/2692
f 3015/2588/2693 3017/2590/2695 3018/2591/2696
f 3015/2588/2693 3018/2591/2696 3016/2589/2694
f 3017/2590/2695 3019/2592/2697 3020/2593/2698
f 3017/2590/2695 3020/2593/2698 3018/2591/2696
f 3019/2592/2697 3021/2594/2699 3022/2595/2700
f 3019/2592/2697 3022/2595/2700 3020/2593/2698
f 3021/2594/2699 3023/2596/2701 3024/2597/2702
f 3021/2594/2699 3024/2597/2702 3022/2595/2700
f 3023/2596/2701 3025/2598/2703 3026/2599/2704
f 3023/2596/2701 3026/2599/2704 3024/2597/2702
f 3025/2598/2703 3027/2600/2705 3028/2601/2706
f 3025/2598/2703 3028/2601/2706 3026/2599/2704
f 3027/2600/2705 3029/2602/2707 3030/2603/2708
f 3027/2600/2705 3030/2603/2708 3028/2601/2706
f 3029/2602/2707 3031/2604/2709 3032/2605/2710
f 3029/2602/2707 3032/2605/2710 3030/2603/2708
f 3031/2604/2709 3033/2606/2711 3034/2607/2712
f 3031/2604/2709 3034/2607/2712 3032/2605/2710
f 3033/2606/2711 3035/2608/2713 3036/2609/2714
f 3033/2606/2711 3036/2609/2714 3034/2607/2712
f 3035/2608/2713 3037/2610/2715 3038/2611/2716
f 3035/2608/2713 3038/2611/2716 3036/2609/2714
f 3037/2610/2715 3039/2612/2717 3040/2613/2718
f 3037/2610/2715 3040/2613/2718 3038/2611/2716
f 3039/2612/2717 3041/2614/2719 3042/2615/2720
f 3039/2612/2717 3042/2615/2720 3040/2613/2718
f 3041/2614/2719 3043/2616/2721 3044/2617/2722
f 3041/2614/2719 3044/2617/2722 3042/2615/2720
f 3043/2616/2721 3045/2618/2723 3046/2619/2724
f 3043/2616/2721 3046/2619/2724 3044/2617/2722
f 3045/2618/2723 3047/2620/2725 3048/2621/2726
f 3045/2618/2723 3048/2621/2726 3046/2619/2724
f 3010/2583/2688 3009/2582/2687 3049/2622/2727
f 3010/2583/2688 3049/2622/2727 3050/2623/2728
f 3009/2582/2687 3012/2585/2690 3051/2624/2729
f 3009/2582/2687 3051/2624/2729 3049/2622/2727
f 3012/2585/2690 3014/2587/2692 3052/2625/2730
f 3012/2585/2690 3052/2625/2730 3051/2624/2729
f 3014/2587/2692 3016/2589/2694 3053/2626/2731
f 3014/2587/2692 3053/2626/2731 3052/2625/2730
f 3016/2589/2694 3018/2591/2696 3054/2627/2732
f 3016/2589/2694 3054/2627/2732 3053/2626/2731
f 3018/2591/2696 3020/2593/2698 3055/2628/2733
f 3018/2591/2696 3055/2628/2733 3054/2627/2732
f 3020/2593/2698 3022/2595/2700 3056/2629/2734
f 3020/2593/2698 3056/2629/2734 3055/2628/2733
f 3022/2595/2700 3024/2597/2702 3057/2630/2735
f 3022/2595/2700 3057/2630/2735 3056/2629/2734
f 3024/2597/2702 3026/2599/2704 3058/2631/2736
f 3024/2597/2702 3058/2631/2736 3057/2630/2735
f 3026/2599/2704 3028/2601/2706 3059/2632/2737
f 3026/2599/2704 3059/2632/2737 3058/2631/2736
f 3028/2601/2706 3030/2603/2708 3060/2633/2738
f 3028/2601/2706 3060/2633/2738 3059/2632/2737
f 3030/2603/2708 3032/2605/2710 3061/2634/2739
f 3030/2603/2708 3061/2634/2739 3060/2633/2738
f 3032/2605/2710 3034/2607/2712 3062/2635/2740
f 3032/2605/2710 3062/2635/2740 3061/2634/2739
f 3034/2607/2712 3036/2609/2714 3063/2636/2741
f 3034/2607/2712 3063/2636/2741 3062/2635/2740
f 3036/2609/2714 3038/2611/2716 3064/2637/2742
f 3036/2609/2714 3064/2637/2742 3063/2636/2741
f 3038/2611/2716 3040/2613/2718 3065/2638/2743
f 3038/2611/2716 3065/2638/2743 3064/2637/2742
f 3040/2613/2718 3042/2615/2720 3066/2639/2744
f 3040/2613/2718 3066/2639/2744 3065/2638/2743
f 3042/2615/2720 3044/2617/2722 3067/2640/2745
f 3042/2615/2720 3067/2640/2745 3066/2639/2744
f 3044/2617/2722 3046/2619/2724 3068/2641/2746
f 3044/2617/2722 3068/2641/2746 3067/2640/2745
f 3046/2619/2724 3048/2621/2726 3069/2642/2747
f 3046/2619/2724 3069/2642/2747 3068/2641/2746
f 3050/2623/2728 3049/2622/2727 3070/2643/2748
f 3050/2623/2728 3070/2643/2748 3071/2644/2749
f 3049/2622/2727 3051/2624/2729 3072/2645/2750
f 3049/2622/2727 3072/2645/2750 3070/2643/2748
f 3051/2624/2729 3052/2625/2730 3073/2646/2751
f 3051/2624/2729 3073/2646/2751 3072/2645/2750
f 3052/2625/2730 3053/2626/2731 3074/2647/2752
f 3052/2625/2730 3074/2647/2752 3073/2646/2751
f 3053/2626/2731 3054/2627/2732 3075/2648/2753
f 3053/2626/2731 3075/2648/2753 3074/2647/2752
f 3054/2627/2732 3055/2628/2733 3076/2649/2754
f 3054/2627/2732 3076/2649/2754 3075/2648/2753
f 3055/2628/2733 3056/2629/2734 3077/2650/2755
f 3055/2628/2733 3077/2650/2755 3076/2649/2754
f 3056/2629/2734 3057/2630/2735 3078/2651/2756
f 3056/2629/2734 3078/2651/2756 3077/2650/2755
f 3057/2630/2735 3058/2631/2736 3079/2652/2757
f 3057/2630/2735 3079/2652/2757 3078/2651/2756
f 3058/2631/2736 3059/2632/2737 3080/2653/2758
f 3058/2631/2736 3080/2653/2758 3079/2652/2757
f 3059/2632/2737 3060/2633/2738 3081/2654/2759
f 3059/2632/2737 3081/2654/2759 3080/2653/2758
f 3060/2633/2738 3061/2634/2739 3082/2655/2760
f 3060/2633/2738 3082/2655/2760 3081/2654/2759
f 3061/2634/2739 3062/2635/2740 3083/2656/2761
f 3061/2634/2739 3083/2656/2761 3082/2655/2760
f 3062/2635/2740 3063/2636/2741 3084/2657/2762
f 3062/2635/2740 3084/2657/2762 3083/2656/2761
f 3063/2636/2741 3064/2637/2742 3085/2658/2763
f 3063/2636/2741 3085/2658/2763 3084/2657/2762
f 3064/2637/2742 3065/2638/2743 3086/2659/2764
f 3064/2637/2742 3086/2659/2764 3085/2658/2763
f 3065/2638/2743 3066/2639/2744 3087/2660/2765
f 3065/2638/2743 3087/2660/2765 3086/2659/2764
f 3066/2639/2744 3067/2640/2745 3088/2661/2766
f 3066/2639/2744 3088/2661/2766 3087/2660/2765
f 3067/2640/2745 3068/2641/2746 3089/2662/2767
f 3067/2640/2745 3089/2662/2767 3088/2661/2766
f 3068/2641/2746 3069/2642/2747 3090/2663/2749
f 3068/2641/2746 3090/2663/2749 3089/2662/2767
f 3071/2644/2749 3070/2643/2748 3091/2664/2768
f 3071/2644/2749 3091/2664/2768 3092/2665/2769
f 3070/2643/2748 3072/2645/2750 3093/2666/2770
f 3070/2643/2748 3093/2666/2770 3091/2664/2768
f 3072/2645/2750 3073/2646/2751 3094/2667/2771
f 3072/2645/2750 3094/2667/2771 3093/2666/2770
f 3073/2646/2751 3074/2647/2752 3095/2668/2772
f 3073/2646/2751 3095/2668/2772 3094/2667/2771
f 3074/2647/2752 3075/2648/2753 3096/2669/2773
f 3074/2647/2752 3096/2669/2773 3095/2668/2772
f 3075/2648/2753 3076/2649/2754 3097/2670/2774
f 3075/2648/2753 3097/2670/2774 3096/2669/2773
f 3076/2649/2754 3077/2650/2755 3098/2671/2775
f 3076/2649/2754 3098/2671/2775 3097/2670/2774
f 3077/2650/2755 3078/2651/2756 3099/2672/2776
f 3077/2650/2755 3099/2672/2776 3098/2671/2775
f 3078/2651/2756 3079/2652/2757 3100/2673/2777
f 3078/2651/2756 3100/2673/2777 3099/2672/2776
f 3079/2652/2757 3080/2653/2758 3101/2674/2778
f 3079/2652/2757 3101/2674/2778 3100/2673/2777
f 3080/2653/2758 3081/2654/2759 3102/2675/2779
f 3080/2653/2758 3102/2675/2779 3101/2674/2778
f 3081/2654/2759 3082/2655/2760 3103/2676/2780
f 3081/2654/2759 3103/2676/2780 3102/2675/2779
f 3082/2655/2760 3083/2656/2761 3104/2677/2781
f 3082/2655/2760 3104/2677/2781 3103/2676/2780
f 3083/2656/2761 3084/2657/2762 3105/2678/2782
f 3083/2656/2761 3105/2678/2782 3104/2677/2781
f 3084/2657/2762 3085/2658/2763 3106/2679/2783
f 3084/2657/2762 3106/2679/2783 3105/2678/2782
f 3085/2658/2763 3086/2659/2764 3107/2680/2784
f 3085/2658/2763 3107/2680/2784 3106/2679/2783
f 3086/2659/2764 3087/2660/2765 3108/2681/2785
f 3086/2659/2764 3108/2681/2785 3107/2680/2784
f 3087/2660/2765 3088/2661/2766 3109/2682/2786
f 3087/2660/2765 3109/2682/2786 3108/2681/2785
f 3088/2661/2766 3089/2662/2767 3110/2683/2787
f 3088/2661/2766 3110/2683/2787 3109/2682/2786
f 3089/2662/2767 3090/2663/2749 3111/2684/2788
f 3089/2662/2767 3111/2684/2788 3110/2683/2787
f 3092/2665/2769 3091/2664/2768 3112/2685/2789
f 3092/2665/2769 3112/2685/2789 3113/2686/2790
f 3091/2664/2768 3093/2666/2770 3114/2687/2791
f 3091/2664/2768 3114/2687/2791 3112/2685/2789
f 3093/2666/2770 3094/2667/2771 3115/2688/2792
f 3093/2666/2770 3115/2688/2792 3114/2687/2791
f 3094/2667/2771 3095/2668/2772 3116/2689/2793
f 3094/2667/2771 3116/2689/2793 3115/2688/2792
f 3095/2668/2772 3096/2669/2773 3117/2690/2794
f 3095/2668/2772 3117/2690/2794 3116/2689/2793
f 3096/2669/2773 3097/2670/2774 3118/2691/2795
f 3096/2669/2773 3118/2691/2795 3117/2690/2794
f 3097/2670/2774 3098/2671/2775 3119/2692/2796
f 3097/2670/2774 3119/2692/2796 3118/2691/2795
f 3098/2671/2775 3099/2672/2776 3120/2693/2797
f 3098/2671/2775 3120/2693/2797 3119/2692/2796
f 3099/2672/2776 3100/2673/2777 3121/2694/2798
f 3099/2672/2776 3121/2694/2798 3120/2693/2797
f 3100/2673/2777 3101/2674/2778 3122/2695/2799
f 3100/2673/2777 3122/2695/2799 3121/2694/2798
f 3101/2674/2778 3102/2675/2779 3123/2696/2800
f 3101/2674/2778 3123/2696/2800 3122/2695/2799
f 3102/2675/2779 3103/2676/2780 3124/2697/2801
f 3102/2675/2779 3124/2697/2801 3123/2696/2800
f 3103/2676/2780 3104/2677/2781 3125/2698/2802
f 3103/2676/2780 3125/2698/2802 3124/2697/2801
f 3104/2677/2781 3105/2678/2782 3126/2699/2803
f 3104/2677/2781 3126/2699/2803 3125/2698/2802
f 3105/2678/2782 3106/2679/2783 3127/2700/2804
f 3105/2678/2782 3127/2700/2804 3126/2699/2803
f 3106/2679/2783 3107/2680/2784 3128/2701/2805
f 3106/2679/2783 3128/2701/2805 3127/2700/2804
f 3107/2680/2784 3108/2681/2785 3129/2702/2806
f 3107/2680/2784 3129/2702/2806 3128/2701/2805
f 3108/2681/2785 3109/2682/2786 3130/2703/2807
f 3108/2681/2785 3130/2703/2807 3129/2702/2806
f 3109/2682/2786 3110/2683/2787 3131/2704/2808
f 3109/2682/2786 3131/2704/2808 3130/2703/2807
f 3110/2683/2787 3111/2684/2788 3132/2705/2790
f 3110/2683/2787 3132/2705/2790 3131/2704/2808
f 3113/2686/2790 3112/2685/2789 3133/2706/2809
f 3113/2686/2790 3133/2706/2809 3134/2707/2810
f 3112/2685/2789 3114/2687/2791 3135/2708/2811
f 3112/2685/2789 3135/2708/2811 3133/2706/2809
f 3114/2687/2791 3115/2688/2792 3136/2709/2812
f 3114/2687/2791 3136/2709/2812 3135/2708/2811
f 3115/2688/2792 3116/2689/2793 3137/2710/2813
f 3115/2688/2792 3137/2710/2813 3136/2709/2812
f 3116/2689/2793 3117/2690/2794 3138/2711/2814
f 3116/2689/2793 3138/2711/2814 3137/2710/2813
f 3117/2690/2794 3118/2691/2795 3139/2712/2815
f 3117/2690/2794 3139/2712/2815 3138/2711/2814
f 3118/2691/2795 3119/2692/2796 3140/2713/2816
f 3118/2691/2795 3140/2713/2816 3139/2712/2815
f 3119/2692/2796 3120/2693/2797 3141/2714/2817
f 3119/2692/2796 3141/2714/2817 3140/2713/2816
f 3120/2693/2797 3121/2694/2798 3142/2715/2818
f 3120/2693/2797 3142/2715/2818 3141/2714/2817
f 3121/2694/2798 3122/2695/2799 3143/2716/2819
f 3121/2694/2798 3143/2716/2819 3142/2715/2818
f 3122/2695/2799 3123/2696/2800 3144/2717/2820
f 3122/2695/2799 3144/2717/2820 3143/2716/2819
f 3123/2696/2800 3124/2697/2801 3145/2718/2821
f 3123/2696/2800 3145/2718/2821 3144/2717/2820
f 3124/2697/2801 3125/2698/2802 3146/2719/2822
f 3124/2697/2801 3146/2719/2822 3145/2718/2821
f 3125/2698/2802 3126/2699/2803 3147/2720/2823
f 3125/2698/2802 3147/2720/2823 3146/2719/2822
f 3126/2699/2803 3127/2700/2804 3148/2721/2824
f 3126/2699/2803 3148/2721/2824 3147/2720/2823
f 3127/2700/2804 3128/2701/2805 3149/2722/2825
f 3127/2700/2804 3149/2722/2825 3148/2721/2824
f 3128/2701/2805 3129/2702/2806 3150/2723/2826
f 3128/2701/2805 3150/2723/2826 3149/2722/2825
f 3129/2702/2806 3130/2703/2807 3151/2724/2827
f 3129/2702/2806 3151/2724/2827 3150/2723/2826
f 3130/2703/2807 3131/2704/2808 3152/2725/2828
f 3130/2703/2807 3152/2725/2828 3151/2724/2827
f 3131/2704/2808 3132/2705/2790 3153/2726/2829
f 3131/2704/2808 3153/2726/2829 3152/2725/2828
f 3134/2707/2810 3133/2706/2809 3154/2727/2830
f 3134/2707/2810 3154/2727/2830 3155/2728/2831
f 3133/2706/2809 3135/2708/2811 3156/2729/2832
f 3133/2706/2809 3156/2729/2832 3154/2727/2830
f 3135/2708/2811 3136/2709/2812 3157/2730/2833
f 3135/2708/2811 3157/2730/2833 3156/2729/2832
f 3136/2709/2812 3137/2710/2813 3158/2731/2834
f 3136/2709/2812 3158/2731/2834 3157/2730/2833
f 3137/2710/2813 3138/2711/2814 3159/2732/2835
f 3137/2710/2813 3159/2732/2835 3158/2731/2834
f 3138/2711/2814 3139/2712/2815 3160/2733/2836
f 3138/2711/2814 3160/2733/2836 3159/2732/2835
f 3139/2712/2815 3140/2713/2816 3161/2734/2837
f 3139/2712/2815 3161/2734/2837 3160/2733/2836
f 3140/2713/2816 3141/2714/2817 3162/2735/2838
f 3140/2713/2816 3162/2735/2838 3161/2734/2837
f 3141/2714/2817 3142/2715/2818 3163/2736/2839
f 3141/2714/2817 3163/2736/2839 3162/2735/2838
f 3142/2715/2818 3143/2716/2819 3164/2737/2840
f 3142/2715/2818 3164/2737/2840 3163/2736/2839
f 3143/2716/2819 3144/2717/2820 3165/2738/2841
f 3143/2716/2819 3165/2738/2841 3164/2737/2840
f 3144/2717/2820 3145/2718/2821 3166/2739/2842
f 3144/2717/2820 3166/2739/2842 3165/2738/2841
f 3145/2718/2821 3146/2719/2822 3167/2740/2843
f 3145/2718/2821 3167/2740/2843 3166/2739/2842
f 3146/2719/2822 3147/2720/2823 3168/2741/2844
f 3146/2719/2822 3168/2741/2844 3167/2740/2843
f 3147/2720/2823 3148/2721/2824 3169/2742/2845
f 3147/2720/2823 3169/2742/2845 3168/2741/2844
f 3148/2721/2824 3149/2722/2825 3170/2743/2846
f 3148/2721/2824 3170/2743/2846 3169/2742/2845
f 3149/2722/2825 3150/2723/2826 3171/2744/2847
f 3149/2722/2825 3171/2744/2847 3170/2743/2846
f 3150/2723/2826 3151/2724/2827 3172/2745/2848
f 3150/2723/2826 3172/2745/2848 3171/2744/2847
f 3151/2724/2827 3152/2725/2828 3173/2746/2849
f 3151/2724/2827 3173/2746/2849 3172/2745/2848
f 3152/2725/2828 3153/2726/2829 3174/2747/2831
f 3152/2725/2828 3174/2747/2831 3173/2746/2849
f 3155/2728/2831 3154/2727/2830 3175/2748/2850
f 3155/2728/2831 3175/2748/2850 3176/2749/2851
f 3154/2727/2830 3156/2729/2832 3177/2750/2852
f 3154/2727/2830 3177/2750/2852 3175/2748/2850
f 3156/2729/2832 3157/2730/2833 3178/2751/2853
f 3156/2729/2832 3178/2751/2853 3177/2750/2852
f 3157/2730/2833 3158/2731/2834 3179/2752/2854
f 3157/2730/2833 3179/2752/2854 3178/2751/2853
f 3158/2731/2834 3159/2732/2835 3180/2753/2855
f 3158/2731/2834 3180/2753/2855 3179/2752/2854
f 3159/2732/2835 3160/2733/2836 3181/2754/2856
f 3159/2732/2835 3181/2754/2856 3180/2753/2855
f 3160/2733/2836 3161/2734/2837 3182/2755/2857
f 3160/2733/2836 3182/2755/2857 3181/2754/2856
f 3161/2734/2837 3162/2735/2838 3183/2756/2858
f 3161/2734/2837 3183/2756/2858 3182/2755/2857
f 3162/2735/2838 3163/2736/2839 3184/2757/2859
f 3162/2735/2838 3184/2757/2859 3183/2756/2858
f 3163/2736/2839 3164/2737/2840 3185/2758/2860
f 3163/2736/2839 3185/2758/2860 3184/2757/2859
f 3164/2737/2840 3165/2738/2841 3186/2759/2861
f 3164/2737/2840 3186/2759/2861 3185/2758/2860
f 3165/2738/2841 3166/2739/2842 3187/2760/2862
f 3165/2738/2841 3187/2760/2862 3186/2759/2861
f 3166/2739/2842 3167/2740/2843 3188/2761/2863
f 3166/2739/2842 3188/2761/2863 3187/2760/2862
f 3167/2740/2843 3168/2741/2844 3189/2762/2864
f 3167/2740/2843 3189/2762/2864 3188/2761/2863
f 3168/2741/2844 3169/2742/2845 3190/2763/2865
f 3168/2741/2844 3190/2763/2865 3189/2762/2864
f 3169/2742/2845 3170/2743/2846 3191/2764/2866
f 3169/2742/2845 3191/2764/2866 3190/2763/2865
f 3170/2743/2846 3171/2744/2847 3192/2765/2867
f 3170/2743/2846 3192/2765/2867 3191/2764/2866
f 3171/2744/2847 3172/2745/2848 3193/2766/2868
f 3171/2744/2847 3193/2766/2868 3192/2765/2867
f 3172/2745/2848 3173/2746/2849 3194/2767/2869
f 3172/2745/2848 3194/2767/2869 3193/2766/2868
f 3173/2746/2849 3174/2747/2831 3195/2768/2851
f 3173/2746/2849 3195/2768/2851 3194/2767/2869
f 3176/2749/2851 3175/2748/2850 3196/2769/2870
f 3176/2749/2851 3196/2769/2870 3197/2770/2871
f 3175/2748/2850 3177/2750/2852 3198/2771/2872
f 3175/2748/2850 3198/2771/2872 3196/2769/2870
f 3177/2750/2852 3178/2751/2853 3199/2772/2873
f 3177/2750/2852 3199/2772/2873 3198/2771/2872
f 3178/2751/2853 3179/2752/2854 3200/2773/2874
f 3178/2751/2853 3200/2773/2874 3199/2772/2873
f 3179/2752/2854 3180/2753/2855 3201/2774/2875
f 3179/2752/2854 3201/2774/2875 3200/2773/2874
f 3180/2753/2855 3181/2754/2856 3202/2775/2876
f 3180/2753/2855 3202/2775/2876 3201/2774/2875
f 3181/2754/2856 3182/2755/2857 3203/2776/2877
f 3181/2754/2856 3203/2776/2877 3202/2775/2876
f 3182/2755/2857 3183/2756/2858 3204/2777/2878
f 3182/2755/2857 3204/2777/2878 3203/2776/2877
f 3183/2756/2858 3184/2757/2859 3205/2778/2879
f 3183/2756/2858 3205/2778/2879 3204/2777/2878
f 3184/2757/2859 3185/2758/2860 3206/2779/2880
f 3184/2757/2859 3206/2779/2880 3205/2778/2879
f 3185/2758/2860 3186/2759/2861 3207/2780/2881
f 3185/2758/2860 3207/2780/2881 3206/2779/2880
f 3186/2759/2861 3187/2760/2862 3208/2781/2882
f 3186/2759/2861 3208/2781/2882 3207/2780/2881
f 3187/2760/2862 3188/2761/2863 3209/2782/2883
f 3187/2760/2862 3209/2782/2883 3208/2781/2882
f 3188/2761/2863 3189/2762/2864 3210/2783/2884
f 3188/2761/2863 3210/2783/2884 3209/2782/2883
f 3189/2762/2864 3190/2763/2865 3211/2784/2885
f 3189/2762/2864 3211/2784/2885 3210/2783/2884
f 3190/2763/2865 3191/2764/2866 3212/2785/2886
f 3190/2763/2865 3212/2785/2886 3211/2784/2885
f 3191/2764/2866 3192/2765/2867 3213/2786/2887
f 3191/2764/2866 3213/2786/2887 3212/2785/2886
f 3192/2765/2867 3193/2766/2868 3214/2787/2888
f 3192/2765/2867 3214/2787/2888 3213/2786/2887
f 3193/2766/2868 3194/2767/2869 3215/2788/2889
f 3193/2766/2868 3215/2788/2889 3214/2787/2888
f 3194/2767/2869 3195/2768/2851 3216/2789/2871
f 3194/2767/2869 3216/2789/2871 3215/2788/2889
f 3197/2770/2871 3196/2769/2870 2757/2330/2457
f 3197/2770/2871 2757/2330/2457 2756/2329/2456
f 3196/2769/2870 3198/2771/2872 2759/2332/2459
f 3196/2769/2870 2759/2332/2459 2757/2330/2457
f 3198/2771/2872 3199/2772/2873 2761/2334/2460
f 3198/2771/2872 2761/2334/2460 2759/2332/2459
f 3199/2772/2873 3200/2773/2874 2763/2336/2461
f 3199/2772/2873 2763/2336/2461 2761/2334/2460
f 3200/2773/2874 3201/2774/2875 2765/2338/2462
f 3200/2773/2874 2765/2338/2462 2763/2336/2461
f 3201/2774/2875 3202/2775/2876 2767/2340/2463
f 3201/2774/2875 2767/2340/2463 2765/2338/2462
f 3202/2775/2876 3203/2776/2877 2769/2342/2464
f 3202/2775/2876 2769/2342/2464 2767/2340/2463
f 3203/2776/2877 3204/2777/2878 2771/2344/2465
f 3203/2776/2877 2771/2344/2465 2769/2342/2464
f 3204/2777/2878 3205/2778/2879 2773/2346/2466
f 3204/2777/2878 2773/2346/2466 2771/2344/2465
f 3205/2778/2879 3206/2779/2880 2775/2348/2467
f 3205/2778/2879 2775/2348/2467 2773/2346/2466
f 3206/2779/2880 3207/2780/2881 2777/2350/2468
f 3206/2779/2880 2777/2350/2468 2775/2348/2467
f 3207/2780/2881 3208/2781/2882 2779/2352/2469
f 3207/2780/2881 2779/2352/2469 2777/2350/2468
f 3208/2781/2882 3209/2782/2883 2781/2354/2470
f 3208/2781/2882 2781/2354/2470 2779/2352/2469
f 3209/2782/2883 3210/2783/2884 2783/2356/2471
f 3209/2782/2883 2783/2356/2471 2781/2354/2470
f 3210/2783/2884 3211/2784/2885 2785/2358/2472
f 3210/2783/2884 2785/2358/2472 2783/2356/2471
f 3211/2784/2885 3212/2785/2886 2787/2360/2473
f 3211/2784/2885 2787/2360/2473 2785/2358/2472
f 3212/2785/2886 3213/2786/2887 2789/2362/2474
f 3212/2785/2886 2789/2362/2474 2787/2360/2473
f 3213/2786/2887 3214/2787/2888 2791/2364/2475
f 3213/2786/2887 2791/2364/2475 2789/2362/2474
f 3214/2787/2888 3215/2788/2889 2793/2366/2476
f 3214/2787/2888 2793/2366/2476 2791/2364/2475
f 3215/2788/2889 3216/2789/2871 2795/2368/2456
f 3215/2788/2889 2795/2368/2456 2793/2366/2476
f 2946/2519/2625 2948/2521/2627 2989/2562/2667
f 2946/2519/2625 2989/2562/2667 2987/2560/2665
f 2944/2517/2623 2946/2519/2625 2987/2560/2665
f 2944/2517/2623 2987/2560/2665 2985/2558/2663
f 2942/2515/2621 2944/2517/2623 2985/2558/2663
f 2942/2515/2621 2985/2558/2663 2983/2556/2661
f 2940/2513/2619 2942/2515/2621 2983/2556/2661
f 2940/2513/2619 2983/2556/2661 2981/2554/2659
f 2938/2511/2617 2940/2513/2619 2981/2554/2659
f 2938/2511/2617 2981/2554/2659 2979/2552/2657
f 2936/2509/2615 2938/2511/2617 2979/2552/2657
f 2936/2509/2615 2979/2552/2657 2977/2550/2655
f 2934/2507/2613 2936/2509/2615 2977/2550/2655
f 2934/2507/2613 2977/2550/2655 2975/2548/2653
f 2932/2505/2611 2934/2507/2613 2975/2548/2653
f 2932/2505/2611 2975/2548/2653 2973/2546/2651
f 2930/2503/2609 2932/2505/2611 2973/2546/2651
f 2930/2503/2609 2973/2546/2651 2971/2544/2649
f 2928/2501/2607 2930/2503/2609 2971/2544/2649
f 2928/2501/2607 2971/2544/2649 2969/2542/2647
f 2925/2498/2604 2928/2501/2607 2969/2542/2647
f 2925/2498/2604 2969/2542/2647 2966/2539/2644
f 2926/2499/2605 2925/2498/2604 2966/2539/2644
f 2926/2499/2605 2966/2539/2644 2965/2538/2643
f 2962/2535/2641 2964/2537/2605 3005/2578/2683
f 2962/2535/2641 3005/2578/2683 3003/2576/2681
f 2960/2533/2639 2962/2535/2641 3003/2576/2681
f 2960/2533/2639 3003/2576/2681 3001/2574/2679
f 2958/2531/2637 2960/2533/2639 3001/2574/2679
f 2958/2531/2637 3001/2574/2679 2999/2572/2677
f 2956/2529/2635 2958/2531/2637 2999/2572/2677
f 2956/2529/2635 2999/2572/2677 2997/2570/2675
f 2954/2527/2633 2956/2529/2635 2997/2570/2675
f 2954/2527/2633 2997/2570/2675 2995/2568/2673
f 2952/2525/2631 2954/2527/2633 2995/2568/2673
f 2952/2525/2631 2995/2568/2673 2993/2566/2671
f 2950/2523/2629 2952/2525/2631 2993/2566/2671
f 2950/2523/2629 2993/2566/2671 2991/2564/2669
f 2948/2521/2627 2950/2523/2629 2991/2564/2669
f 2948/2521/2627 2991/2564/2669 2989/2562/2667
f 2919/2492/2598 2920/2493/2599 2959/2532/2638
f 2919/2492/2598 2959/2532/2638 2957/2530/2636
f 2918/2491/2597 2919/2492/2598 2957/2530/2636
f 2918/2491/2597 2957/2530/2636 2955/2528/2634
f 2917/2490/2596 2918/2491/2597 2955/2528/2634
f 2917/2490/2596 2955/2528/2634 2953/2526/2632
f 2916/2489/2595 2917/2490/2596 2953/2526/2632
f 2916/2489/2595 2953/2526/2632 2951/2524/2630
f 2915/2488/2594 2916/2489/2595 2951/2524/2630
f 2915/2488/2594 2951/2524/2630 2949/2522/2628
f 2914/2487/2593 2915/2488/2594 2949/2522/2628
f 2914/2487/2593 2949/2522/2628 2947/2520/2626
f 2913/2486/2592 2914/2487/2593 2947/2520/2626
f 2913/2486/2592 2947/2520/2626 2945/2518/2624
f 2912/2485/2591 2913/2486/2592 2945/2518/2624
f 2912/2485/2591 2945/2518/2624 2943/2516/2622
f 2911/2484/2590 2912/2485/2591 2943/2516/2622
f 2911/2484/2590 2943/2516/2622 2941/2514/2620
f 2910/2483/2589 2911/2484/2590 2941/2514/2620
f 2910/2483/2589 2941/2514/2620 2939/2512/2618
f 2909/2482/2588 2910/2483/2589 2939/2512/2618
f 2909/2482/2588 2939/2512/2618 2937/2510/2616
f 2908/2481/2587 2909/2482/2588 2937/2510/2616
f 2908/2481/2587 2937/2510/2616 2935/2508/2614
f 2907/2480/2586 2908/2481/2587 2935/2508/2614
f 2907/2480/2586 2935/2508/2614 2933/2506/2612
f 2906/2479/2585 2907/2480/2586 2933/2506/2612
f 2906/2479/2585 2933/2506/2612 2931/2504/2610
f 2905/2478/2584 2906/2479/2585 2931/2504/2610
f 2905/2478/2584 2931/2504/2610 2929/2502/2608
f 2904/2477/2583 2905/2478/2584 2929/2502/2608
f 2904/2477/2583 2929/2502/2608 2927/2500/2606
f 2902/2475/2581 2904/2477/2583 2927/2500/2606
f 2902/2475/2581 2927/2500/2606 2924/2497/2603
f 2903/2476/2582 2902/2475/2581 2924/2497/2603
f 2903/2476/2582 2924/2497/2603 2923/2496/2602
f 2921/2494/2600 2922/2495/2601 2963/2536/2642
f 2921/2494/2600 2963/2536/2642 2961/2534/2640
f 2920/2493/2599 2921/2494/2600 2961/2534/2640
f 2920/2493/2599 2961/2534/2640 2959/2532/2638
f 3000/2573/2678 3002/2575/2680 3043/2616/2721
f 3000/2573/2678 3043/2616/2721 3041/2614/2719
f 2998/2571/2676 3000/2573/2678 3041/2614/2719
f 2998/2571/2676 3041/2614/2719 3039/2612/2717
f 2996/2569/2674 2998/2571/2676 3039/2612/2717
f 2996/2569/2674 3039/2612/2717 3037/2610/2715
f 2994/2567/2672 2996/2569/2674 3037/2610/2715
f 2994/2567/2672 3037/2610/2715 3035/2608/2713
f 2992/2565/2670 2994/2567/2672 3035/2608/2713
f 2992/2565/2670 3035/2608/2713 3033/2606/2711
f 2990/2563/2668 2992/2565/2670 3033/2606/2711
f 2990/2563/2668 3033/2606/2711 3031/2604/2709
f 2988/2561/2666 2990/2563/2668 3031/2604/2709
f 2988/2561/2666 3031/2604/2709 3029/2602/2707
f 2986/2559/2664 2988/2561/2666 3029/2602/2707
f 2986/2559/2664 3029/2602/2707 3027/2600/2705
f 2984/2557/2662 2986/2559/2664 3027/2600/2705
f 2984/2557/2662 3027/2600/2705 3025/2598/2703
f 2982/2555/2660 2984/2557/2662 3025/2598/2703
f 2982/2555/2660 3025/2598/2703 3023/2596/2701
f 2980/2553/2658 2982/2555/2660 3023/2596/2701
f 2980/2553/2658 3023/2596/2701 3021/2594/2699
f 2978/2551/2656 2980/2553/2658 3021/2594/2699
f 2978/2551/2656 3021/2594/2699 3019/2592/2697
f 2976/2549/2654 2978/2551/2656 3019/2592/2697
f 2976/2549/2654 3019/2592/2697 3017/2590/2695
f 2974/2547/2652 2976/2549/2654 3017/2590/2695
f 2974/2547/2652 3017/2590/2695 3015/2588/2693
f 2972/2545/2650 2974/2547/2652 3015/2588/2693
f 2972/2545/2650 3015/2588/2693 3013/2586/2691
f 2970/2543/2648 2972/2545/2650 3013/2586/2691
f 2970/2543/2648 3013/2586/2691 3011/2584/2689
f 2967/2540/2645 2970/2543/2648 3011/2584/2689
f 2967/2540/2645 3011/2584/2689 3008/2581/2686
f 2968/2541/2646 2967/2540/2645 3008/2581/2686
f 2968/2541/2646 3008/2581/2686 3007/2580/2685
f 3004/2577/2682 3006/2579/2684 3047/2620/2725
f 3004/2577/2682 3047/2620/2725 3045/2618/2723
f 3002/2575/2680 3004/2577/2682 3045/2618/2723
f 3002/2575/2680 3045/2618/2723 3043/2616/2721
o pCylinder1_lambert2_0
v 0.005103 0.105179 -0.003843
v 0.006032 0.105179 -0.002020
v -0.000185 0.105179 0.000000
v 0.003657 0.105179 -0.005289
v 0.001835 0.105179 -0.006217
v -0.000185 0.105179 -0.006537
v -0.002206 0.105179 -0.006217
v -0.004028 0.105179 -0.005289
v -0.005474 0.105179 -0.003843
v -0.006403 0.105179 -0.002020
v -0.006723 0.105179 -0.000000
v -0.006403 0.105179 0.002020
v -0.005474 0.105179 0.003843
v -0.004028 0.105179 0.005289
v -0.002206 0.105179 0.006217
v -0.000185 0.105179 0.006537
v 0.001835 0.105179 0.006217
v 0.003657 0.105179 0.005289
v 0.005103 0.105179 0.003843
v 0.006032 0.105179 0.002020
v 0.006352 0.105179 -0.000000
v 0.007699 0.207986 -0.002562
v 0.006521 0.207986 -0.004873
v -0.000185 0.207986 0.000000
v 0.004687 0.207986 -0.006707
v 0.002376 0.207986 -0.007884
v -0.000185 0.207986 -0.008290
v -0.002747 0.207986 -0.007884
v -0.005058 0.207986 -0.006707
v -0.006892 0.207986 -0.004873
v -0.008070 0.207986 -0.002562
v -0.008475 0.207986 -0.000000
v -0.008070 0.207986 0.002562
v -0.006892 0.207986 0.004873
v -0.005058 0.207986 0.006707
v -0.002747 0.207986 0.007884
v -0.000185 0.207986 0.008290
v 0.002376 0.207986 0.007884
v 0.004687 0.207986 0.006707
v 0.006521 0.207986 0.004873
v 0.007699 0.207986 0.002562
v 0.008104 0.207986 -0.000000
v 0.006032 0.105179 -0.002020
v 0.005103 0.105179 -0.003843
v 0.008724 0.111990 -0.006473
v 0.010288 0.111990 -0.003403
v 0.003657 0.105179 -0.005289
v 0.006288 0.111990 -0.008909
v 0.001835 0.105179 -0.006217
v 0.003218 0.111990 -0.010474
v -0.000185 0.105179 -0.006537
v -0.000185 0.111990 -0.011013
v -0.002206 0.105179 -0.006217
v -0.003589 0.111990 -0.010474
v -0.004028 0.105179 -0.005289
v -0.006659 0.111990 -0.008909
v -0.005474 0.105179 -0.003843
v -0.009095 0.111990 -0.006473
v -0.006403 0.105179 -0.002020
v -0.010659 0.111990 -0.003403
v -0.006723 0.105179 -0.000000
v -0.011198 0.111990 0.000000
v -0.006403 0.105179 0.002020
v -0.010659 0.111990 0.003403
v -0.005474 0.105179 0.003843
v -0.009095 0.111990 0.006473
v -0.004028 0.105179 0.005289
v -0.006659 0.111990 0.008909
v -0.002206 0.105179 0.006217
v -0.003589 0.111990 0.010474
v -0.000185 0.105179 0.006537
v -0.000185 0.111990 0.011013
v 0.001835 0.105179 0.006217
v 0.003218 0.111990 0.010474
v 0.003657 0.105179 0.005289
v 0.006288 0.111990 0.008909
v 0.005103 0.105179 0.003843
v 0.008724 0.111990 0.006473
v 0.006032 0.105179 0.002020
v 0.010288 0.111990 0.003403
v 0.006352 0.105179 -0.000000
v 0.010827 0.111990 0.000000
v 0.006032 0.105179 -0.002020
v 0.010288 0.111990 -0.003403
v 0.050833 0.136167 -0.005555
v 0.049240 0.138031 -0.008984
v 0.048356 0.144056 -0.010293
v 0.050833 0.144685 -0.005876
v 0.010268 0.124622 -0.007595
v 0.007410 0.119866 -0.010454
v 0.005692 0.131033 -0.008090
v 0.007905 0.131033 -0.005878
v 0.003808 0.119866 -0.012289
v 0.002905 0.131033 -0.009511
v -0.000185 0.119866 -0.012922
v -0.000185 0.131033 -0.010000
v -0.004178 0.119866 -0.012289
v -0.003276 0.131033 -0.009511
v -0.007781 0.119866 -0.010454
v -0.006063 0.131033 -0.008090
v -0.010639 0.124622 -0.007595
v -0.008276 0.131033 -0.005878
v -0.049610 0.138031 -0.008984
v -0.051204 0.136167 -0.005555
v -0.051204 0.144685 -0.005876
v -0.048727 0.144056 -0.010293
v -0.051204 0.135492 0.000000
v -0.051204 0.144690 0.000000
v -0.051204 0.136167 0.005555
v -0.051204 0.144685 0.005876
v -0.049610 0.138031 0.008984
v -0.049310 0.144575 0.010293
v -0.010639 0.124622 0.007595
v -0.007781 0.119866 0.010454
v -0.006063 0.131033 0.008090
v -0.008276 0.131033 0.005878
v -0.004178 0.119866 0.012289
v -0.003276 0.131033 0.009511
v -0.000185 0.119866 0.012922
v -0.000185 0.131033 0.010000
v 0.003807 0.119866 0.012289
v 0.002905 0.131033 0.009511
v 0.007410 0.119866 0.010454
v 0.005692 0.131033 0.008090
v 0.010268 0.124622 0.007595
v 0.007905 0.131033 0.005878
v 0.049240 0.138031 0.008984
v 0.050833 0.136167 0.005555
v 0.050833 0.144685 0.005876
v 0.048939 0.144575 0.010293
v 0.050833 0.135492 0.000000
v 0.050833 0.144690 0.000000
v 0.050833 0.136167 -0.005555
v 0.050833 0.144685 -0.005876
v 0.044422 0.150039 -0.009418
v 0.046439 0.152001 -0.005308
v 0.005692 0.141588 -0.008090
v 0.007905 0.138637 -0.005878
v 0.002905 0.141588 -0.009511
v -0.000185 0.141588 -0.010000
v -0.003276 0.141588 -0.009511
v -0.006063 0.141588 -0.008090
v -0.008276 0.138637 -0.005878
v -0.046810 0.152001 -0.005308
v -0.044793 0.150039 -0.009418
v -0.047899 0.152278 0.000000
v -0.046810 0.152001 0.005308
v -0.044793 0.150039 0.009418
v -0.006063 0.141588 0.008090
v -0.008276 0.138637 0.005878
v -0.003276 0.141588 0.009511
v -0.000185 0.141588 0.010000
v 0.002905 0.141588 0.009511
v 0.005692 0.141588 0.008090
v 0.007905 0.138637 0.005878
v 0.046439 0.152001 0.005308
v 0.044422 0.150039 0.009418
v 0.047528 0.152278 0.000000
v 0.046439 0.152001 -0.005308
v 0.009325 0.143451 -0.003090
v 0.007905 0.155606 -0.005878
v 0.009325 0.155606 -0.003090
v 0.005692 0.155606 -0.008090
v 0.002905 0.155606 -0.009511
v -0.000185 0.155606 -0.010000
v -0.003276 0.155606 -0.009511
v -0.006063 0.155606 -0.008090
v -0.008276 0.155606 -0.005878
v -0.009696 0.143451 -0.003090
v -0.009696 0.155606 -0.003090
v -0.010185 0.144187 0.000000
v -0.010185 0.155606 0.000000
v -0.009696 0.143451 0.003090
v -0.009696 0.155606 0.003090
v -0.008276 0.155606 0.005878
v -0.006063 0.155606 0.008090
v -0.003276 0.155606 0.009511
v -0.000185 0.155606 0.010000
v 0.002905 0.155606 0.009511
v 0.005692 0.155606 0.008090
v 0.007905 0.155606 0.005878
v 0.009325 0.143451 0.003090
v 0.009325 0.155606 0.003090
v 0.009815 0.144187 0.000000
v 0.009815 0.155606 0.000000
v 0.009325 0.143451 -0.003090
v 0.009325 0.155606 -0.003090
v 0.052636 0.163775 -0.006720
v 0.047498 0.164579 -0.010472
v 0.050254 0.174271 -0.010470
v 0.055390 0.174272 -0.006719
v 0.011056 0.166387 -0.008167
v 0.007982 0.163926 -0.011242
v 0.007977 0.174481 -0.011235
v 0.011050 0.174481 -0.008163
v 0.004108 0.163926 -0.013215
v 0.004106 0.174481 -0.013208
v -0.000185 0.163926 -0.013895
v -0.000185 0.174481 -0.013888
v -0.004479 0.163926 -0.013215
v -0.004477 0.174481 -0.013208
v -0.008353 0.163926 -0.011242
v -0.008348 0.174481 -0.011235
v -0.011427 0.166387 -0.008167
v -0.011421 0.174481 -0.008163
v -0.047869 0.164579 -0.010472
v -0.053007 0.163775 -0.006720
v -0.055761 0.174272 -0.006719
v -0.050625 0.174271 -0.010470
v -0.055867 0.163775 0.000000
v -0.058621 0.174272 0.000000
v -0.053007 0.163775 0.006720
v -0.055761 0.174272 0.006719
v -0.047869 0.164579 0.010472
v -0.050625 0.174271 0.010470
v -0.011427 0.166387 0.008167
v -0.008353 0.163926 0.011242
v -0.008348 0.174481 0.011235
v -0.011421 0.174481 0.008163
v -0.004479 0.163926 0.013215
v -0.004477 0.174481 0.013208
v -0.000185 0.163926 0.013895
v -0.000185 0.174481 0.013888
v 0.004108 0.163926 0.013215
v 0.004106 0.174481 0.013208
v 0.007982 0.163926 0.011242
v 0.007977 0.174481 0.011235
v 0.011056 0.166387 0.008167
v 0.011050 0.174481 0.008163
v 0.047498 0.164579 0.010472
v 0.052636 0.163775 0.006720
v 0.055390 0.174272 0.006719
v 0.050254 0.174271 0.010470
v 0.055496 0.163775 0.000000
v 0.058251 0.174272 0.000000
v 0.052636 0.163775 -0.006720
v 0.055390 0.174272 -0.006719
v 0.047486 0.185971 -0.010469
v 0.052622 0.186776 -0.006718
v 0.007973 0.186567 -0.011230
v 0.011044 0.184266 -0.008159
v 0.004104 0.186567 -0.013201
v -0.000185 0.186567 -0.013881
v -0.004475 0.186567 -0.013201
v -0.008344 0.186567 -0.011230
v -0.011415 0.184266 -0.008159
v -0.052993 0.186776 -0.006718
v -0.047857 0.185971 -0.010469
v -0.055853 0.186776 0.000000
v -0.052993 0.186776 0.006718
v -0.047857 0.185971 0.010469
v -0.008344 0.186567 0.011230
v -0.011415 0.184266 0.008159
v -0.004475 0.186567 0.013201
v -0.000185 0.186567 0.013881
v 0.004104 0.186567 0.013201
v 0.007973 0.186567 0.011230
v 0.011044 0.184266 0.008159
v 0.052622 0.186776 0.006718
v 0.047486 0.185971 0.010469
v 0.055482 0.186776 0.000000
v 0.052622 0.186776 -0.006718
v 0.013016 0.186567 -0.004289
v 0.009845 0.193839 -0.007288
v 0.011606 0.193839 -0.003831
v 0.007102 0.193839 -0.010031
v 0.003646 0.193839 -0.011792
v -0.000185 0.193839 -0.012398
v -0.004017 0.193839 -0.011792
v -0.007473 0.193839 -0.010031
v -0.010216 0.193839 -0.007288
v -0.013387 0.186567 -0.004289
v -0.011977 0.193839 -0.003831
v -0.014066 0.186567 0.000000
v -0.013329 0.193839 0.000000
v -0.013387 0.186567 0.004289
v -0.011977 0.193839 0.003831
v -0.010216 0.193839 0.007288
v -0.007473 0.193839 0.010031
v -0.004017 0.193839 0.011792
v -0.000185 0.193839 0.012398
v 0.003646 0.193839 0.011792
v 0.007102 0.193839 0.010031
v 0.009845 0.193839 0.007288
v 0.013016 0.186567 0.004289
v 0.011606 0.193839 0.003831
v 0.013695 0.186567 0.000000
v 0.012958 0.193839 0.000000
v 0.013016 0.186567 -0.004289
v 0.011606 0.193839 -0.003831
v -0.012475 0.119866 0.003993
v -0.013107 0.119866 0.000000
v -0.012475 0.120950 -0.003993
v 0.012104 0.120950 -0.003993
v 0.012104 0.120950 -0.003993
v 0.012736 0.119866 0.000000
v 0.012104 0.119866 0.003993
v -0.000185 0.200581 0.011111
v 0.003248 0.200581 0.010567
v 0.002376 0.207986 0.007884
v -0.000185 0.207986 0.008290
v -0.003619 0.200581 0.010567
v -0.002747 0.207986 0.007884
v -0.006716 0.200581 0.008989
v -0.005058 0.207986 0.006707
v -0.009174 0.200581 0.006531
v -0.006892 0.207986 0.004873
v -0.010752 0.200581 0.003433
v -0.008070 0.207986 0.002562
v -0.011770 0.200581 0.000000
v -0.008475 0.207986 -0.000000
v -0.010752 0.200581 -0.003433
v -0.008070 0.207986 -0.002562
v -0.009174 0.200581 -0.006531
v -0.006892 0.207986 -0.004873
v -0.006716 0.200581 -0.008989
v -0.005058 0.207986 -0.006707
v -0.003619 0.200581 -0.010567
v -0.002747 0.207986 -0.007884
v -0.000185 0.200581 -0.011111
v -0.000185 0.207986 -0.008290
v 0.003248 0.200581 -0.010567
v 0.002376 0.207986 -0.007884
v 0.006345 0.200581 -0.008989
v 0.004687 0.207986 -0.006707
v 0.008803 0.200581 -0.006531
v 0.006521 0.207986 -0.004873
v 0.010381 0.200581 -0.003433
v 0.007699 0.207986 -0.002562
v 0.011399 0.200581 0.000000
v 0.010381 0.200581 -0.003433
v 0.007699 0.207986 -0.002562
v 0.008104 0.207986 -0.000000
v 0.010381 0.200581 0.003433
v 0.007699 0.207986 0.002562
v 0.008803 0.200581 0.006531
v 0.006521 0.207986 0.004873
v 0.006345 0.200581 0.008989
v 0.004687 0.207986 0.006707
v 0.013030 0.163926 0.004294
v -0.013401 0.163926 0.004294
v -0.014081 0.163926 0.000000
v -0.013401 0.163926 -0.004294
v 0.013030 0.163926 -0.004294
v 0.013030 0.163926 -0.004294
v 0.013710 0.163926 0.000000
v 0.013030 0.163926 -0.004294
v 0.011056 0.166387 -0.008167
v 0.023365 0.163603 -0.010355
v 0.026527 0.161191 -0.005067
v 0.011056 0.166387 -0.008167
v 0.011050 0.174481 -0.008163
v 0.023539 0.174414 -0.012414
v 0.023365 0.163603 -0.010355
v 0.011056 0.166387 0.008167
v 0.013030 0.163926 0.004294
v 0.026527 0.161191 0.005067
v 0.023365 0.163603 0.010355
v 0.011050 0.174481 0.008163
v 0.011056 0.166387 0.008167
v 0.023365 0.163603 0.010355
v 0.023539 0.174414 0.012414
v 0.013710 0.163926 0.000000
v 0.027902 0.161191 0.000000
v 0.013030 0.163926 -0.004294
v 0.026527 0.161191 -0.005067
v 0.011050 0.174481 -0.008163
v 0.011044 0.184266 -0.008159
v 0.023353 0.186908 -0.010347
v 0.023539 0.174414 -0.012414
v 0.011044 0.184266 -0.008159
v 0.013016 0.186567 -0.004289
v 0.026513 0.189321 -0.005063
v 0.023353 0.186908 -0.010347
v 0.013016 0.186567 0.004289
v 0.011044 0.184266 0.008159
v 0.023353 0.186908 0.010347
v 0.026513 0.189321 0.005063
v 0.011044 0.184266 0.008159
v 0.011050 0.174481 0.008163
v 0.023539 0.174414 0.012414
v 0.023353 0.186908 0.010347
v 0.013695 0.186567 0.000000
v 0.013016 0.186567 0.004289
v 0.026513 0.189321 0.005063
v 0.027887 0.189321 0.000000
v 0.013016 0.186567 -0.004289
v 0.013695 0.186567 0.000000
v 0.027887 0.189321 0.000000
v 0.026513 0.189321 -0.005063
v -0.011427 0.166387 -0.008167
v -0.013401 0.163926 -0.004294
v -0.026898 0.161191 -0.005067
v -0.023736 0.163603 -0.010355
v -0.011421 0.174481 -0.008163
v -0.011427 0.166387 -0.008167
v -0.023736 0.163603 -0.010355
v -0.023910 0.174414 -0.012414
v -0.013401 0.163926 -0.004294
v -0.014081 0.163926 0.000000
v -0.028273 0.161191 0.000000
v -0.026898 0.161191 -0.005067
v -0.013401 0.163926 0.004294
v -0.026898 0.161191 0.005067
v -0.013401 0.163926 0.004294
v -0.011427 0.166387 0.008167
v -0.023736 0.163603 0.010355
v -0.026898 0.161191 0.005067
v -0.011427 0.166387 0.008167
v -0.011421 0.174481 0.008163
v -0.023910 0.174414 0.012414
v -0.023736 0.163603 0.010355
v -0.013387 0.186567 -0.004289
v -0.011415 0.184266 -0.008159
v -0.023724 0.186908 -0.010347
v -0.026884 0.189321 -0.005063
v -0.011415 0.184266 -0.008159
v -0.011421 0.174481 -0.008163
v -0.023910 0.174414 -0.012414
v -0.023724 0.186908 -0.010347
v -0.014066 0.186567 0.000000
v -0.013387 0.186567 -0.004289
v -0.026884 0.189321 -0.005063
v -0.028258 0.189321 0.000000
v -0.013387 0.186567 0.004289
v -0.014066 0.186567 0.000000
v -0.028258 0.189321 0.000000
v -0.026884 0.189321 0.005063
v -0.011421 0.174481 0.008163
v -0.011415 0.184266 0.008159
v -0.023724 0.186908 0.010347
v -0.023910 0.174414 0.012414
v -0.011415 0.184266 0.008159
v -0.013387 0.186567 0.004289
v -0.026884 0.189321 0.005063
v -0.023724 0.186908 0.010347
v -0.043696 0.162892 0.011695
v -0.043508 0.174309 0.013277
v -0.050625 0.174271 0.010470
v -0.047869 0.164579 0.010472
v -0.048078 0.159046 0.006280
v -0.043696 0.162892 0.011695
v -0.047869 0.164579 0.010472
v -0.053007 0.163775 0.006720
v -0.050543 0.159046 0.000000
v -0.048078 0.159046 0.006280
v -0.053007 0.163775 0.006720
v -0.055867 0.163775 0.000000
v -0.048078 0.159046 -0.006280
v -0.053007 0.163775 -0.006720
v -0.043696 0.162892 -0.011695
v -0.048078 0.159046 -0.006280
v -0.053007 0.163775 -0.006720
v -0.047869 0.164579 -0.010472
v -0.043508 0.174309 -0.013277
v -0.043696 0.162892 -0.011695
v -0.047869 0.164579 -0.010472
v -0.050625 0.174271 -0.010470
v -0.043684 0.187646 -0.011690
v -0.043508 0.174309 -0.013277
v -0.050625 0.174271 -0.010470
v -0.047857 0.185971 -0.010469
v -0.048064 0.191494 -0.006277
v -0.043684 0.187646 -0.011690
v -0.047857 0.185971 -0.010469
v -0.052993 0.186776 -0.006718
v -0.050528 0.191494 0.000000
v -0.048064 0.191494 -0.006277
v -0.052993 0.186776 -0.006718
v -0.055853 0.186776 0.000000
v -0.048064 0.191494 0.006277
v -0.050528 0.191494 0.000000
v -0.055853 0.186776 0.000000
v -0.052993 0.186776 0.006718
v -0.043684 0.187646 0.011690
v -0.048064 0.191494 0.006277
v -0.052993 0.186776 0.006718
v -0.047857 0.185971 0.010469
v -0.043508 0.174309 0.013277
v -0.043684 0.187646 0.011690
v -0.047857 0.185971 0.010469
v -0.050625 0.174271 0.010470
v 0.043313 0.187646 0.011690
v 0.043137 0.174309 0.013277
v 0.050254 0.174271 0.010470
v 0.047486 0.185971 0.010469
v 0.047693 0.191494 0.006277
v 0.043313 0.187646 0.011690
v 0.047486 0.185971 0.010469
v 0.052622 0.186776 0.006718
v 0.050157 0.191494 0.000000
v 0.047693 0.191494 0.006277
v 0.052622 0.186776 0.006718
v 0.055482 0.186776 0.000000
v 0.047693 0.191494 -0.006277
v 0.050157 0.191494 0.000000
v 0.055482 0.186776 0.000000
v 0.052622 0.186776 -0.006718
v 0.043313 0.187646 -0.011690
v 0.047693 0.191494 -0.006277
v 0.052622 0.186776 -0.006718
v 0.047486 0.185971 -0.010469
v 0.043137 0.174309 -0.013277
v 0.043313 0.187646 -0.011690
v 0.047486 0.185971 -0.010469
v 0.050254 0.174271 -0.010470
v 0.043325 0.162892 -0.011695
v 0.043137 0.174309 -0.013277
v 0.050254 0.174271 -0.010470
v 0.047498 0.164579 -0.010472
v 0.047707 0.159046 -0.006280
v 0.043325 0.162892 -0.011695
v 0.047498 0.164579 -0.010472
v 0.052636 0.163775 -0.006720
v 0.050172 0.159046 0.000000
v 0.047707 0.159046 -0.006280
v 0.052636 0.163775 -0.006720
v 0.055496 0.163775 0.000000
v 0.047707 0.159046 0.006280
v 0.052636 0.163775 0.006720
v 0.043325 0.162892 0.011695
v 0.047498 0.164579 0.010472
v 0.043137 0.174309 0.013277
v 0.043325 0.162892 0.011695
v 0.047498 0.164579 0.010472
v 0.050254 0.174271 0.010470
v -0.033518 0.162126 0.011380
v -0.033512 0.174363 0.014244
v -0.037275 0.159592 0.005661
v -0.033518 0.162126 0.011380
v -0.039183 0.159592 0.000000
v -0.037275 0.159592 0.005661
v -0.037275 0.159592 -0.005661
v -0.033518 0.162126 -0.011380
v -0.037275 0.159592 -0.005661
v -0.033512 0.174363 -0.014244
v -0.033518 0.162126 -0.011380
v -0.033507 0.188399 -0.011373
v -0.033512 0.174363 -0.014244
v -0.037261 0.190934 -0.005658
v -0.033507 0.188399 -0.011373
v -0.039169 0.190934 0.000000
v -0.037261 0.190934 -0.005658
v -0.037261 0.190934 0.005658
v -0.039169 0.190934 0.000000
v -0.033507 0.188399 0.011373
v -0.037261 0.190934 0.005658
v -0.033512 0.174363 0.014244
v -0.033507 0.188399 0.011373
v 0.033136 0.188399 0.011373
v 0.033141 0.174363 0.014244
v 0.036890 0.190934 0.005658
v 0.033136 0.188399 0.011373
v 0.038798 0.190934 0.000000
v 0.036890 0.190934 0.005658
v 0.036890 0.190934 -0.005658
v 0.038798 0.190934 0.000000
v 0.033136 0.188399 -0.011373
v 0.036890 0.190934 -0.005658
v 0.033141 0.174363 -0.014244
v 0.033136 0.188399 -0.011373
v 0.033147 0.162126 -0.011380
v 0.033141 0.174363 -0.014244
v 0.036904 0.159592 -0.005661
v 0.033147 0.162126 -0.011380
v 0.038813 0.159592 0.000000
v 0.036904 0.159592 -0.005661
v 0.036904 0.159592 0.005661
v 0.033147 0.162126 0.011380
v 0.033141 0.174363 0.014244
v 0.033147 0.162126 0.011380
v 0.012104 0.120950 -0.003993
v 0.010268 0.124622 -0.007595
v 0.016389 0.125971 -0.008047
v 0.017256 0.121886 -0.004277
v 0.010268 0.124622 -0.007595
v 0.007905 0.131033 -0.005878
v 0.015121 0.132835 -0.006465
v 0.016389 0.125971 -0.008047
v 0.010268 0.124622 0.007595
v 0.012104 0.119866 0.003993
v 0.017256 0.121886 0.004277
v 0.016389 0.125360 0.008047
v 0.007905 0.131033 0.005878
v 0.010268 0.124622 0.007595
v 0.016389 0.125360 0.008047
v 0.013615 0.132835 0.006465
v 0.012736 0.119866 0.000000
v 0.017804 0.121083 0.000000
v 0.012104 0.120950 -0.003993
v 0.017256 0.121886 -0.004277
v 0.007905 0.131033 -0.005878
v 0.007905 0.138637 -0.005878
v 0.013615 0.141689 -0.006480
v 0.015121 0.132835 -0.006465
v 0.007905 0.138637 -0.005878
v 0.009325 0.143451 -0.003090
v 0.014847 0.145373 -0.003458
v 0.013615 0.141689 -0.006480
v 0.009325 0.143451 0.003090
v 0.007905 0.138637 0.005878
v 0.013615 0.141900 0.006480
v 0.014423 0.145373 0.003458
v 0.007905 0.138637 0.005878
v 0.007905 0.131033 0.005878
v 0.013615 0.132835 0.006465
v 0.013615 0.141900 0.006480
v 0.009815 0.144187 0.000000
v 0.009325 0.143451 0.003090
v 0.014423 0.145373 0.003458
v 0.015271 0.146304 0.000000
v 0.009325 0.143451 -0.003090
v 0.009815 0.144187 0.000000
v 0.015271 0.146304 0.000000
v 0.014847 0.145373 -0.003458
v -0.010639 0.124622 -0.007595
v -0.012475 0.120950 -0.003993
v -0.017627 0.121886 -0.004277
v -0.016760 0.125971 -0.008047
v -0.008276 0.131033 -0.005878
v -0.010639 0.124622 -0.007595
v -0.016760 0.125971 -0.008047
v -0.015492 0.132835 -0.006465
v -0.012475 0.120950 -0.003993
v -0.013107 0.119866 0.000000
v -0.018175 0.121083 0.000000
v -0.017627 0.121886 -0.004277
v -0.012475 0.119866 0.003993
v -0.017627 0.121886 0.004277
v -0.012475 0.119866 0.003993
v -0.010639 0.124622 0.007595
v -0.016760 0.125360 0.008047
v -0.017627 0.121886 0.004277
v -0.010639 0.124622 0.007595
v -0.008276 0.131033 0.005878
v -0.013986 0.132835 0.006465
v -0.016760 0.125360 0.008047
v -0.009696 0.143451 -0.003090
v -0.008276 0.138637 -0.005878
v -0.013986 0.141689 -0.006480
v -0.015218 0.145373 -0.003458
v -0.008276 0.138637 -0.005878
v -0.008276 0.131033 -0.005878
v -0.015492 0.132835 -0.006465
v -0.013986 0.141689 -0.006480
v -0.010185 0.144187 0.000000
v -0.009696 0.143451 -0.003090
v -0.015218 0.145373 -0.003458
v -0.015642 0.146304 0.000000
v -0.009696 0.143451 0.003090
v -0.010185 0.144187 0.000000
v -0.015642 0.146304 0.000000
v -0.014794 0.145373 0.003458
v -0.008276 0.131033 0.005878
v -0.008276 0.138637 0.005878
v -0.013986 0.141900 0.006480
v -0.013986 0.132835 0.006465
v -0.008276 0.138637 0.005878
v -0.009696 0.143451 0.003090
v -0.014794 0.145373 0.003458
v -0.013986 0.141900 0.006480
v 0.038988 0.152767 0.005320
v 0.038713 0.150609 0.009527
v 0.044422 0.150039 0.009418
v 0.046439 0.152001 0.005308
v 0.039083 0.153722 0.000000
v 0.038988 0.152767 0.005320
v 0.046439 0.152001 0.005308
v 0.047528 0.152278 0.000000
v 0.038988 0.152767 -0.005320
v 0.039083 0.153722 0.000000
v 0.047528 0.152278 0.000000
v 0.046439 0.152001 -0.005308
v 0.038713 0.150609 -0.009527
v 0.038988 0.152767 -0.005320
v 0.046439 0.152001 -0.005308
v 0.044422 0.150039 -0.009418
v 0.039468 0.141950 -0.011918
v 0.038713 0.150609 -0.009527
v 0.044422 0.150039 -0.009418
v 0.048356 0.144056 -0.010293
v 0.042971 0.135403 -0.010334
v 0.039468 0.141950 -0.011918
v 0.048356 0.144056 -0.010293
v 0.049240 0.138031 -0.008984
v 0.043327 0.132105 -0.005715
v 0.042971 0.135403 -0.010334
v 0.049240 0.138031 -0.008984
v 0.050833 0.136167 -0.005555
v 0.043449 0.130601 0.000000
v 0.043327 0.132105 -0.005715
v 0.050833 0.136167 -0.005555
v 0.050833 0.135492 0.000000
v 0.043327 0.132105 0.005715
v 0.050833 0.136167 0.005555
v 0.042971 0.134410 0.010334
v 0.049240 0.138031 0.008984
v 0.042513 0.141950 0.011918
v 0.042971 0.134410 0.010334
v 0.049240 0.138031 0.008984
v 0.048939 0.144575 0.010293
v 0.038713 0.150609 0.009527
v 0.042513 0.141950 0.011918
v 0.048939 0.144575 0.010293
v 0.044422 0.150039 0.009418
v -0.042884 0.141950 0.011918
v -0.039084 0.150609 0.009527
v -0.044793 0.150039 0.009418
v -0.049310 0.144575 0.010293
v -0.043342 0.134410 0.010334
v -0.042884 0.141950 0.011918
v -0.049310 0.144575 0.010293
v -0.049610 0.138031 0.008984
v -0.043698 0.132105 0.005715
v -0.043342 0.134410 0.010334
v -0.049610 0.138031 0.008984
v -0.051204 0.136167 0.005555
v -0.043820 0.130601 0.000000
v -0.043698 0.132105 0.005715
v -0.051204 0.136167 0.005555
v -0.051204 0.135492 0.000000
v -0.043698 0.132105 -0.005715
v -0.051204 0.136167 -0.005555
v -0.043342 0.135403 -0.010334
v -0.043698 0.132105 -0.005715
v -0.051204 0.136167 -0.005555
v -0.049610 0.138031 -0.008984
v -0.039839 0.141950 -0.011918
v -0.043342 0.135403 -0.010334
v -0.049610 0.138031 -0.008984
v -0.048727 0.144056 -0.010293
v -0.039084 0.150609 -0.009527
v -0.039839 0.141950 -0.011918
v -0.048727 0.144056 -0.010293
v -0.044793 0.150039 -0.009418
v -0.039359 0.152767 -0.005320
v -0.039084 0.150609 -0.009527
v -0.044793 0.150039 -0.009418
v -0.046810 0.152001 -0.005308
v -0.039454 0.153722 0.000000
v -0.039359 0.152767 -0.005320
v -0.046810 0.152001 -0.005308
v -0.047899 0.152278 0.000000
v -0.039359 0.152767 0.005320
v -0.039454 0.153722 0.000000
v -0.047899 0.152278 0.000000
v -0.046810 0.152001 0.005308
v -0.039084 0.150609 0.009527
v -0.039359 0.152767 0.005320
v -0.046810 0.152001 0.005308
v -0.044793 0.150039 0.009418
v 0.032708 0.151468 0.004673
v 0.032475 0.149583 0.008469
v 0.033292 0.152363 0.000000
v 0.032708 0.151468 0.004673
v 0.033082 0.151468 -0.004673
v 0.033292 0.152363 0.000000
v 0.029437 0.148361 -0.008469
v 0.033082 0.151468 -0.004673
v 0.032475 0.138784 -0.008405
v 0.029437 0.148361 -0.008469
v 0.033486 0.130407 -0.009540
v 0.032475 0.138784 -0.008405
v 0.042971 0.135403 -0.010334
v 0.034271 0.127824 -0.005216
v 0.033486 0.130407 -0.009540
v 0.034541 0.126356 0.000000
v 0.034271 0.127824 -0.005216
v 0.034271 0.128104 0.005216
v 0.033486 0.129886 0.009540
v 0.032475 0.138784 0.008405
v 0.033486 0.129886 0.009540
v 0.042971 0.134410 0.010334
v 0.032475 0.149583 0.008469
v 0.032475 0.138784 0.008405
v -0.032846 0.138784 0.008405
v -0.032846 0.149583 0.008469
v -0.033857 0.129886 0.009540
v -0.032846 0.138784 0.008405
v -0.043342 0.134410 0.010334
v -0.034642 0.128104 0.005216
v -0.033857 0.129886 0.009540
v -0.034912 0.126356 0.000000
v -0.034642 0.128104 0.005216
v -0.034642 0.127824 -0.005216
v -0.033857 0.130407 -0.009540
v -0.034642 0.127824 -0.005216
v -0.032846 0.138784 -0.008405
v -0.033857 0.130407 -0.009540
v -0.043342 0.135403 -0.010334
v -0.029808 0.148361 -0.008469
v -0.032846 0.138784 -0.008405
v -0.033453 0.151468 -0.004673
v -0.029808 0.148361 -0.008469
v -0.033663 0.152363 0.000000
v -0.033453 0.151468 -0.004673
v -0.033079 0.151468 0.004673
v -0.033663 0.152363 0.000000
v -0.032846 0.149583 0.008469
v -0.033079 0.151468 0.004673
v 0.021263 0.147754 0.003914
v 0.020689 0.144902 0.007226
v 0.022030 0.148926 0.000000
v 0.021263 0.147754 0.003914
v 0.021687 0.147754 -0.003914
v 0.022030 0.148926 0.000000
v 0.020689 0.145231 -0.007226
v 0.021687 0.147754 -0.003914
v 0.023084 0.135066 -0.007193
v 0.020689 0.145231 -0.007226
v 0.024301 0.127549 -0.008607
v 0.023084 0.135066 -0.007193
v 0.023638 0.124387 -0.004629
v 0.024301 0.127549 -0.008607
v 0.024082 0.123008 0.000000
v 0.023638 0.124387 -0.004629
v 0.024451 0.124387 0.004629
v 0.024301 0.126721 0.008607
v 0.020689 0.135066 0.007193
v 0.024301 0.126721 0.008607
v 0.020689 0.144902 0.007226
v 0.020689 0.135066 0.007193
v -0.021060 0.135066 0.007193
v -0.021060 0.144902 0.007226
v -0.024672 0.126721 0.008607
v -0.021060 0.135066 0.007193
v -0.024822 0.124387 0.004629
v -0.024672 0.126721 0.008607
v -0.024453 0.123008 0.000000
v -0.024822 0.124387 0.004629
v -0.024009 0.124387 -0.004629
v -0.024672 0.127549 -0.008607
v -0.024009 0.124387 -0.004629
v -0.023455 0.135066 -0.007193
v -0.024672 0.127549 -0.008607
v -0.021060 0.145231 -0.007226
v -0.023455 0.135066 -0.007193
v -0.022058 0.147754 -0.003914
v -0.021060 0.145231 -0.007226
v -0.022401 0.148926 0.000000
v -0.022058 0.147754 -0.003914
v -0.021634 0.147754 0.003914
v -0.022401 0.148926 0.000000
v -0.021060 0.144902 0.007226
v -0.021634 0.147754 0.003914
vn -0.0000 -1.0000 -0.0000
vn -0.0000 1.0000 -0.0000
vn 0.7948 -0.5492 -0.2583
vn 0.6761 -0.5492 -0.4912
vn 0.7784 -0.3002 -0.5514
vn 0.8825 -0.3210 -0.3436
vn 0.4912 -0.5492 -0.6761
vn 0.5987 -0.3334 -0.7283
vn 0.2582 -0.5492 -0.7948
vn 0.2883 -0.3604 -0.8871
vn -0.0000 -0.5492 -0.8357
vn -0.0000 -0.3604 -0.9328
vn -0.2583 -0.5492 -0.7948
vn -0.2882 -0.3604 -0.8871
vn -0.4912 -0.5492 -0.6761
vn -0.5987 -0.3334 -0.7283
vn -0.6761 -0.5492 -0.4912
vn -0.7784 -0.3002 -0.5514
vn -0.7948 -0.5492 -0.2582
vn -0.8825 -0.3210 -0.3436
vn -0.8357 -0.5492 -0.0000
vn -0.9352 -0.3540 -0.0136
vn -0.7948 -0.5492 0.2583
vn -0.8777 -0.3334 0.3443
vn -0.6761 -0.5492 0.4912
vn -0.7705 -0.3049 0.5598
vn -0.4912 -0.5492 0.6761
vn -0.5987 -0.3334 0.7283
vn -0.2582 -0.5492 0.7948
vn -0.2883 -0.3604 0.8871
vn -0.0000 -0.5492 0.8357
vn -0.0000 -0.3604 0.9328
vn 0.2583 -0.5492 0.7948
vn 0.2882 -0.3604 0.8871
vn 0.4912 -0.5492 0.6761
vn 0.5987 -0.3334 0.7283
vn 0.6761 -0.5492 0.4912
vn 0.7705 -0.3049 0.5598
vn 0.7948 -0.5492 0.2582
vn 0.8777 -0.3334 0.3443
vn 0.8357 -0.5492 -0.0000
vn 0.9352 -0.3540 -0.0136
vn 0.7948 -0.5492 -0.2582
vn 0.9890 0.0007 -0.1476
vn 0.8878 0.0024 -0.4602
vn 0.7600 0.3926 -0.5179
vn 0.9371 0.2441 -0.2494
vn 0.7422 -0.0192 -0.6699
vn 0.5812 0.0352 -0.8130
vn 0.5242 0.1593 -0.8365
vn 0.6088 0.1758 -0.7736
vn 0.3087 0.0475 -0.9500
vn 0.3057 0.1467 -0.9408
vn -0.0000 0.0475 -0.9989
vn -0.0000 0.1467 -0.9892
vn -0.3087 0.0475 -0.9500
vn -0.3057 0.1467 -0.9408
vn -0.5812 0.0352 -0.8130
vn -0.5243 0.1593 -0.8365
vn -0.7422 -0.0192 -0.6700
vn -0.6088 0.1758 -0.7736
vn -0.8878 0.0024 -0.4602
vn -0.9891 0.0008 -0.1476
vn -0.9371 0.2441 -0.2494
vn -0.7600 0.3926 -0.5179
vn -1.0000 -0.0000 -0.0000
vn -0.9735 0.2289 -0.0000
vn -0.9913 -0.0084 0.1313
vn -0.9418 0.2483 0.2265
vn -0.9113 -0.0263 0.4110
vn -0.7901 0.4046 0.4605
vn -0.7319 -0.0178 0.6812
vn -0.5812 0.0352 0.8130
vn -0.5242 0.1593 0.8365
vn -0.6088 0.1758 0.7736
vn -0.3087 0.0475 0.9500
vn -0.3057 0.1467 0.9408
vn -0.0000 0.0475 0.9989
vn -0.0000 0.1467 0.9892
vn 0.3087 0.0475 0.9500
vn 0.3057 0.1467 0.9408
vn 0.5812 0.0352 0.8130
vn 0.5243 0.1593 0.8365
vn 0.7318 -0.0178 0.6812
vn 0.6088 0.1758 0.7736
vn 0.9113 -0.0263 0.4110
vn 0.9913 -0.0084 0.1313
vn 0.9418 0.2483 0.2265
vn 0.7901 0.4045 0.4605
vn 1.0000 -0.0000 -0.0000
vn 0.9735 0.2289 -0.0000
vn 0.9891 0.0008 -0.1475
vn 0.6985 0.4936 -0.5181
vn 0.8112 0.4900 -0.3192
vn 0.5897 -0.0000 -0.8076
vn 0.7767 -0.0000 -0.6299
vn 0.3090 -0.0000 -0.9511
vn -0.0000 -0.0000 -1.0000
vn -0.3090 -0.0000 -0.9511
vn -0.5897 -0.0000 -0.8076
vn -0.7767 -0.0000 -0.6299
vn -0.8112 0.4900 -0.3192
vn -0.6985 0.4936 -0.5181
vn -0.8869 0.4619 -0.0000
vn -0.8119 0.5118 0.2809
vn -0.7053 0.5431 0.4556
vn -0.5897 -0.0000 0.8076
vn -0.7767 -0.0000 0.6299
vn -0.3090 -0.0000 0.9511
vn -0.0000 -0.0000 1.0000
vn 0.3090 -0.0000 0.9511
vn 0.5896 -0.0000 0.8077
vn 0.7767 -0.0000 0.6299
vn 0.8118 0.5119 0.2809
vn 0.7053 0.5432 0.4555
vn 0.8869 0.4619 -0.0000
vn 0.8112 0.4900 -0.3191
vn 0.9406 -0.0000 -0.3394
vn 0.7943 -0.1798 -0.5803
vn 0.9162 -0.2013 -0.3466
vn 0.6089 -0.1897 -0.7702
vn 0.3028 -0.2002 -0.9318
vn -0.0000 -0.2002 -0.9798
vn -0.3028 -0.2002 -0.9318
vn -0.6090 -0.1897 -0.7702
vn -0.7943 -0.1798 -0.5803
vn -0.9407 -0.0000 -0.3393
vn -0.9162 -0.2013 -0.3465
vn -0.9757 -0.2190 -0.0000
vn -0.9407 -0.0000 0.3393
vn -0.9162 -0.2013 0.3465
vn -0.7943 -0.1798 0.5803
vn -0.6089 -0.1897 0.7702
vn -0.3028 -0.2002 0.9318
vn -0.0000 -0.2002 0.9798
vn 0.3028 -0.2002 0.9318
vn 0.6090 -0.1897 0.7702
vn 0.7943 -0.1798 0.5803
vn 0.9407 -0.0000 0.3393
vn 0.9162 -0.2013 0.3465
vn 0.9757 -0.2190 -0.0000
vn 0.9407 -0.0000 -0.3393
vn 0.9162 -0.2013 -0.3465
vn 0.7274 -0.1946 -0.6580
vn 0.5744 -0.1567 -0.8034
vn 0.5823 -0.0014 -0.8130
vn 0.8485 0.0009 -0.5292
vn 0.7490 -0.2310 -0.6210
vn 0.5994 -0.1821 -0.7794
vn 0.5806 0.0007 -0.8142
vn 0.7071 0.0007 -0.7071
vn 0.3042 -0.1752 -0.9364
vn 0.3090 0.0006 -0.9511
vn -0.0000 -0.1752 -0.9845
vn -0.0000 0.0006 -1.0000
vn -0.3043 -0.1752 -0.9363
vn -0.3090 0.0006 -0.9511
vn -0.5994 -0.1821 -0.7794
vn -0.5806 0.0007 -0.8142
vn -0.7490 -0.2310 -0.6210
vn -0.7071 0.0007 -0.7071
vn -0.5745 -0.1567 -0.8034
vn -0.7275 -0.1946 -0.6580
vn -0.8485 0.0009 -0.5292
vn -0.5823 -0.0014 -0.8130
vn -0.9673 -0.2538 -0.0000
vn -1.0000 0.0026 -0.0000
vn -0.7274 -0.1946 0.6580
vn -0.8485 0.0009 0.5292
vn -0.5744 -0.1567 0.8034
vn -0.5823 -0.0014 0.8130
vn -0.7490 -0.2310 0.6210
vn -0.5994 -0.1821 0.7794
vn -0.5806 0.0007 0.8142
vn -0.7072 0.0008 0.7070
vn -0.3041 -0.1752 0.9364
vn -0.3090 0.0006 0.9511
vn 0.0001 -0.1752 0.9845
vn -0.0000 0.0006 1.0000
vn 0.3043 -0.1752 0.9363
vn 0.3090 0.0006 0.9511
vn 0.5994 -0.1821 0.7794
vn 0.5807 0.0007 0.8141
vn 0.7490 -0.2310 0.6210
vn 0.7070 0.0008 0.7072
vn 0.5745 -0.1567 0.8034
vn 0.7275 -0.1946 0.6580
vn 0.8485 0.0009 0.5292
vn 0.5823 -0.0014 0.8130
vn 0.9673 -0.2538 -0.0000
vn 1.0000 0.0026 -0.0000
vn 0.7275 -0.1946 -0.6579
vn 0.8485 0.0009 -0.5291
vn 0.5778 0.1322 -0.8054
vn 0.7354 0.1655 -0.6572
vn 0.5929 0.0734 -0.8020
vn 0.7617 0.0956 -0.6408
vn 0.3082 0.0707 -0.9487
vn -0.0000 0.0707 -0.9975
vn -0.3082 0.0706 -0.9487
vn -0.5929 0.0734 -0.8020
vn -0.7617 0.0957 -0.6408
vn -0.7354 0.1655 -0.6571
vn -0.5778 0.1322 -0.8054
vn -0.9763 0.2162 -0.0000
vn -0.7354 0.1655 0.6571
vn -0.5778 0.1322 0.8054
vn -0.5929 0.0734 0.8020
vn -0.7617 0.0956 0.6408
vn -0.3082 0.0707 0.9487
vn -0.0000 0.0707 0.9975
vn 0.3082 0.0707 0.9487
vn 0.5929 0.0734 0.8020
vn 0.7617 0.0957 0.6408
vn 0.7354 0.1655 0.6571
vn 0.5778 0.1322 0.8054
vn 0.9763 0.2162 -0.0000
vn 0.7354 0.1655 -0.6571
vn 0.9108 0.1626 -0.3795
vn 0.7961 0.1780 -0.5784
vn 0.9091 0.1762 -0.3774
vn 0.5953 0.1868 -0.7815
vn 0.3031 0.1947 -0.9329
vn -0.0000 0.1946 -0.9809
vn -0.3031 0.1946 -0.9329
vn -0.5953 0.1868 -0.7815
vn -0.7961 0.1780 -0.5784
vn -0.9108 0.1626 -0.3795
vn -0.9091 0.1762 -0.3774
vn -0.9881 0.1537 -0.0000
vn -0.9844 0.1761 -0.0000
vn -0.9108 0.1626 0.3794
vn -0.9091 0.1762 0.3774
vn -0.7961 0.1780 0.5784
vn -0.5953 0.1868 0.7815
vn -0.3031 0.1947 0.9329
vn -0.0000 0.1946 0.9809
vn 0.3031 0.1947 0.9329
vn 0.5953 0.1868 0.7815
vn 0.7961 0.1780 0.5784
vn 0.9108 0.1626 0.3795
vn 0.9091 0.1762 0.3774
vn 0.9881 0.1537 -0.0000
vn 0.9844 0.1761 -0.0000
vn 0.9108 0.1626 -0.3794
vn 0.9092 0.1762 -0.3773
vn -0.8968 -0.2061 0.3916
vn -0.9733 -0.2286 -0.0234
vn -0.9014 -0.1940 -0.3872
vn 0.9014 -0.1940 -0.3872
vn 0.9014 -0.1940 -0.3871
vn 0.9732 -0.2286 -0.0234
vn 0.8968 -0.2061 0.3916
vn -0.0000 0.2640 0.9645
vn 0.2981 0.2640 0.9173
vn 0.2888 0.3560 0.8888
vn -0.0000 0.3560 0.9345
vn -0.2981 0.2640 0.9173
vn -0.2888 0.3560 0.8888
vn -0.5669 0.2640 0.7803
vn -0.5493 0.3560 0.7560
vn -0.7803 0.2640 0.5669
vn -0.7560 0.3560 0.5493
vn -0.8954 0.2750 0.3501
vn -0.8735 0.3667 0.3202
vn -0.9588 0.2841 -0.0000
vn -0.9228 0.3853 -0.0000
vn -0.8954 0.2750 -0.3501
vn -0.8735 0.3667 -0.3201
vn -0.7803 0.2640 -0.5669
vn -0.7560 0.3560 -0.5493
vn -0.5669 0.2640 -0.7803
vn -0.5493 0.3560 -0.7560
vn -0.2981 0.2640 -0.9173
vn -0.2888 0.3560 -0.8888
vn -0.0000 0.2640 -0.9645
vn -0.0000 0.3560 -0.9345
vn 0.2981 0.2640 -0.9173
vn 0.2888 0.3560 -0.8888
vn 0.5669 0.2640 -0.7803
vn 0.5493 0.3560 -0.7560
vn 0.7803 0.2640 -0.5669
vn 0.7560 0.3560 -0.5493
vn 0.8954 0.2750 -0.3501
vn 0.8735 0.3667 -0.3202
vn 0.9588 0.2841 -0.0000
vn 0.8735 0.3667 -0.3201
vn 0.9228 0.3853 -0.0000
vn 0.8954 0.2750 0.3501
vn 0.8735 0.3667 0.3201
vn 0.7803 0.2640 0.5669
vn 0.7560 0.3560 0.5493
vn 0.5669 0.2640 0.7803
vn 0.5493 0.3560 0.7560
vn 0.8433 -0.4019 0.3568
vn -0.8434 -0.4019 0.3566
vn -0.9056 -0.4240 -0.0000
vn -0.8435 -0.4019 -0.3564
vn 0.8434 -0.4019 -0.3567
vn 0.8434 -0.4019 -0.3565
vn 0.9056 -0.4240 -0.0000
vn -0.2213 -0.9562 -0.1917
vn -0.2342 -0.9066 -0.3510
vn -0.2114 -0.9169 -0.3385
vn -0.1869 -0.9712 -0.1477
vn -0.2610 -0.1020 -0.9599
vn -0.2610 0.0005 -0.9653
vn -0.2054 0.0002 -0.9787
vn -0.2158 -0.1483 -0.9651
vn -0.2342 -0.9066 0.3509
vn -0.2213 -0.9562 0.1916
vn -0.1867 -0.9714 0.1468
vn -0.2115 -0.9169 0.3384
vn -0.2610 0.0005 0.9653
vn -0.2610 -0.1020 0.9599
vn -0.2159 -0.1483 0.9651
vn -0.2054 0.0002 0.9787
vn -0.1925 -0.9813 0.0011
vn -0.1678 -0.9858 -0.0001
vn -0.2213 -0.9563 -0.1914
vn -0.1869 -0.9712 -0.1475
vn -0.2610 0.0006 -0.9653
vn -0.2588 0.0872 -0.9620
vn -0.2141 0.1283 -0.9683
vn -0.2297 0.9117 -0.3407
vn -0.2189 0.9582 -0.1845
vn -0.1870 0.9716 -0.1452
vn -0.2088 0.9200 -0.3317
vn -0.2189 0.9581 0.1846
vn -0.2297 0.9117 0.3407
vn -0.2088 0.9200 0.3316
vn -0.1870 0.9716 0.1453
vn -0.2589 0.0872 0.9620
vn -0.2141 0.1283 0.9683
vn -0.1940 0.9810 -0.0001
vn -0.2189 0.9582 0.1844
vn -0.1870 0.9716 0.1452
vn -0.1690 0.9856 -0.0000
vn -0.1939 0.9810 0.0001
vn -0.1870 0.9716 -0.1451
vn 0.2342 -0.9066 -0.3509
vn 0.2213 -0.9562 -0.1916
vn 0.1869 -0.9712 -0.1478
vn 0.2115 -0.9169 -0.3384
vn 0.2610 0.0005 -0.9653
vn 0.2610 -0.1020 -0.9599
vn 0.2159 -0.1483 -0.9651
vn 0.2054 0.0002 -0.9787
vn 0.2213 -0.9562 -0.1914
vn 0.1925 -0.9813 -0.0011
vn 0.1656 -0.9862 -0.0018
vn 0.1869 -0.9712 -0.1477
vn 0.2213 -0.9563 0.1914
vn 0.1869 -0.9712 0.1478
vn 0.2213 -0.9562 0.1917
vn 0.2342 -0.9066 0.3510
vn 0.2114 -0.9169 0.3385
vn 0.1869 -0.9712 0.1477
vn 0.2610 -0.1020 0.9599
vn 0.2610 0.0005 0.9653
vn 0.2054 0.0002 0.9787
vn 0.2158 -0.1483 0.9651
vn 0.2189 0.9581 -0.1846
vn 0.2297 0.9117 -0.3407
vn 0.2088 0.9200 -0.3316
vn 0.1870 0.9716 -0.1453
vn 0.2589 0.0872 -0.9620
vn 0.2141 0.1283 -0.9683
vn 0.1940 0.9810 0.0001
vn 0.2189 0.9582 -0.1844
vn 0.1870 0.9716 -0.1452
vn 0.1690 0.9856 -0.0000
vn 0.2189 0.9582 0.1845
vn 0.1690 0.9856 -0.0001
vn 0.1870 0.9716 0.1451
vn 0.2610 0.0006 0.9653
vn 0.2588 0.0872 0.9620
vn 0.2141 0.1283 0.9683
vn 0.2297 0.9117 0.3407
vn 0.1870 0.9716 0.1452
vn 0.2088 0.9200 0.3317
vn -0.1549 -0.1595 0.9750
vn -0.1309 -0.0000 0.9914
vn -0.3497 0.0054 0.9368
vn -0.3486 -0.1121 0.9306
vn -0.2244 -0.9115 0.3447
vn -0.0460 -0.8459 0.5314
vn -0.4377 -0.5325 0.7245
vn -0.6152 -0.6903 0.3808
vn -0.3570 -0.9341 -0.0000
vn -0.2244 -0.9116 0.3444
vn -0.6152 -0.6904 0.3806
vn -0.6715 -0.7410 0.0001
vn -0.2243 -0.9116 -0.3445
vn -0.6152 -0.6904 -0.3806
vn -0.0460 -0.8459 -0.5314
vn -0.2244 -0.9115 -0.3447
vn -0.6152 -0.6904 -0.3807
vn -0.4376 -0.5325 -0.7245
vn -0.1309 -0.0000 -0.9914
vn -0.1550 -0.1595 -0.9750
vn -0.3486 -0.1121 -0.9306
vn -0.3497 0.0054 -0.9368
vn -0.1548 0.1378 -0.9783
vn -0.3497 0.0054 -0.9369
vn -0.3473 0.0951 -0.9329
vn -0.2230 0.9121 -0.3441
vn -0.0449 0.8461 -0.5312
vn -0.4368 0.5333 -0.7244
vn -0.6144 0.6912 -0.3805
vn -0.3558 0.9346 -0.0001
vn -0.2230 0.9121 -0.3440
vn -0.6145 0.6912 -0.3803
vn -0.6708 0.7417 -0.0001
vn -0.2230 0.9121 0.3439
vn -0.3557 0.9346 -0.0000
vn -0.6708 0.7416 0.0002
vn -0.6145 0.6912 0.3803
vn -0.0448 0.8461 0.5311
vn -0.2230 0.9120 0.3442
vn -0.6144 0.6912 0.3805
vn -0.4368 0.5334 0.7244
vn -0.1548 0.1378 0.9783
vn -0.3473 0.0951 0.9329
vn 0.1548 0.1378 0.9783
vn 0.1309 -0.0000 0.9914
vn 0.3497 0.0054 0.9369
vn 0.3473 0.0951 0.9329
vn 0.2230 0.9121 0.3441
vn 0.0449 0.8461 0.5312
vn 0.4367 0.5334 0.7245
vn 0.6144 0.6912 0.3805
vn 0.3558 0.9346 0.0001
vn 0.2230 0.9121 0.3440
vn 0.6145 0.6912 0.3803
vn 0.6708 0.7417 0.0001
vn 0.2230 0.9121 -0.3439
vn 0.3558 0.9345 -0.0002
vn 0.6708 0.7416 -0.0000
vn 0.6145 0.6912 -0.3803
vn 0.0448 0.8461 -0.5311
vn 0.2230 0.9120 -0.3442
vn 0.6144 0.6912 -0.3805
vn 0.4368 0.5333 -0.7244
vn 0.1309 -0.0000 -0.9914
vn 0.1548 0.1378 -0.9783
vn 0.3473 0.0951 -0.9329
vn 0.3497 0.0054 -0.9368
vn 0.1549 -0.1595 -0.9750
vn 0.3485 -0.1121 -0.9306
vn 0.2244 -0.9115 -0.3447
vn 0.0460 -0.8459 -0.5314
vn 0.4378 -0.5324 -0.7245
vn 0.6152 -0.6903 -0.3808
vn 0.3570 -0.9341 -0.0000
vn 0.2244 -0.9116 -0.3444
vn 0.6152 -0.6904 -0.3806
vn 0.6716 -0.7409 -0.0000
vn 0.2244 -0.9115 0.3446
vn 0.6152 -0.6904 0.3807
vn 0.0460 -0.8459 0.5314
vn 0.4376 -0.5325 0.7245
vn 0.1550 -0.1595 0.9750
vn 0.3486 -0.1121 0.9306
vn 0.3497 0.0054 0.9368
vn 0.0608 -0.1958 0.9788
vn 0.0559 0.0006 0.9984
vn 0.0839 -0.9724 0.2178
vn 0.1132 -0.9182 0.3796
vn 0.0853 -0.9964 -0.0002
vn 0.0839 -0.9724 -0.2177
vn 0.1132 -0.9182 -0.3796
vn 0.0839 -0.9724 -0.2178
vn 0.0560 0.0006 -0.9984
vn 0.0608 -0.1957 -0.9788
vn 0.0595 0.1709 -0.9835
vn 0.0559 0.0006 -0.9984
vn 0.0852 0.9724 -0.2174
vn 0.1145 0.9182 -0.3792
vn 0.0860 0.9963 -0.0000
vn 0.0852 0.9724 0.2173
vn 0.1146 0.9182 0.3792
vn 0.0852 0.9723 0.2175
vn 0.0560 0.0006 0.9984
vn 0.0595 0.1709 0.9835
vn -0.0595 0.1709 0.9835
vn -0.0559 0.0006 0.9984
vn -0.0852 0.9724 0.2174
vn -0.1145 0.9182 0.3792
vn -0.0860 0.9963 -0.0000
vn -0.0852 0.9724 -0.2173
vn -0.1146 0.9182 -0.3792
vn -0.0852 0.9723 -0.2175
vn -0.0560 0.0006 -0.9984
vn -0.0595 0.1709 -0.9835
vn -0.0608 -0.1958 -0.9788
vn -0.0559 0.0006 -0.9984
vn -0.0839 -0.9724 -0.2178
vn -0.1132 -0.9182 -0.3796
vn -0.0853 -0.9964 0.0002
vn -0.0839 -0.9724 0.2177
vn -0.1132 -0.9182 0.3796
vn -0.0560 0.0006 0.9984
vn -0.0608 -0.1957 0.9788
vn 0.1290 -0.7968 -0.5904
vn 0.0878 -0.6700 -0.7371
vn 0.1252 -0.6954 -0.7076
vn 0.1935 -0.8270 -0.5279
vn -0.1246 0.2071 -0.9704
vn -0.0992 0.0534 -0.9936
vn -0.1046 0.0741 -0.9917
vn -0.1233 0.1888 -0.9742
vn 0.1079 -0.6434 0.7579
vn 0.1822 -0.7926 0.5819
vn 0.2166 -0.8488 0.4822
vn 0.1353 -0.7135 0.6874
vn -0.1103 0.0558 0.9923
vn -0.1254 0.1852 0.9747
vn -0.1188 0.1455 0.9822
vn -0.1129 0.0796 0.9904
vn 0.2495 -0.9668 -0.0557
vn 0.2906 -0.9565 -0.0258
vn 0.1290 -0.7969 -0.5902
vn 0.1936 -0.8271 -0.5277
vn -0.0994 0.0534 -0.9936
vn -0.0883 -0.0090 -0.9961
vn -0.0888 -0.0135 -0.9960
vn -0.3289 0.6007 -0.7286
vn -0.3503 0.7438 -0.5692
vn -0.3581 0.8096 -0.4651
vn -0.3438 0.6579 -0.6700
vn -0.3717 0.7450 0.5540
vn -0.3519 0.5989 0.7194
vn -0.3404 0.6512 0.6782
vn -0.3570 0.8054 0.4732
vn -0.1032 -0.0009 0.9947
vn -0.1128 0.0796 0.9904
vn -0.1029 -0.0019 0.9947
vn -0.3565 0.9341 -0.0158
vn -0.3717 0.7451 0.5538
vn -0.3570 0.8055 0.4730
vn -0.3532 0.9354 -0.0163
vn -0.3504 0.7440 -0.5690
vn -0.3565 0.9341 -0.0160
vn -0.3532 0.9354 -0.0165
vn -0.3581 0.8097 -0.4650
vn -0.0877 -0.6700 -0.7372
vn -0.1290 -0.7968 -0.5903
vn -0.1936 -0.8270 -0.5278
vn -0.1252 -0.6954 -0.7076
vn 0.0992 0.0534 -0.9936
vn 0.1245 0.2071 -0.9704
vn 0.1233 0.1888 -0.9742
vn 0.1046 0.0741 -0.9918
vn -0.1290 -0.7969 -0.5902
vn -0.2496 -0.9667 -0.0557
vn -0.2902 -0.9566 -0.0257
vn -0.1822 -0.7927 0.5818
vn -0.2166 -0.8488 0.4822
vn -0.1821 -0.7925 0.5820
vn -0.1079 -0.6434 0.7579
vn -0.1353 -0.7135 0.6875
vn 0.1254 0.1852 0.9747
vn 0.1103 0.0558 0.9923
vn 0.1128 0.0796 0.9904
vn 0.1189 0.1455 0.9822
vn 0.3504 0.7438 -0.5692
vn 0.3290 0.6007 -0.7286
vn 0.3438 0.6579 -0.6700
vn 0.3581 0.8096 -0.4651
vn 0.0883 -0.0090 -0.9961
vn 0.1046 0.0741 -0.9917
vn 0.0888 -0.0135 -0.9960
vn 0.3565 0.9342 -0.0159
vn 0.3504 0.7439 -0.5690
vn 0.3581 0.8097 -0.4650
vn 0.3532 0.9354 -0.0165
vn 0.3717 0.7450 0.5539
vn 0.3565 0.9341 -0.0159
vn 0.3532 0.9354 -0.0164
vn 0.3570 0.8055 0.4731
vn 0.1032 -0.0009 0.9947
vn 0.1029 -0.0019 0.9947
vn 0.3519 0.5989 0.7194
vn 0.3716 0.7449 0.5541
vn 0.3570 0.8054 0.4731
vn 0.3404 0.6512 0.6783
vn -0.0327 0.9563 0.2907
vn -0.0579 0.8901 0.4520
vn 0.0931 0.8813 0.4632
vn 0.1249 0.9636 0.2362
vn -0.0128 0.9999 -0.0004
vn -0.0326 0.9563 0.2907
vn 0.1249 0.9637 0.2361
vn 0.1378 0.9905 0.0001
vn -0.0530 0.9502 -0.3071
vn -0.0127 0.9999 -0.0006
vn 0.1378 0.9905 -0.0000
vn 0.1249 0.9637 -0.2360
vn -0.0981 0.8831 -0.4588
vn -0.0531 0.9501 -0.3073
vn 0.1250 0.9636 -0.2362
vn 0.0939 0.8815 -0.4628
vn -0.1231 0.0291 -0.9920
vn -0.1692 0.1235 -0.9778
vn 0.0891 0.2439 -0.9657
vn 0.2067 -0.0642 -0.9763
vn 0.2327 -0.1403 -0.9624
vn -0.1232 0.0291 -0.9920
vn 0.2068 -0.0643 -0.9763
vn 0.4240 -0.8211 -0.3821
vn 0.3686 -0.7480 -0.5519
vn 0.4106 -0.7190 -0.5608
vn 0.4847 -0.8171 -0.3122
vn 0.4655 -0.8850 0.0060
vn 0.4240 -0.8212 -0.3819
vn 0.4847 -0.8171 -0.3121
vn 0.5166 -0.8562 -0.0000
vn 0.4317 -0.8375 0.3349
vn 0.5005 -0.8177 0.2844
vn 0.3967 -0.7985 0.4528
vn 0.4643 -0.7354 0.4935
vn -0.0252 0.0501 0.9984
vn 0.3058 -0.1758 0.9357
vn 0.3058 -0.1757 0.9357
vn 0.2633 -0.0767 0.9617
vn -0.2392 0.0871 0.9671
vn 0.0903 0.2745 0.9573
vn 0.0252 0.0501 0.9984
vn 0.2393 0.0871 0.9670
vn -0.0903 0.2746 0.9573
vn -0.2633 -0.0767 0.9617
vn -0.3058 -0.1757 0.9357
vn -0.3058 -0.1758 0.9357
vn -0.4317 -0.8375 0.3349
vn -0.3966 -0.7986 0.4527
vn -0.4642 -0.7354 0.4936
vn -0.5005 -0.8177 0.2844
vn -0.4655 -0.8851 0.0059
vn -0.4317 -0.8375 0.3350
vn -0.5005 -0.8177 0.2843
vn -0.5166 -0.8562 -0.0000
vn -0.4240 -0.8212 -0.3819
vn -0.4847 -0.8171 -0.3121
vn -0.3686 -0.7480 -0.5519
vn -0.4240 -0.8212 -0.3820
vn -0.4848 -0.8171 -0.3121
vn -0.4106 -0.7190 -0.5607
vn 0.1232 0.0291 -0.9920
vn -0.2327 -0.1403 -0.9624
vn -0.2067 -0.0643 -0.9763
vn 0.1692 0.1235 -0.9778
vn 0.1232 0.0290 -0.9920
vn -0.2068 -0.0642 -0.9763
vn -0.0891 0.2439 -0.9657
vn 0.0530 0.9502 -0.3072
vn 0.0980 0.8831 -0.4588
vn -0.0941 0.8817 -0.4622
vn -0.1249 0.9636 -0.2362
vn 0.0128 0.9999 -0.0006
vn 0.0531 0.9502 -0.3071
vn -0.1249 0.9637 -0.2361
vn -0.1378 0.9905 -0.0001
vn 0.0327 0.9563 0.2905
vn 0.0127 0.9999 -0.0005
vn -0.1378 0.9905 -0.0000
vn -0.1249 0.9637 0.2360
vn 0.0582 0.8901 0.4521
vn 0.0326 0.9563 0.2906
vn -0.1250 0.9636 0.2362
vn -0.0937 0.8817 0.4625
vn -0.2864 0.9021 0.3228
vn -0.2913 0.8320 0.4722
vn -0.2750 0.9614 -0.0101
vn -0.2864 0.9021 0.3227
vn -0.2769 0.9071 -0.3170
vn -0.3082 0.8405 -0.4455
vn -0.2144 0.0512 -0.9754
vn -0.1489 -0.0211 -0.9886
vn -0.1919 -0.0077 -0.9814
vn -0.2087 -0.0924 -0.9736
vn 0.3219 -0.8524 -0.4121
vn 0.2776 -0.7852 -0.5536
vn 0.3657 -0.9307 0.0035
vn 0.3219 -0.8525 -0.4119
vn 0.3372 -0.8719 0.3552
vn 0.3121 -0.8423 0.4394
vn -0.1657 0.0406 0.9853
vn -0.1743 0.0167 0.9845
vn -0.1985 -0.0445 0.9791
vn -0.1818 0.0231 0.9831
vn 0.1657 0.0406 0.9853
vn 0.1818 0.0231 0.9831
vn 0.1744 0.0167 0.9845
vn 0.0253 0.0501 0.9984
vn 0.1985 -0.0445 0.9791
vn -0.3372 -0.8719 0.3552
vn -0.3121 -0.8424 0.4394
vn -0.3657 -0.9307 0.0037
vn -0.3372 -0.8719 0.3551
vn -0.3219 -0.8525 -0.4119
vn -0.2776 -0.7851 -0.5537
vn -0.3218 -0.8524 -0.4120
vn 0.2144 0.0512 -0.9754
vn 0.1919 -0.0077 -0.9814
vn 0.2087 -0.0924 -0.9736
vn 0.1489 -0.0211 -0.9886
vn 0.2769 0.9071 -0.3170
vn 0.3081 0.8406 -0.4455
vn 0.2750 0.9614 -0.0102
vn 0.2769 0.9072 -0.3168
vn 0.2864 0.9021 0.3227
vn 0.2750 0.9614 -0.0101
vn 0.2913 0.8319 0.4723
vn -0.3316 0.8638 0.3792
vn -0.3313 0.7645 0.5530
vn -0.3203 0.9472 -0.0137
vn -0.3316 0.8639 0.3791
vn -0.3316 0.8733 -0.3569
vn -0.3203 0.9472 -0.0138
vn -0.3437 0.7870 -0.5124
vn -0.3316 0.8733 -0.3570
vn -0.1242 0.0483 -0.9911
vn -0.0986 -0.0259 -0.9948
vn -0.1504 0.1471 -0.9776
vn 0.2462 -0.8547 -0.4571
vn 0.1949 -0.7748 -0.6014
vn 0.3110 -0.9503 -0.0113
vn 0.2462 -0.8547 -0.4570
vn 0.2681 -0.8783 0.3958
vn 0.2259 -0.8234 0.5205
vn -0.1111 0.0551 0.9923
vn -0.1343 0.1124 0.9845
vn -0.1022 -0.0039 0.9948
vn 0.1111 0.0551 0.9923
vn 0.1022 -0.0040 0.9948
vn 0.1343 0.1124 0.9845
vn -0.2681 -0.8783 0.3958
vn -0.2257 -0.8234 0.5207
vn -0.3110 -0.9503 -0.0113
vn -0.2462 -0.8548 -0.4569
vn -0.1949 -0.7748 -0.6015
vn -0.2462 -0.8547 -0.4570
vn 0.1242 0.0483 -0.9911
vn 0.1504 0.1471 -0.9776
vn 0.0986 -0.0259 -0.9948
vn 0.3316 0.8733 -0.3570
vn 0.3437 0.7870 -0.5123
vn 0.3203 0.9472 -0.0138
vn 0.3316 0.8733 -0.3569
vn 0.3316 0.8639 0.3790
vn 0.3203 0.9472 -0.0137
vn 0.3313 0.7646 0.5529
vn 0.3316 0.8638 0.3792
vt 0.626409 0.935592
vt 0.648603 0.892034
vt 0.500000 0.850000
vt 0.591842 0.970159
vt 0.548284 0.992353
vt 0.500000 1.000000
vt 0.451716 0.992353
vt 0.408159 0.970159
vt 0.373591 0.935591
vt 0.351397 0.892034
vt 0.343750 0.843750
vt 0.351397 0.795466
vt 0.373591 0.751909
vt 0.408159 0.717341
vt 0.451716 0.695147
vt 0.500000 0.687500
vt 0.548284 0.695147
vt 0.591841 0.717341
vt 0.626409 0.751909
vt 0.648603 0.795466
vt 0.656250 0.843750
vt 0.648603 0.107966
vt 0.626409 0.064409
vt 0.500000 0.162500
vt 0.591841 0.029841
vt 0.548284 0.007647
vt 0.500000 0.000000
vt 0.451716 0.007647
vt 0.408159 0.029841
vt 0.373591 0.064409
vt 0.351397 0.107966
vt 0.343750 0.156250
vt 0.351397 0.204534
vt 0.373591 0.248091
vt 0.408159 0.282659
vt 0.451716 0.304853
vt 0.500000 0.312500
vt 0.548284 0.304853
vt 0.591842 0.282659
vt 0.626409 0.248092
vt 0.648603 0.204534
vt 0.656250 0.156250
vt 0.375000 0.687500
vt 0.387500 0.687500
vt 0.387500 0.662596
vt 0.375000 0.662596
vt 0.400000 0.687500
vt 0.400000 0.662596
vt 0.412500 0.687500
vt 0.412500 0.662596
vt 0.425000 0.687500
vt 0.425000 0.662596
vt 0.437500 0.687500
vt 0.437500 0.662596
vt 0.450000 0.687500
vt 0.450000 0.662596
vt 0.462500 0.687500
vt 0.462500 0.662596
vt 0.475000 0.687500
vt 0.475000 0.662596
vt 0.487500 0.687500
vt 0.487500 0.662596
vt 0.500000 0.687500
vt 0.500000 0.662596
vt 0.512500 0.687500
vt 0.512500 0.662596
vt 0.525000 0.687500
vt 0.525000 0.662596
vt 0.537500 0.687500
vt 0.537500 0.662596
vt 0.550000 0.687500
vt 0.550000 0.662596
vt 0.562500 0.687500
vt 0.562500 0.662596
vt 0.575000 0.687500
vt 0.575000 0.662596
vt 0.587500 0.687500
vt 0.587500 0.662596
vt 0.600000 0.687500
vt 0.600000 0.662596
vt 0.612500 0.687500
vt 0.612500 0.662596
vt 0.625000 0.687500
vt 0.625000 0.662596
vt 0.375000 0.633794
vt 0.387500 0.633794
vt 0.387500 0.580089
vt 0.375000 0.580089
vt 0.400000 0.633794
vt 0.400000 0.580089
vt 0.412500 0.633794
vt 0.412500 0.580089
vt 0.425000 0.633794
vt 0.425000 0.580089
vt 0.437500 0.633794
vt 0.437500 0.580089
vt 0.450000 0.633794
vt 0.450000 0.580089
vt 0.462500 0.633794
vt 0.462500 0.580089
vt 0.475000 0.633794
vt 0.475000 0.580089
vt 0.487500 0.633794
vt 0.487500 0.580089
vt 0.500000 0.633794
vt 0.500000 0.580089
vt 0.512500 0.633794
vt 0.512500 0.580089
vt 0.525000 0.633794
vt 0.525000 0.580089
vt 0.537500 0.633794
vt 0.537500 0.580089
vt 0.550000 0.633794
vt 0.550000 0.580089
vt 0.562500 0.633794
vt 0.562500 0.580089
vt 0.575000 0.633794
vt 0.575000 0.580089
vt 0.587500 0.633794
vt 0.587500 0.580089
vt 0.600000 0.633794
vt 0.600000 0.580089
vt 0.612500 0.633794
vt 0.612500 0.580089
vt 0.625000 0.633794
vt 0.625000 0.580089
vt 0.387500 0.526383
vt 0.375000 0.526383
vt 0.400000 0.526383
vt 0.412500 0.526383
vt 0.425000 0.526383
vt 0.437500 0.526383
vt 0.450000 0.526383
vt 0.462500 0.526383
vt 0.475000 0.526383
vt 0.487500 0.526383
vt 0.500000 0.526383
vt 0.512500 0.526383
vt 0.525000 0.526383
vt 0.537500 0.526383
vt 0.550000 0.526383
vt 0.562500 0.526383
vt 0.575000 0.526383
vt 0.587500 0.526383
vt 0.600000 0.526383
vt 0.612500 0.526383
vt 0.625000 0.526383
vt 0.387500 0.492680
vt 0.375000 0.492680
vt 0.400000 0.492680
vt 0.412500 0.492680
vt 0.425000 0.492680
vt 0.437500 0.492680
vt 0.450000 0.492680
vt 0.462500 0.492680
vt 0.475000 0.492680
vt 0.487500 0.492680
vt 0.500000 0.492680
vt 0.512500 0.492680
vt 0.525000 0.492680
vt 0.537500 0.492680
vt 0.550000 0.492680
vt 0.562500 0.492680
vt 0.575000 0.492680
vt 0.587500 0.492680
vt 0.600000 0.492680
vt 0.612500 0.492680
vt 0.625000 0.492680
vt 0.375000 0.472677
vt 0.387500 0.472677
vt 0.387500 0.418972
vt 0.375000 0.418972
vt 0.400000 0.472677
vt 0.400000 0.418972
vt 0.412500 0.472677
vt 0.412500 0.418972
vt 0.425000 0.472677
vt 0.425000 0.418972
vt 0.437500 0.472677
vt 0.437500 0.418972
vt 0.450000 0.472677
vt 0.450000 0.418972
vt 0.462500 0.472677
vt 0.462500 0.418972
vt 0.475000 0.472677
vt 0.475000 0.418972
vt 0.487500 0.472677
vt 0.487500 0.418972
vt 0.500000 0.472677
vt 0.500000 0.418972
vt 0.512500 0.472677
vt 0.512500 0.418972
vt 0.525000 0.472677
vt 0.525000 0.418972
vt 0.537500 0.472677
vt 0.537500 0.418972
vt 0.550000 0.472677
vt 0.550000 0.418972
vt 0.562500 0.472677
vt 0.562500 0.418972
vt 0.575000 0.472677
vt 0.575000 0.418972
vt 0.587500 0.472677
vt 0.587500 0.418972
vt 0.600000 0.472677
vt 0.600000 0.418972
vt 0.612500 0.472677
vt 0.612500 0.418972
vt 0.625000 0.472677
vt 0.625000 0.418972
vt 0.387500 0.365266
vt 0.375000 0.365266
vt 0.400000 0.365266
vt 0.412500 0.365266
vt 0.425000 0.365266
vt 0.437500 0.365266
vt 0.450000 0.365266
vt 0.462500 0.365266
vt 0.475000 0.365266
vt 0.487500 0.365266
vt 0.500000 0.365266
vt 0.512500 0.365266
vt 0.525000 0.365266
vt 0.537500 0.365266
vt 0.550000 0.365266
vt 0.562500 0.365266
vt 0.575000 0.365266
vt 0.587500 0.365266
vt 0.600000 0.365266
vt 0.612500 0.365266
vt 0.625000 0.365266
vt 0.387500 0.347033
vt 0.375000 0.347033
vt 0.400000 0.347033
vt 0.412500 0.347033
vt 0.425000 0.347033
vt 0.437500 0.347033
vt 0.450000 0.347033
vt 0.462500 0.347033
vt 0.475000 0.347033
vt 0.487500 0.347033
vt 0.500000 0.347033
vt 0.512500 0.347033
vt 0.525000 0.347033
vt 0.537500 0.347033
vt 0.550000 0.347033
vt 0.562500 0.347033
vt 0.575000 0.347033
vt 0.587500 0.347033
vt 0.600000 0.347033
vt 0.612500 0.347033
vt 0.625000 0.347033
vt 0.550000 0.330127
vt 0.562500 0.330127
vt 0.562500 0.311560
vt 0.550000 0.311560
vt 0.537500 0.330127
vt 0.537500 0.311560
vt 0.525000 0.330127
vt 0.525000 0.311560
vt 0.512500 0.330127
vt 0.512500 0.311560
vt 0.500000 0.330127
vt 0.500000 0.311560
vt 0.487500 0.330127
vt 0.487500 0.311560
vt 0.475000 0.330127
vt 0.475000 0.311560
vt 0.462500 0.330127
vt 0.462500 0.311560
vt 0.450000 0.330127
vt 0.450000 0.311560
vt 0.437500 0.330127
vt 0.437500 0.311560
vt 0.425000 0.330127
vt 0.425000 0.311560
vt 0.412500 0.330127
vt 0.412500 0.311560
vt 0.400000 0.330127
vt 0.400000 0.311560
vt 0.387500 0.330127
vt 0.387500 0.311560
vt 0.375000 0.330127
vt 0.375000 0.311560
vt 0.612500 0.330127
vt 0.625000 0.330127
vt 0.625000 0.311560
vt 0.612500 0.311560
vt 0.600000 0.330127
vt 0.600000 0.311560
vt 0.587500 0.330127
vt 0.587500 0.311560
vt 0.575000 0.330127
vt 0.575000 0.311560
vt 0.612500 0.633794
vt 0.612500 0.526383
s 0
usemtl lambert2
f 3217/2790/2890 3218/2791/2890 3219/2792/2890
f 3220/2793/2890 3217/2790/2890 3219/2792/2890
f 3221/2794/2890 3220/2793/2890 3219/2792/2890
f 3222/2795/2890 3221/2794/2890 3219/2792/2890
f 3223/2796/2890 3222/2795/2890 3219/2792/2890
f 3224/2797/2890 3223/2796/2890 3219/2792/2890
f 3225/2798/2890 3224/2797/2890 3219/2792/2890
f 3226/2799/2890 3225/2798/2890 3219/2792/2890
f 3227/2800/2890 3226/2799/2890 3219/2792/2890
f 3228/2801/2890 3227/2800/2890 3219/2792/2890
f 3229/2802/2890 3228/2801/2890 3219/2792/2890
f 3230/2803/2890 3229/2802/2890 3219/2792/2890
f 3231/2804/2890 3230/2803/2890 3219/2792/2890
f 3232/2805/2890 3231/2804/2890 3219/2792/2890
f 3233/2806/2890 3232/2805/2890 3219/2792/2890
f 3234/2807/2890 3233/2806/2890 3219/2792/2890
f 3235/2808/2890 3234/2807/2890 3219/2792/2890
f 3236/2809/2890 3235/2808/2890 3219/2792/2890
f 3237/2810/2890 3236/2809/2890 3219/2792/2890
f 3218/2791/2890 3237/2810/2890 3219/2792/2890
f 3238/2811/2891 3239/2812/2891 3240/2813/2891
f 3239/2812/2891 3241/2814/2891 3240/2813/2891
f 3241/2814/2891 3242/2815/2891 3240/2813/2891
f 3242/2815/2891 3243/2816/2891 3240/2813/2891
f 3243/2816/2891 3244/2817/2891 3240/2813/2891
f 3244/2817/2891 3245/2818/2891 3240/2813/2891
f 3245/2818/2891 3246/2819/2891 3240/2813/2891
f 3246/2819/2891 3247/2820/2891 3240/2813/2891
f 3247/2820/2891 3248/2821/2891 3240/2813/2891
f 3248/2821/2891 3249/2822/2891 3240/2813/2891
f 3249/2822/2891 3250/2823/2891 3240/2813/2891
f 3250/2823/2891 3251/2824/2891 3240/2813/2891
f 3251/2824/2891 3252/2825/2891 3240/2813/2891
f 3252/2825/2891 3253/2826/2891 3240/2813/2891
f 3253/2826/2891 3254/2827/2891 3240/2813/2891
f 3254/2827/2891 3255/2828/2891 3240/2813/2891
f 3255/2828/2891 3256/2829/2891 3240/2813/2891
f 3256/2829/2891 3257/2830/2891 3240/2813/2891
f 3257/2830/2891 3258/2831/2891 3240/2813/2891
f 3258/2831/2891 3238/2811/2891 3240/2813/2891
s 1
f 3259/2832/2892 3260/2833/2893 3261/2834/2894
f 3259/2832/2892 3261/2834/2894 3262/2835/2895
f 3260/2833/2893 3263/2836/2896 3264/2837/2897
f 3260/2833/2893 3264/2837/2897 3261/2834/2894
f 3263/2836/2896 3265/2838/2898 3266/2839/2899
f 3263/2836/2896 3266/2839/2899 3264/2837/2897
f 3265/2838/2898 3267/2840/2900 3268/2841/2901
f 3265/2838/2898 3268/2841/2901 3266/2839/2899
f 3267/2840/2900 3269/2842/2902 3270/2843/2903
f 3267/2840/2900 3270/2843/2903 3268/2841/2901
f 3269/2842/2902 3271/2844/2904 3272/2845/2905
f 3269/2842/2902 3272/2845/2905 3270/2843/2903
f 3271/2844/2904 3273/2846/2906 3274/2847/2907
f 3271/2844/2904 3274/2847/2907 3272/2845/2905
f 3273/2846/2906 3275/2848/2908 3276/2849/2909
f 3273/2846/2906 3276/2849/2909 3274/2847/2907
f 3275/2848/2908 3277/2850/2910 3278/2851/2911
f 3275/2848/2908 3278/2851/2911 3276/2849/2909
f 3277/2850/2910 3279/2852/2912 3280/2853/2913
f 3277/2850/2910 3280/2853/2913 3278/2851/2911
f 3279/2852/2912 3281/2854/2914 3282/2855/2915
f 3279/2852/2912 3282/2855/2915 3280/2853/2913
f 3281/2854/2914 3283/2856/2916 3284/2857/2917
f 3281/2854/2914 3284/2857/2917 3282/2855/2915
f 3283/2856/2916 3285/2858/2918 3286/2859/2919
f 3283/2856/2916 3286/2859/2919 3284/2857/2917
f 3285/2858/2918 3287/2860/2920 3288/2861/2921
f 3285/2858/2918 3288/2861/2921 3286/2859/2919
f 3287/2860/2920 3289/2862/2922 3290/2863/2923
f 3287/2860/2920 3290/2863/2923 3288/2861/2921
f 3289/2862/2922 3291/2864/2924 3292/2865/2925
f 3289/2862/2922 3292/2865/2925 3290/2863/2923
f 3291/2864/2924 3293/2866/2926 3294/2867/2927
f 3291/2864/2924 3294/2867/2927 3292/2865/2925
f 3293/2866/2926 3295/2868/2928 3296/2869/2929
f 3293/2866/2926 3296/2869/2929 3294/2867/2927
f 3295/2868/2928 3297/2870/2930 3298/2871/2931
f 3295/2868/2928 3298/2871/2931 3296/2869/2929
f 3297/2870/2930 3299/2872/2932 3300/2873/2895
f 3297/2870/2930 3300/2873/2895 3298/2871/2931
f 3301/2874/2933 3302/2875/2934 3303/2876/2935
f 3301/2874/2933 3303/2876/2935 3304/2877/2936
f 3305/2875/2937 3306/2878/2938 3307/2879/2939
f 3305/2875/2937 3307/2879/2939 3308/2876/2940
f 3306/2878/2938 3309/2880/2941 3310/2881/2942
f 3306/2878/2938 3310/2881/2942 3307/2879/2939
f 3309/2880/2941 3311/2882/2943 3312/2883/2944
f 3309/2880/2941 3312/2883/2944 3310/2881/2942
f 3311/2882/2943 3313/2884/2945 3314/2885/2946
f 3311/2882/2943 3314/2885/2946 3312/2883/2944
f 3313/2884/2945 3315/2886/2947 3316/2887/2948
f 3313/2884/2945 3316/2887/2948 3314/2885/2946
f 3315/2886/2947 3317/2888/2949 3318/2889/2950
f 3315/2886/2947 3318/2889/2950 3316/2887/2948
f 3319/2888/2951 3320/2890/2952 3321/2891/2953
f 3319/2888/2951 3321/2891/2953 3322/2889/2954
f 3320/2890/2952 3323/2892/2955 3324/2893/2956
f 3320/2890/2952 3324/2893/2956 3321/2891/2953
f 3323/2892/2955 3325/2894/2957 3326/2895/2958
f 3323/2892/2955 3326/2895/2958 3324/2893/2956
f 3325/2894/2957 3327/2896/2959 3328/2897/2960
f 3325/2894/2957 3328/2897/2960 3326/2895/2958
f 3329/2896/2961 3330/2898/2962 3331/2899/2963
f 3329/2896/2961 3331/2899/2963 3332/2897/2964
f 3330/2898/2962 3333/2900/2965 3334/2901/2966
f 3330/2898/2962 3334/2901/2966 3331/2899/2963
f 3333/2900/2965 3335/2902/2967 3336/2903/2968
f 3333/2900/2965 3336/2903/2968 3334/2901/2966
f 3335/2902/2967 3337/2904/2969 3338/2905/2970
f 3335/2902/2967 3338/2905/2970 3336/2903/2968
f 3337/2904/2969 3339/2906/2971 3340/2907/2972
f 3337/2904/2969 3340/2907/2972 3338/2905/2970
f 3339/2906/2971 3341/2908/2973 3342/2909/2974
f 3339/2906/2971 3342/2909/2974 3340/2907/2972
f 3343/2908/2975 3344/2910/2976 3345/2911/2977
f 3343/2908/2975 3345/2911/2977 3346/2909/2978
f 3344/2910/2976 3347/2912/2979 3348/2913/2980
f 3344/2910/2976 3348/2913/2980 3345/2911/2977
f 3347/2912/2979 3349/2914/2981 3350/2915/2936
f 3347/2912/2979 3350/2915/2936 3348/2913/2980
f 3304/2877/2936 3303/2876/2935 3351/2916/2982
f 3304/2877/2936 3351/2916/2982 3352/2917/2983
f 3308/2876/2940 3307/2879/2939 3353/2918/2984
f 3308/2876/2940 3353/2918/2984 3354/2916/2985
f 3307/2879/2939 3310/2881/2942 3355/2919/2986
f 3307/2879/2939 3355/2919/2986 3353/2918/2984
f 3310/2881/2942 3312/2883/2944 3356/2920/2987
f 3310/2881/2942 3356/2920/2987 3355/2919/2986
f 3312/2883/2944 3314/2885/2946 3357/2921/2988
f 3312/2883/2944 3357/2921/2988 3356/2920/2987
f 3314/2885/2946 3316/2887/2948 3358/2922/2989
f 3314/2885/2946 3358/2922/2989 3357/2921/2988
f 3316/2887/2948 3318/2889/2950 3359/2923/2990
f 3316/2887/2948 3359/2923/2990 3358/2922/2989
f 3322/2889/2954 3321/2891/2953 3360/2924/2991
f 3322/2889/2954 3360/2924/2991 3361/2923/2992
f 3321/2891/2953 3324/2893/2956 3362/2925/2993
f 3321/2891/2953 3362/2925/2993 3360/2924/2991
f 3324/2893/2956 3326/2895/2958 3363/2926/2994
f 3324/2893/2956 3363/2926/2994 3362/2925/2993
f 3326/2895/2958 3328/2897/2960 3364/2927/2995
f 3326/2895/2958 3364/2927/2995 3363/2926/2994
f 3332/2897/2964 3331/2899/2963 3365/2928/2996
f 3332/2897/2964 3365/2928/2996 3366/2927/2997
f 3331/2899/2963 3334/2901/2966 3367/2929/2998
f 3331/2899/2963 3367/2929/2998 3365/2928/2996
f 3334/2901/2966 3336/2903/2968 3368/2930/2999
f 3334/2901/2966 3368/2930/2999 3367/2929/2998
f 3336/2903/2968 3338/2905/2970 3369/2931/3000
f 3336/2903/2968 3369/2931/3000 3368/2930/2999
f 3338/2905/2970 3340/2907/2972 3370/2932/3001
f 3338/2905/2970 3370/2932/3001 3369/2931/3000
f 3340/2907/2972 3342/2909/2974 3371/2933/3002
f 3340/2907/2972 3371/2933/3002 3370/2932/3001
f 3346/2909/2978 3345/2911/2977 3372/2934/3003
f 3346/2909/2978 3372/2934/3003 3373/2933/3004
f 3345/2911/2977 3348/2913/2980 3374/2935/3005
f 3345/2911/2977 3374/2935/3005 3372/2934/3003
f 3348/2913/2980 3350/2915/2936 3375/2936/3006
f 3348/2913/2980 3375/2936/3006 3374/2935/3005
f 3376/2917/3007 3354/2916/2985 3377/2937/3008
f 3376/2917/3007 3377/2937/3008 3378/2938/3009
f 3354/2916/2985 3353/2918/2984 3379/2939/3010
f 3354/2916/2985 3379/2939/3010 3377/2937/3008
f 3353/2918/2984 3355/2919/2986 3380/2940/3011
f 3353/2918/2984 3380/2940/3011 3379/2939/3010
f 3355/2919/2986 3356/2920/2987 3381/2941/3012
f 3355/2919/2986 3381/2941/3012 3380/2940/3011
f 3356/2920/2987 3357/2921/2988 3382/2942/3013
f 3356/2920/2987 3382/2942/3013 3381/2941/3012
f 3357/2921/2988 3358/2922/2989 3383/2943/3014
f 3357/2921/2988 3383/2943/3014 3382/2942/3013
f 3358/2922/2989 3359/2923/2990 3384/2944/3015
f 3358/2922/2989 3384/2944/3015 3383/2943/3014
f 3359/2923/2990 3385/2924/3016 3386/2945/3017
f 3359/2923/2990 3386/2945/3017 3384/2944/3015
f 3385/2924/3016 3387/2925/2955 3388/2946/3018
f 3385/2924/3016 3388/2946/3018 3386/2945/3017
f 3387/2925/2955 3389/2926/3019 3390/2947/3020
f 3387/2925/2955 3390/2947/3020 3388/2946/3018
f 3389/2926/3019 3366/2927/2997 3391/2948/3021
f 3389/2926/3019 3391/2948/3021 3390/2947/3020
f 3366/2927/2997 3365/2928/2996 3392/2949/3022
f 3366/2927/2997 3392/2949/3022 3391/2948/3021
f 3365/2928/2996 3367/2929/2998 3393/2950/3023
f 3365/2928/2996 3393/2950/3023 3392/2949/3022
f 3367/2929/2998 3368/2930/2999 3394/2951/3024
f 3367/2929/2998 3394/2951/3024 3393/2950/3023
f 3368/2930/2999 3369/2931/3000 3395/2952/3025
f 3368/2930/2999 3395/2952/3025 3394/2951/3024
f 3369/2931/3000 3370/2932/3001 3396/2953/3026
f 3369/2931/3000 3396/2953/3026 3395/2952/3025
f 3370/2932/3001 3371/2933/3002 3397/2954/3027
f 3370/2932/3001 3397/2954/3027 3396/2953/3026
f 3371/2933/3002 3398/2934/3028 3399/2955/3029
f 3371/2933/3002 3399/2955/3029 3397/2954/3027
f 3398/2934/3028 3400/2935/2979 3401/2956/3030
f 3398/2934/3028 3401/2956/3030 3399/2955/3029
f 3400/2935/2979 3402/2936/3031 3403/2957/3032
f 3400/2935/2979 3403/2957/3032 3401/2956/3030
f 3404/2958/3033 3405/2959/3034 3406/2960/3035
f 3404/2958/3033 3406/2960/3035 3407/2961/3036
f 3408/2959/3037 3409/2962/3038 3410/2963/3039
f 3408/2959/3037 3410/2963/3039 3411/2960/3040
f 3409/2962/3038 3412/2964/3041 3413/2965/3042
f 3409/2962/3038 3413/2965/3042 3410/2963/3039
f 3412/2964/3041 3414/2966/3043 3415/2967/3044
f 3412/2964/3041 3415/2967/3044 3413/2965/3042
f 3414/2966/3043 3416/2968/3045 3417/2969/3046
f 3414/2966/3043 3417/2969/3046 3415/2967/3044
f 3416/2968/3045 3418/2970/3047 3419/2971/3048
f 3416/2968/3045 3419/2971/3048 3417/2969/3046
f 3418/2970/3047 3420/2972/3049 3421/2973/3050
f 3418/2970/3047 3421/2973/3050 3419/2971/3048
f 3422/2972/3051 3423/2974/3052 3424/2975/3053
f 3422/2972/3051 3424/2975/3053 3425/2973/3054
f 3423/2974/3052 3426/2976/3055 3427/2977/3056
f 3423/2974/3052 3427/2977/3056 3424/2975/3053
f 3426/2976/3055 3428/2978/3057 3429/2979/3058
f 3426/2976/3055 3429/2979/3058 3427/2977/3056
f 3428/2978/3057 3430/2980/3059 3431/2981/3060
f 3428/2978/3057 3431/2981/3060 3429/2979/3058
f 3432/2980/3061 3433/2982/3062 3434/2983/3063
f 3432/2980/3061 3434/2983/3063 3435/2981/3064
f 3433/2982/3062 3436/2984/3065 3437/2985/3066
f 3433/2982/3062 3437/2985/3066 3434/2983/3063
f 3436/2984/3065 3438/2986/3067 3439/2987/3068
f 3436/2984/3065 3439/2987/3068 3437/2985/3066
f 3438/2986/3067 3440/2988/3069 3441/2989/3070
f 3438/2986/3067 3441/2989/3070 3439/2987/3068
f 3440/2988/3069 3442/2990/3071 3443/2991/3072
f 3440/2988/3069 3443/2991/3072 3441/2989/3070
f 3442/2990/3071 3444/2992/3073 3445/2993/3074
f 3442/2990/3071 3445/2993/3074 3443/2991/3072
f 3446/2992/3075 3447/2994/3076 3448/2995/3077
f 3446/2992/3075 3448/2995/3077 3449/2993/3078
f 3447/2994/3076 3450/2996/3079 3451/2997/3080
f 3447/2994/3076 3451/2997/3080 3448/2995/3077
f 3450/2996/3079 3452/2998/3081 3453/2999/3082
f 3450/2996/3079 3453/2999/3082 3451/2997/3080
f 3407/2961/3036 3406/2960/3035 3454/3000/3083
f 3407/2961/3036 3454/3000/3083 3455/3001/3084
f 3411/2960/3040 3410/2963/3039 3456/3002/3085
f 3411/2960/3040 3456/3002/3085 3457/3000/3086
f 3410/2963/3039 3413/2965/3042 3458/3003/3087
f 3410/2963/3039 3458/3003/3087 3456/3002/3085
f 3413/2965/3042 3415/2967/3044 3459/3004/3088
f 3413/2965/3042 3459/3004/3088 3458/3003/3087
f 3415/2967/3044 3417/2969/3046 3460/3005/3089
f 3415/2967/3044 3460/3005/3089 3459/3004/3088
f 3417/2969/3046 3419/2971/3048 3461/3006/3090
f 3417/2969/3046 3461/3006/3090 3460/3005/3089
f 3419/2971/3048 3421/2973/3050 3462/3007/3091
f 3419/2971/3048 3462/3007/3091 3461/3006/3090
f 3425/2973/3054 3424/2975/3053 3463/3008/3092
f 3425/2973/3054 3463/3008/3092 3464/3007/3093
f 3424/2975/3053 3427/2977/3056 3465/3009/3094
f 3424/2975/3053 3465/3009/3094 3463/3008/3092
f 3427/2977/3056 3429/2979/3058 3466/3010/3095
f 3427/2977/3056 3466/3010/3095 3465/3009/3094
f 3429/2979/3058 3431/2981/3060 3467/3011/3096
f 3429/2979/3058 3467/3011/3096 3466/3010/3095
f 3435/2981/3064 3434/2983/3063 3468/3012/3097
f 3435/2981/3064 3468/3012/3097 3469/3011/3098
f 3434/2983/3063 3437/2985/3066 3470/3013/3099
f 3434/2983/3063 3470/3013/3099 3468/3012/3097
f 3437/2985/3066 3439/2987/3068 3471/3014/3100
f 3437/2985/3066 3471/3014/3100 3470/3013/3099
f 3439/2987/3068 3441/2989/3070 3472/3015/3101
f 3439/2987/3068 3472/3015/3101 3471/3014/3100
f 3441/2989/3070 3443/2991/3072 3473/3016/3102
f 3441/2989/3070 3473/3016/3102 3472/3015/3101
f 3443/2991/3072 3445/2993/3074 3474/3017/3103
f 3443/2991/3072 3474/3017/3103 3473/3016/3102
f 3449/2993/3078 3448/2995/3077 3475/3018/3104
f 3449/2993/3078 3475/3018/3104 3476/3017/3105
f 3448/2995/3077 3451/2997/3080 3477/3019/3106
f 3448/2995/3077 3477/3019/3106 3475/3018/3104
f 3451/2997/3080 3453/2999/3082 3478/3020/3107
f 3451/2997/3080 3478/3020/3107 3477/3019/3106
f 3479/3001/3108 3457/3000/3086 3480/3021/3109
f 3479/3001/3108 3480/3021/3109 3481/3022/3110
f 3457/3000/3086 3456/3002/3085 3482/3023/3111
f 3457/3000/3086 3482/3023/3111 3480/3021/3109
f 3456/3002/3085 3458/3003/3087 3483/3024/3112
f 3456/3002/3085 3483/3024/3112 3482/3023/3111
f 3458/3003/3087 3459/3004/3088 3484/3025/3113
f 3458/3003/3087 3484/3025/3113 3483/3024/3112
f 3459/3004/3088 3460/3005/3089 3485/3026/3114
f 3459/3004/3088 3485/3026/3114 3484/3025/3113
f 3460/3005/3089 3461/3006/3090 3486/3027/3115
f 3460/3005/3089 3486/3027/3115 3485/3026/3114
f 3461/3006/3090 3462/3007/3091 3487/3028/3116
f 3461/3006/3090 3487/3028/3116 3486/3027/3115
f 3462/3007/3091 3488/3008/3117 3489/3029/3118
f 3462/3007/3091 3489/3029/3118 3487/3028/3116
f 3488/3008/3117 3490/3009/3119 3491/3030/3120
f 3488/3008/3117 3491/3030/3120 3489/3029/3118
f 3490/3009/3119 3492/3010/3121 3493/3031/3122
f 3490/3009/3119 3493/3031/3122 3491/3030/3120
f 3492/3010/3121 3469/3011/3098 3494/3032/3123
f 3492/3010/3121 3494/3032/3123 3493/3031/3122
f 3469/3011/3098 3468/3012/3097 3495/3033/3124
f 3469/3011/3098 3495/3033/3124 3494/3032/3123
f 3468/3012/3097 3470/3013/3099 3496/3034/3125
f 3468/3012/3097 3496/3034/3125 3495/3033/3124
f 3470/3013/3099 3471/3014/3100 3497/3035/3126
f 3470/3013/3099 3497/3035/3126 3496/3034/3125
f 3471/3014/3100 3472/3015/3101 3498/3036/3127
f 3471/3014/3100 3498/3036/3127 3497/3035/3126
f 3472/3015/3101 3473/3016/3102 3499/3037/3128
f 3472/3015/3101 3499/3037/3128 3498/3036/3127
f 3473/3016/3102 3474/3017/3103 3500/3038/3129
f 3473/3016/3102 3500/3038/3129 3499/3037/3128
f 3474/3017/3103 3501/3018/3130 3502/3039/3131
f 3474/3017/3103 3502/3039/3131 3500/3038/3129
f 3501/3018/3130 3503/3019/3132 3504/3040/3133
f 3501/3018/3130 3504/3040/3133 3502/3039/3131
f 3503/3019/3132 3505/3020/3134 3506/3041/3135
f 3503/3019/3132 3506/3041/3135 3504/3040/3133
f 3288/2861/2921 3290/2863/2923 3337/2904/2969
f 3288/2861/2921 3337/2904/2969 3335/2902/2967
f 3286/2859/2919 3288/2861/2921 3335/2902/2967
f 3286/2859/2919 3335/2902/2967 3333/2900/2965
f 3284/2857/2917 3286/2859/2919 3333/2900/2965
f 3284/2857/2917 3333/2900/2965 3330/2898/2962
f 3282/2855/2915 3284/2857/2917 3330/2898/2962
f 3282/2855/2915 3330/2898/2962 3329/2896/2961
f 3280/2853/2913 3282/2855/2915 3329/2896/2961
f 3280/2853/2913 3329/2896/2961 3507/2894/3136
f 3278/2851/2911 3280/2853/2913 3507/2894/3136
f 3278/2851/2911 3507/2894/3136 3508/2892/3137
f 3276/2849/2909 3278/2851/2911 3508/2892/3137
f 3276/2849/2909 3508/2892/3137 3509/2890/3138
f 3274/2847/2907 3276/2849/2909 3509/2890/3138
f 3274/2847/2907 3509/2890/3138 3317/2888/2949
f 3272/2845/2905 3274/2847/2907 3317/2888/2949
f 3272/2845/2905 3317/2888/2949 3315/2886/2947
f 3270/2843/2903 3272/2845/2905 3315/2886/2947
f 3270/2843/2903 3315/2886/2947 3313/2884/2945
f 3268/2841/2901 3270/2843/2903 3313/2884/2945
f 3268/2841/2901 3313/2884/2945 3311/2882/2943
f 3266/2839/2899 3268/2841/2901 3311/2882/2943
f 3266/2839/2899 3311/2882/2943 3309/2880/2941
f 3264/2837/2897 3266/2839/2899 3309/2880/2941
f 3264/2837/2897 3309/2880/2941 3306/2878/2938
f 3261/2834/2894 3264/2837/2897 3306/2878/2938
f 3261/2834/2894 3306/2878/2938 3305/2875/2937
f 3262/2835/2895 3261/2834/2894 3305/2875/2937
f 3262/2835/2895 3305/2875/2937 3510/2874/3139
f 3298/2871/2931 3300/2873/2895 3511/2914/3140
f 3298/2871/2931 3511/2914/3140 3512/2912/3141
f 3296/2869/2929 3298/2871/2931 3512/2912/3141
f 3296/2869/2929 3512/2912/3141 3513/2910/3142
f 3294/2867/2927 3296/2869/2929 3513/2910/3142
f 3294/2867/2927 3513/2910/3142 3341/2908/2973
f 3292/2865/2925 3294/2867/2927 3341/2908/2973
f 3292/2865/2925 3341/2908/2973 3339/2906/2971
f 3290/2863/2923 3292/2865/2925 3339/2906/2971
f 3290/2863/2923 3339/2906/2971 3337/2904/2969
f 3514/3042/3143 3515/3043/3144 3516/3044/3145
f 3514/3042/3143 3516/3044/3145 3517/3045/3146
f 3518/3046/3147 3514/3042/3143 3517/3045/3146
f 3518/3046/3147 3517/3045/3146 3519/3047/3148
f 3520/3048/3149 3518/3046/3147 3519/3047/3148
f 3520/3048/3149 3519/3047/3148 3521/3049/3150
f 3522/3050/3151 3520/3048/3149 3521/3049/3150
f 3522/3050/3151 3521/3049/3150 3523/3051/3152
f 3524/3052/3153 3522/3050/3151 3523/3051/3152
f 3524/3052/3153 3523/3051/3152 3525/3053/3154
f 3526/3054/3155 3524/3052/3153 3525/3053/3154
f 3526/3054/3155 3525/3053/3154 3527/3055/3156
f 3528/3056/3157 3526/3054/3155 3527/3055/3156
f 3528/3056/3157 3527/3055/3156 3529/3057/3158
f 3530/3058/3159 3528/3056/3157 3529/3057/3158
f 3530/3058/3159 3529/3057/3158 3531/3059/3160
f 3532/3060/3161 3530/3058/3159 3531/3059/3160
f 3532/3060/3161 3531/3059/3160 3533/3061/3162
f 3534/3062/3163 3532/3060/3161 3533/3061/3162
f 3534/3062/3163 3533/3061/3162 3535/3063/3164
f 3536/3064/3165 3534/3062/3163 3535/3063/3164
f 3536/3064/3165 3535/3063/3164 3537/3065/3166
f 3538/3066/3167 3536/3064/3165 3537/3065/3166
f 3538/3066/3167 3537/3065/3166 3539/3067/3168
f 3540/3068/3169 3538/3066/3167 3539/3067/3168
f 3540/3068/3169 3539/3067/3168 3541/3069/3170
f 3542/3070/3171 3540/3068/3169 3541/3069/3170
f 3542/3070/3171 3541/3069/3170 3543/3071/3172
f 3544/3072/3173 3542/3070/3171 3543/3071/3172
f 3544/3072/3173 3543/3071/3172 3545/3073/3174
f 3546/3074/3175 3547/3075/3173 3548/3076/3176
f 3546/3074/3175 3548/3076/3176 3549/3077/3177
f 3550/3078/3178 3546/3074/3175 3549/3077/3177
f 3550/3078/3178 3549/3077/3177 3551/3079/3179
f 3552/3080/3180 3550/3078/3178 3551/3079/3179
f 3552/3080/3180 3551/3079/3179 3553/3081/3181
f 3554/3082/3182 3552/3080/3180 3553/3081/3181
f 3554/3082/3182 3553/3081/3181 3555/3083/3183
f 3515/3043/3144 3554/3082/3182 3555/3083/3183
f 3515/3043/3144 3555/3083/3183 3516/3044/3145
f 3497/3035/3126 3498/3036/3127 3515/3043/3144
f 3497/3035/3126 3515/3043/3144 3514/3042/3143
f 3496/3034/3125 3497/3035/3126 3514/3042/3143
f 3496/3034/3125 3514/3042/3143 3518/3046/3147
f 3495/3033/3124 3496/3034/3125 3518/3046/3147
f 3495/3033/3124 3518/3046/3147 3520/3048/3149
f 3494/3032/3123 3495/3033/3124 3520/3048/3149
f 3494/3032/3123 3520/3048/3149 3522/3050/3151
f 3493/3031/3122 3494/3032/3123 3522/3050/3151
f 3493/3031/3122 3522/3050/3151 3524/3052/3153
f 3491/3030/3120 3493/3031/3122 3524/3052/3153
f 3491/3030/3120 3524/3052/3153 3526/3054/3155
f 3489/3029/3118 3491/3030/3120 3526/3054/3155
f 3489/3029/3118 3526/3054/3155 3528/3056/3157
f 3487/3028/3116 3489/3029/3118 3528/3056/3157
f 3487/3028/3116 3528/3056/3157 3530/3058/3159
f 3486/3027/3115 3487/3028/3116 3530/3058/3159
f 3486/3027/3115 3530/3058/3159 3532/3060/3161
f 3485/3026/3114 3486/3027/3115 3532/3060/3161
f 3485/3026/3114 3532/3060/3161 3534/3062/3163
f 3484/3025/3113 3485/3026/3114 3534/3062/3163
f 3484/3025/3113 3534/3062/3163 3536/3064/3165
f 3483/3024/3112 3484/3025/3113 3536/3064/3165
f 3483/3024/3112 3536/3064/3165 3538/3066/3167
f 3482/3023/3111 3483/3024/3112 3538/3066/3167
f 3482/3023/3111 3538/3066/3167 3540/3068/3169
f 3480/3021/3109 3482/3023/3111 3540/3068/3169
f 3480/3021/3109 3540/3068/3169 3542/3070/3171
f 3481/3022/3110 3480/3021/3109 3542/3070/3171
f 3481/3022/3110 3542/3070/3171 3544/3072/3173
f 3504/3040/3133 3506/3041/3135 3547/3075/3173
f 3504/3040/3133 3547/3075/3173 3546/3074/3175
f 3502/3039/3131 3504/3040/3133 3546/3074/3175
f 3502/3039/3131 3546/3074/3175 3550/3078/3178
f 3500/3038/3129 3502/3039/3131 3550/3078/3178
f 3500/3038/3129 3550/3078/3178 3552/3080/3180
f 3499/3037/3128 3500/3038/3129 3552/3080/3180
f 3499/3037/3128 3552/3080/3180 3554/3082/3182
f 3498/3036/3127 3499/3037/3128 3554/3082/3182
f 3498/3036/3127 3554/3082/3182 3515/3043/3144
f 3397/2954/3027 3399/2955/3029 3556/2994/3184
f 3397/2954/3027 3556/2994/3184 3444/2992/3073
f 3396/2953/3026 3397/2954/3027 3444/2992/3073
f 3396/2953/3026 3444/2992/3073 3442/2990/3071
f 3395/2952/3025 3396/2953/3026 3442/2990/3071
f 3395/2952/3025 3442/2990/3071 3440/2988/3069
f 3394/2951/3024 3395/2952/3025 3440/2988/3069
f 3394/2951/3024 3440/2988/3069 3438/2986/3067
f 3393/2950/3023 3394/2951/3024 3438/2986/3067
f 3393/2950/3023 3438/2986/3067 3436/2984/3065
f 3392/2949/3022 3393/2950/3023 3436/2984/3065
f 3392/2949/3022 3436/2984/3065 3433/2982/3062
f 3391/2948/3021 3392/2949/3022 3433/2982/3062
f 3391/2948/3021 3433/2982/3062 3432/2980/3061
f 3390/2947/3020 3391/2948/3021 3432/2980/3061
f 3390/2947/3020 3432/2980/3061 3557/2978/3185
f 3388/2946/3018 3390/2947/3020 3557/2978/3185
f 3388/2946/3018 3557/2978/3185 3558/2976/3186
f 3386/2945/3017 3388/2946/3018 3558/2976/3186
f 3386/2945/3017 3558/2976/3186 3559/2974/3187
f 3384/2944/3015 3386/2945/3017 3559/2974/3187
f 3384/2944/3015 3559/2974/3187 3420/2972/3049
f 3383/2943/3014 3384/2944/3015 3420/2972/3049
f 3383/2943/3014 3420/2972/3049 3418/2970/3047
f 3382/2942/3013 3383/2943/3014 3418/2970/3047
f 3382/2942/3013 3418/2970/3047 3416/2968/3045
f 3381/2941/3012 3382/2942/3013 3416/2968/3045
f 3381/2941/3012 3416/2968/3045 3414/2966/3043
f 3380/2940/3011 3381/2941/3012 3414/2966/3043
f 3380/2940/3011 3414/2966/3043 3412/2964/3041
f 3379/2939/3010 3380/2940/3011 3412/2964/3041
f 3379/2939/3010 3412/2964/3041 3409/2962/3038
f 3377/2937/3008 3379/2939/3010 3409/2962/3038
f 3377/2937/3008 3409/2962/3038 3408/2959/3037
f 3378/2938/3009 3377/2937/3008 3408/2959/3037
f 3378/2938/3009 3408/2959/3037 3560/2958/3188
f 3401/2956/3030 3403/2957/3032 3561/2998/3189
f 3401/2956/3030 3561/2998/3189 3562/2996/3190
f 3399/2955/3029 3401/2956/3030 3562/2996/3190
f 3399/2955/3029 3562/2996/3190 3556/2994/3184
f 3563/2958/3191 3564/2959/3192 3565/2959/3193
f 3563/2958/3191 3565/2959/3193 3566/2958/3194
f 3567/2959/3195 3568/2960/3196 3569/2960/3197
f 3567/2959/3195 3569/2960/3197 3570/2959/3198
f 3571/2972/3199 3572/2974/3200 3573/2974/3201
f 3571/2972/3199 3573/2974/3201 3574/2972/3202
f 3575/2973/3203 3576/2972/3204 3577/2972/3205
f 3575/2973/3203 3577/2972/3205 3578/2973/3206
f 3572/2974/3200 3579/2976/3207 3580/2976/3208
f 3572/2974/3200 3580/2976/3208 3573/2974/3201
f 3579/2976/3207 3581/2978/3209 3582/2978/3210
f 3579/2976/3207 3582/2978/3210 3580/2976/3208
f 3583/2978/3211 3584/2980/3212 3585/2980/3213
f 3583/2978/3211 3585/2980/3213 3586/2978/3197
f 3587/2980/3214 3588/2981/3215 3589/2981/3216
f 3587/2980/3214 3589/2981/3216 3590/2980/3217
f 3591/2992/3218 3592/2994/3219 3593/2994/3220
f 3591/2992/3218 3593/2994/3220 3594/2992/3221
f 3595/2993/3222 3596/2992/3203 3597/2992/3206
f 3595/2993/3222 3597/2992/3206 3598/2993/3223
f 3599/2994/3224 3600/2996/3225 3601/2996/3226
f 3599/2994/3224 3601/2996/3226 3602/2994/3227
f 3603/2996/3215 3604/2998/3228 3605/2998/3227
f 3603/2996/3215 3605/2998/3227 3606/2996/3229
f 3607/2960/3230 3608/3000/3231 3609/3000/3232
f 3607/2960/3230 3609/3000/3232 3610/2960/3233
f 3611/3000/3234 3612/3001/3235 3613/3001/3236
f 3611/3000/3234 3613/3001/3236 3614/3000/3237
f 3615/3008/3238 3616/3007/3239 3617/3007/3240
f 3615/3008/3238 3617/3007/3240 3618/3008/3241
f 3616/3007/3239 3619/2973/3242 3620/2973/3243
f 3616/3007/3239 3620/2973/3243 3617/3007/3240
f 3621/3009/3244 3622/3008/3245 3623/3008/3246
f 3621/3009/3244 3623/3008/3246 3624/3009/3247
f 3625/3010/3248 3626/3009/3249 3627/3009/3250
f 3625/3010/3248 3627/3009/3250 3628/3010/3251
f 3629/2981/3252 3630/3011/3253 3631/3011/3254
f 3629/2981/3252 3631/3011/3254 3632/2981/3255
f 3633/3011/3256 3634/3010/3234 3635/3010/3237
f 3633/3011/3256 3635/3010/3237 3636/3011/3257
f 3637/3018/3258 3638/3017/3259 3639/3017/3260
f 3637/3018/3258 3639/3017/3260 3640/3018/3261
f 3641/3017/3262 3642/2993/3258 3643/2993/3263
f 3641/3017/3262 3643/2993/3263 3644/3017/3264
f 3645/3019/3265 3646/3018/3266 3647/3018/3267
f 3645/3019/3265 3647/3018/3267 3648/3019/3250
f 3649/3020/3268 3650/3019/3262 3651/3019/3269
f 3649/3020/3268 3651/3019/3269 3652/3020/3270
f 3653/3010/3271 3654/3009/3272 3655/3009/3273
f 3653/3010/3271 3655/3009/3273 3656/3010/3274
f 3657/3009/3275 3658/3008/3276 3659/3008/3277
f 3657/3009/3275 3659/3008/3277 3660/3009/3278
f 3661/3007/3279 3662/2973/3280 3663/2973/3281
f 3661/3007/3279 3663/2973/3281 3664/3007/3282
f 3665/3008/3283 3661/3007/3279 3664/3007/3282
f 3665/3008/3283 3664/3007/3282 3666/3008/3284
f 3667/2960/3285 3668/3000/3286 3669/3000/3287
f 3667/2960/3285 3669/3000/3287 3670/2960/3288
f 3671/3000/3289 3672/3001/3290 3673/3001/3291
f 3671/3000/3289 3673/3001/3291 3674/3000/3292
f 3675/3011/3293 3676/3010/3289 3677/3010/3294
f 3675/3011/3293 3677/3010/3294 3678/3011/3295
f 3679/2981/3296 3680/3011/3297 3681/3011/3298
f 3679/2981/3296 3681/3011/3298 3682/2981/3299
f 3683/3018/3300 3684/3017/3301 3685/3017/3302
f 3683/3018/3300 3685/3017/3302 3686/3018/3303
f 3687/3017/3304 3688/2993/3305 3689/2993/3306
f 3687/3017/3304 3689/2993/3306 3690/3017/3307
f 3691/3020/3308 3692/3019/3309 3693/3019/3310
f 3691/3020/3308 3693/3019/3310 3694/3020/3311
f 3695/3019/3272 3696/3018/3312 3697/3018/3313
f 3695/3019/3272 3697/3018/3313 3698/3019/3273
f 3699/2993/3314 3700/2992/3315 3701/2992/3316
f 3699/2993/3314 3701/2992/3316 3702/2993/3317
f 3703/2992/3318 3704/2994/3319 3705/2994/3320
f 3703/2992/3318 3705/2994/3320 3706/2992/3321
f 3707/2994/3322 3708/2996/3323 3709/2996/3324
f 3707/2994/3322 3709/2996/3324 3710/2994/3325
f 3711/2996/3326 3712/2998/3327 3713/2998/3328
f 3711/2996/3326 3713/2998/3328 3714/2996/3329
f 3715/2980/3330 3716/2981/3331 3717/2981/3332
f 3715/2980/3330 3717/2981/3332 3718/2980/3333
f 3719/2978/3334 3720/2980/3335 3721/2980/3336
f 3719/2978/3334 3721/2980/3336 3722/2978/3337
f 3723/2959/3338 3724/2960/3334 3725/2960/3337
f 3723/2959/3338 3725/2960/3337 3726/2959/3339
f 3727/2958/3340 3728/2959/3341 3729/2959/3342
f 3727/2958/3340 3729/2959/3342 3730/2958/3343
f 3731/2976/3344 3732/2978/3345 3733/2978/3346
f 3731/2976/3344 3733/2978/3346 3734/2976/3347
f 3735/2974/3348 3731/2976/3344 3734/2976/3347
f 3735/2974/3348 3734/2976/3347 3736/2974/3349
f 3737/2972/3350 3735/2974/3348 3736/2974/3349
f 3737/2972/3350 3736/2974/3349 3738/2972/3351
f 3739/2973/3315 3740/2972/3352 3741/2972/3353
f 3739/2973/3315 3741/2972/3353 3742/2973/3354
f 3743/3010/3355 3744/3009/3356 3654/3009/3272
f 3743/3010/3355 3654/3009/3272 3653/3010/3271
f 3745/3009/3357 3746/3008/3358 3658/3008/3276
f 3745/3009/3357 3658/3008/3276 3657/3009/3275
f 3747/3007/3359 3748/2973/3357 3662/2973/3280
f 3747/3007/3359 3662/2973/3280 3661/3007/3279
f 3749/3008/3360 3747/3007/3359 3661/3007/3279
f 3749/3008/3360 3661/3007/3279 3665/3008/3283
f 3750/2960/3361 3751/3000/3362 3668/3000/3286
f 3750/2960/3361 3668/3000/3286 3667/2960/3285
f 3752/3000/3363 3753/3001/3364 3672/3001/3290
f 3752/3000/3363 3672/3001/3290 3671/3000/3289
f 3754/3011/3365 3755/3010/3366 3676/3010/3289
f 3754/3011/3365 3676/3010/3289 3675/3011/3293
f 3756/2981/3367 3757/3011/3368 3680/3011/3297
f 3756/2981/3367 3680/3011/3297 3679/2981/3296
f 3758/3018/3369 3759/3017/3367 3684/3017/3301
f 3758/3018/3369 3684/3017/3301 3683/3018/3300
f 3760/3017/3370 3761/2993/3369 3688/2993/3305
f 3760/3017/3370 3688/2993/3305 3687/3017/3304
f 3762/3020/3371 3763/3019/3372 3692/3019/3309
f 3762/3020/3371 3692/3019/3309 3691/3020/3308
f 3764/3019/3373 3765/3018/3374 3696/3018/3312
f 3764/3019/3373 3696/3018/3312 3695/3019/3272
f 3766/2993/3375 3767/2992/3376 3700/2992/3315
f 3766/2993/3375 3700/2992/3315 3699/2993/3314
f 3768/2992/3377 3769/2994/3378 3704/2994/3319
f 3768/2992/3377 3704/2994/3319 3703/2992/3318
f 3770/2994/3379 3771/2996/3377 3708/2996/3323
f 3770/2994/3379 3708/2996/3323 3707/2994/3322
f 3772/2996/3380 3773/2998/3379 3712/2998/3327
f 3772/2996/3380 3712/2998/3327 3711/2996/3326
f 3774/2980/3381 3775/2981/3382 3716/2981/3331
f 3774/2980/3381 3716/2981/3331 3715/2980/3330
f 3776/2978/3383 3777/2980/3384 3720/2980/3335
f 3776/2978/3383 3720/2980/3335 3719/2978/3334
f 3778/2959/3385 3779/2960/3386 3724/2960/3334
f 3778/2959/3385 3724/2960/3334 3723/2959/3338
f 3780/2958/3387 3781/2959/3388 3728/2959/3341
f 3780/2958/3387 3728/2959/3341 3727/2958/3340
f 3782/2976/3389 3783/2978/3387 3732/2978/3345
f 3782/2976/3389 3732/2978/3345 3731/2976/3344
f 3784/2974/3390 3782/2976/3389 3731/2976/3344
f 3784/2974/3390 3731/2976/3344 3735/2974/3348
f 3785/2972/3391 3784/2974/3390 3735/2974/3348
f 3785/2972/3391 3735/2974/3348 3737/2972/3350
f 3786/2973/3392 3787/2972/3393 3740/2972/3352
f 3786/2973/3392 3740/2972/3352 3739/2973/3315
f 3628/3010/3251 3627/3009/3250 3744/3009/3356
f 3628/3010/3251 3744/3009/3356 3743/3010/3355
f 3624/3009/3247 3623/3008/3246 3746/3008/3358
f 3624/3009/3247 3746/3008/3358 3745/3009/3357
f 3617/3007/3240 3620/2973/3243 3748/2973/3357
f 3617/3007/3240 3748/2973/3357 3747/3007/3359
f 3618/3008/3241 3617/3007/3240 3747/3007/3359
f 3618/3008/3241 3747/3007/3359 3749/3008/3360
f 3610/2960/3233 3609/3000/3232 3751/3000/3362
f 3610/2960/3233 3751/3000/3362 3750/2960/3361
f 3614/3000/3237 3613/3001/3236 3753/3001/3364
f 3614/3000/3237 3753/3001/3364 3752/3000/3363
f 3636/3011/3257 3635/3010/3237 3755/3010/3366
f 3636/3011/3257 3755/3010/3366 3754/3011/3365
f 3632/2981/3255 3631/3011/3254 3757/3011/3368
f 3632/2981/3255 3757/3011/3368 3756/2981/3367
f 3640/3018/3261 3639/3017/3260 3759/3017/3367
f 3640/3018/3261 3759/3017/3367 3758/3018/3369
f 3644/3017/3264 3643/2993/3263 3761/2993/3369
f 3644/3017/3264 3761/2993/3369 3760/3017/3370
f 3652/3020/3270 3651/3019/3269 3763/3019/3372
f 3652/3020/3270 3763/3019/3372 3762/3020/3371
f 3648/3019/3250 3647/3018/3267 3765/3018/3374
f 3648/3019/3250 3765/3018/3374 3764/3019/3373
f 3598/2993/3223 3597/2992/3206 3767/2992/3376
f 3598/2993/3223 3767/2992/3376 3766/2993/3375
f 3594/2992/3221 3593/2994/3220 3769/2994/3378
f 3594/2992/3221 3769/2994/3378 3768/2992/3377
f 3602/2994/3227 3601/2996/3226 3771/2996/3377
f 3602/2994/3227 3771/2996/3377 3770/2994/3379
f 3606/2996/3229 3605/2998/3227 3773/2998/3379
f 3606/2996/3229 3773/2998/3379 3772/2996/3380
f 3590/2980/3217 3589/2981/3216 3775/2981/3382
f 3590/2980/3217 3775/2981/3382 3774/2980/3381
f 3586/2978/3197 3585/2980/3213 3777/2980/3384
f 3586/2978/3197 3777/2980/3384 3776/2978/3383
f 3570/2959/3198 3569/2960/3197 3779/2960/3386
f 3570/2959/3198 3779/2960/3386 3778/2959/3385
f 3566/2958/3194 3565/2959/3193 3781/2959/3388
f 3566/2958/3194 3781/2959/3388 3780/2958/3387
f 3580/2976/3208 3582/2978/3210 3783/2978/3387
f 3580/2976/3208 3783/2978/3387 3782/2976/3389
f 3573/2974/3201 3580/2976/3208 3782/2976/3389
f 3573/2974/3201 3782/2976/3389 3784/2974/3390
f 3574/2972/3202 3573/2974/3201 3784/2974/3390
f 3574/2972/3202 3784/2974/3390 3785/2972/3391
f 3578/2973/3206 3577/2972/3205 3787/2972/3393
f 3578/2973/3206 3787/2972/3393 3786/2973/3392
f 3788/2874/3394 3789/2875/3395 3790/2875/3396
f 3788/2874/3394 3790/2875/3396 3791/2874/3397
f 3792/2875/3398 3793/2876/3399 3794/2876/3400
f 3792/2875/3398 3794/2876/3400 3795/2875/3401
f 3796/2888/3402 3797/2890/3403 3798/2890/3404
f 3796/2888/3402 3798/2890/3404 3799/2888/3405
f 3800/2889/3406 3801/2888/3407 3802/2888/3408
f 3800/2889/3406 3802/2888/3408 3803/2889/3409
f 3797/2890/3403 3804/2892/3410 3805/2892/3411
f 3797/2890/3403 3805/2892/3411 3798/2890/3404
f 3804/2892/3410 3806/2894/3412 3807/2894/3413
f 3804/2892/3410 3807/2894/3413 3805/2892/3411
f 3808/2894/3414 3809/2896/3415 3810/2896/3416
f 3808/2894/3414 3810/2896/3416 3811/2894/3400
f 3812/2896/3417 3813/2897/3418 3814/2897/3419
f 3812/2896/3417 3814/2897/3419 3815/2896/3420
f 3816/2908/3421 3817/2910/3422 3818/2910/3423
f 3816/2908/3421 3818/2910/3423 3819/2908/3424
f 3820/2909/3425 3821/2908/3406 3822/2908/3426
f 3820/2909/3425 3822/2908/3426 3823/2909/3427
f 3824/2910/3428 3825/2912/3429 3826/3084/3430
f 3824/2910/3428 3826/3084/3430 3827/2910/3431
f 3828/2912/3432 3829/2914/3433 3830/2914/3434
f 3828/2912/3432 3830/2914/3434 3831/3084/3435
f 3832/2876/3436 3833/2916/3437 3834/2916/3438
f 3832/2876/3436 3834/2916/3438 3835/2876/3439
f 3836/2916/3440 3837/2917/3441 3838/2917/3442
f 3836/2916/3440 3838/2917/3442 3839/2916/3443
f 3840/2924/3444 3841/2923/3445 3842/2923/3446
f 3840/2924/3444 3842/2923/3446 3843/2924/3438
f 3841/2923/3445 3844/2889/3447 3845/2889/3448
f 3841/2923/3445 3845/2889/3448 3842/2923/3446
f 3846/2925/3449 3847/2924/3450 3848/2924/3451
f 3846/2925/3449 3848/2924/3451 3849/2925/3448
f 3850/2926/3452 3851/2925/3453 3852/2925/3454
f 3850/2926/3452 3852/2925/3454 3853/2926/3455
f 3854/2897/3456 3855/2927/3457 3856/2927/3458
f 3854/2897/3456 3856/2927/3458 3857/2897/3459
f 3858/2927/3460 3859/2926/3440 3860/2926/3461
f 3858/2927/3460 3860/2926/3461 3861/2927/3462
f 3862/2934/3463 3863/2933/3464 3864/2933/3465
f 3862/2934/3463 3864/2933/3465 3865/2934/3466
f 3866/2933/3467 3867/2909/3468 3868/2909/3469
f 3866/2933/3467 3868/2909/3469 3869/2933/3470
f 3870/2935/3453 3871/2934/3471 3872/2934/3472
f 3870/2935/3453 3872/2934/3472 3873/3085/3454
f 3874/2936/3473 3875/2935/3474 3876/3085/3475
f 3874/2936/3473 3876/3085/3475 3877/2936/3476
f 3878/2908/3477 3879/2910/3478 3880/2910/3479
f 3878/2908/3477 3880/2910/3479 3881/2908/3480
f 3882/2910/3481 3883/2912/3482 3884/2912/3483
f 3882/2910/3481 3884/2912/3483 3885/2910/3484
f 3886/2912/3485 3887/2914/3486 3888/2914/3487
f 3886/2912/3485 3888/2914/3487 3889/2912/3488
f 3890/2896/3489 3891/2897/3490 3892/2897/3491
f 3890/2896/3489 3892/2897/3491 3893/2896/3492
f 3894/2894/3493 3895/2896/3494 3896/2896/3495
f 3894/2894/3493 3896/2896/3495 3897/2894/3496
f 3898/2875/3497 3899/2876/3498 3900/2876/3499
f 3898/2875/3497 3900/2876/3499 3901/2875/3497
f 3902/2874/3500 3903/2875/3501 3904/2875/3502
f 3902/2874/3500 3904/2875/3502 3905/2874/3503
f 3906/2892/3504 3907/2894/3505 3908/2894/3506
f 3906/2892/3504 3908/2894/3506 3909/2892/3507
f 3910/2890/3508 3906/2892/3504 3909/2892/3507
f 3910/2890/3508 3909/2892/3507 3911/2890/3509
f 3912/2888/3510 3910/2890/3508 3911/2890/3509
f 3912/2888/3510 3911/2890/3509 3913/2888/3511
f 3914/2889/3512 3915/2888/3513 3916/2888/3514
f 3914/2889/3512 3916/2888/3514 3917/2889/3515
f 3918/2909/3516 3919/2908/3512 3920/2908/3515
f 3918/2909/3516 3920/2908/3515 3921/2909/3517
f 3922/2935/3518 3923/2934/3519 3924/2934/3520
f 3922/2935/3518 3924/2934/3520 3925/2935/3521
f 3926/2926/3522 3927/2925/3518 3928/2925/3521
f 3926/2926/3522 3928/2925/3521 3929/2926/3523
f 3930/2925/3524 3931/2924/3525 3932/2924/3526
f 3930/2925/3524 3932/2924/3526 3933/2925/3527
f 3934/2923/3528 3935/2889/3529 3936/2889/3530
f 3934/2923/3528 3936/2889/3530 3937/2923/3531
f 3938/2924/3532 3934/2923/3528 3937/2923/3531
f 3938/2924/3532 3937/2923/3531 3939/2924/3533
f 3940/2876/3534 3941/2916/3535 3942/2916/3536
f 3940/2876/3534 3942/2916/3536 3943/2876/3537
f 3944/2916/3538 3945/2917/3539 3946/2917/3539
f 3944/2916/3538 3946/2917/3539 3947/2916/3540
f 3948/2927/3541 3949/2926/3542 3950/2926/3543
f 3948/2927/3541 3950/2926/3543 3951/2927/3544
f 3952/2897/3545 3953/2927/3546 3954/2927/3547
f 3952/2897/3545 3954/2927/3547 3955/2897/3548
f 3956/2934/3549 3957/2933/3550 3958/2933/3551
f 3956/2934/3549 3958/2933/3551 3959/2934/3552
f 3960/2933/3553 3961/2909/3554 3962/2909/3555
f 3960/2933/3553 3962/2909/3555 3963/2933/3556
f 3964/2936/3557 3965/2935/3558 3966/2935/3559
f 3964/2936/3557 3966/2935/3559 3967/2936/3560
f 3968/2908/3561 3969/2910/3562 3879/2910/3478
f 3968/2908/3561 3879/2910/3478 3878/2908/3477
f 3970/2910/3563 3971/2912/3564 3883/2912/3482
f 3970/2910/3563 3883/2912/3482 3882/2910/3481
f 3972/2912/3565 3973/2914/3563 3887/2914/3486
f 3972/2912/3565 3887/2914/3486 3886/2912/3485
f 3974/2896/3566 3975/2897/3565 3891/2897/3490
f 3974/2896/3566 3891/2897/3490 3890/2896/3489
f 3976/2894/3567 3977/2896/3568 3895/2896/3494
f 3976/2894/3567 3895/2896/3494 3894/2894/3493
f 3978/2875/3569 3979/2876/3567 3899/2876/3498
f 3978/2875/3569 3899/2876/3498 3980/2875/3570
f 3981/2874/3571 3982/2875/3572 3903/2875/3501
f 3981/2874/3571 3903/2875/3501 3902/2874/3500
f 3983/2892/3573 3984/2894/3574 3907/2894/3505
f 3983/2892/3573 3907/2894/3505 3906/2892/3504
f 3985/2890/3575 3983/2892/3573 3906/2892/3504
f 3985/2890/3575 3906/2892/3504 3910/2890/3508
f 3986/2888/3576 3985/2890/3575 3910/2890/3508
f 3986/2888/3576 3910/2890/3508 3912/2888/3510
f 3987/2889/3577 3988/2888/3578 3989/2888/3579
f 3987/2889/3577 3989/2888/3579 3914/2889/3512
f 3990/2909/3580 3991/2908/3577 3919/2908/3512
f 3990/2909/3580 3919/2908/3512 3918/2909/3516
f 3992/2935/3581 3993/2934/3582 3923/2934/3519
f 3992/2935/3581 3923/2934/3519 3922/2935/3518
f 3994/2926/3583 3995/2925/3581 3927/2925/3584
f 3994/2926/3583 3927/2925/3584 3996/2926/3585
f 3997/2925/3586 3998/2924/3587 3931/2924/3525
f 3997/2925/3586 3931/2924/3525 3930/2925/3524
f 3999/2923/3588 4000/2889/3589 3935/2889/3529
f 3999/2923/3588 3935/2889/3529 3934/2923/3528
f 4001/2924/3590 3999/2923/3588 3934/2923/3528
f 4001/2924/3590 3934/2923/3528 3938/2924/3532
f 4002/2876/3591 4003/2916/3592 3941/2916/3535
f 4002/2876/3591 3941/2916/3535 3940/2876/3534
f 4004/2916/3593 4005/2917/3594 4006/2917/3595
f 4004/2916/3593 4006/2917/3595 3944/2916/3542
f 4007/2927/3596 4008/2926/3593 3949/2926/3542
f 4007/2927/3596 3949/2926/3542 3948/2927/3541
f 4009/2897/3597 4010/2927/3598 3953/2927/3546
f 4009/2897/3597 3953/2927/3546 3952/2897/3545
f 4011/2934/3599 4012/2933/3600 3957/2933/3550
f 4011/2934/3599 3957/2933/3550 3956/2934/3549
f 4013/2933/3601 4014/2909/3602 3961/2909/3554
f 4013/2933/3601 3961/2909/3554 3960/2933/3553
f 4015/2936/3603 4016/2935/3601 3965/2935/3558
f 4015/2936/3603 3965/2935/3558 3964/2936/3557
f 4017/2908/3604 4018/2910/3605 3969/2910/3562
f 4017/2908/3604 3969/2910/3562 3968/2908/3561
f 4019/2910/3606 4020/2912/3607 3971/2912/3564
f 4019/2910/3606 3971/2912/3564 3970/2910/3563
f 4021/2912/3608 4022/2914/3609 3973/2914/3563
f 4021/2912/3608 3973/2914/3563 3972/2912/3565
f 4023/2896/3610 4024/2897/3611 3975/2897/3565
f 4023/2896/3610 3975/2897/3565 3974/2896/3566
f 4025/2894/3612 4026/2896/3613 3977/2896/3568
f 4025/2894/3612 3977/2896/3568 3976/2894/3567
f 4027/2875/3614 4028/2876/3612 3979/2876/3567
f 4027/2875/3614 3979/2876/3567 3978/2875/3569
f 4029/2874/3615 4030/2875/3616 3982/2875/3572
f 4029/2874/3615 3982/2875/3572 3981/2874/3571
f 4031/2892/3617 4032/2894/3618 3984/2894/3574
f 4031/2892/3617 3984/2894/3574 3983/2892/3573
f 4033/2890/3619 4031/2892/3617 3983/2892/3573
f 4033/2890/3619 3983/2892/3573 3985/2890/3575
f 4034/2888/3620 4033/2890/3619 3985/2890/3575
f 4034/2888/3620 3985/2890/3575 3986/2888/3576
f 4035/2889/3621 4036/2888/3622 3988/2888/3578
f 4035/2889/3621 3988/2888/3578 3987/2889/3577
f 4037/2909/3623 4038/2908/3621 3991/2908/3577
f 4037/2909/3623 3991/2908/3577 3990/2909/3580
f 4039/2935/3624 4040/2934/3625 3993/2934/3582
f 4039/2935/3624 3993/2934/3582 3992/2935/3581
f 4041/2926/3626 4042/2925/3624 3995/2925/3581
f 4041/2926/3626 3995/2925/3581 3994/2926/3583
f 4043/2925/3627 4044/2924/3628 3998/2924/3587
f 4043/2925/3627 3998/2924/3587 3997/2925/3586
f 4045/2923/3629 4046/2889/3627 4000/2889/3589
f 4045/2923/3629 4000/2889/3589 3999/2923/3588
f 4047/2924/3630 4045/2923/3629 3999/2923/3588
f 4047/2924/3630 3999/2923/3588 4001/2924/3590
f 4048/2876/3631 4049/2916/3632 4003/2916/3592
f 4048/2876/3631 4003/2916/3592 4002/2876/3591
f 4050/2916/3633 4051/2917/3634 4005/2917/3594
f 4050/2916/3633 4005/2917/3594 4004/2916/3593
f 4052/2927/3635 4053/2926/3633 4008/2926/3593
f 4052/2927/3635 4008/2926/3593 4007/2927/3596
f 4054/2897/3636 4055/2927/3637 4010/2927/3598
f 4054/2897/3636 4010/2927/3598 4009/2897/3597
f 4056/2934/3638 4057/2933/3639 4012/2933/3600
f 4056/2934/3638 4012/2933/3600 4011/2934/3599
f 4058/2933/3640 4059/2909/3641 4014/2909/3602
f 4058/2933/3640 4014/2909/3602 4013/2933/3601
f 4060/2936/3642 4061/2935/3643 4016/2935/3601
f 4060/2936/3642 4016/2935/3601 4015/2936/3603
f 3853/2926/3455 3852/2925/3454 4042/2925/3624
f 3853/2926/3455 4042/2925/3624 4041/2926/3626
f 3849/2925/3448 3848/2924/3451 4044/2924/3628
f 3849/2925/3448 4044/2924/3628 4043/2925/3627
f 3842/2923/3446 3845/2889/3448 4046/2889/3627
f 3842/2923/3446 4046/2889/3627 4045/2923/3629
f 3843/2924/3438 3842/2923/3446 4045/2923/3629
f 3843/2924/3438 4045/2923/3629 4047/2924/3630
f 3835/2876/3439 3834/2916/3438 4049/2916/3632
f 3835/2876/3439 4049/2916/3632 4048/2876/3631
f 3839/2916/3443 3838/2917/3442 4051/2917/3634
f 3839/2916/3443 4051/2917/3634 4050/2916/3633
f 3861/2927/3462 3860/2926/3461 4053/2926/3633
f 3861/2927/3462 4053/2926/3633 4052/2927/3635
f 3857/2897/3459 3856/2927/3458 4055/2927/3637
f 3857/2897/3459 4055/2927/3637 4054/2897/3636
f 3865/2934/3466 3864/2933/3465 4057/2933/3639
f 3865/2934/3466 4057/2933/3639 4056/2934/3638
f 3869/2933/3470 3868/2909/3469 4059/2909/3641
f 3869/2933/3470 4059/2909/3641 4058/2933/3640
f 3877/2936/3476 3876/3085/3475 4061/2935/3643
f 3877/2936/3476 4061/2935/3643 4060/2936/3642
f 3873/3085/3454 3872/2934/3472 4040/2934/3625
f 3873/3085/3454 4040/2934/3625 4039/2935/3624
f 3823/2909/3427 3822/2908/3426 4038/2908/3621
f 3823/2909/3427 4038/2908/3621 4037/2909/3623
f 3819/2908/3424 3818/2910/3423 4018/2910/3605
f 3819/2908/3424 4018/2910/3605 4017/2908/3604
f 3827/2910/3431 3826/3084/3430 4020/2912/3607
f 3827/2910/3431 4020/2912/3607 4019/2910/3606
f 3831/3084/3435 3830/2914/3434 4022/2914/3609
f 3831/3084/3435 4022/2914/3609 4021/2912/3608
f 3815/2896/3420 3814/2897/3419 4024/2897/3611
f 3815/2896/3420 4024/2897/3611 4023/2896/3610
f 3811/2894/3400 3810/2896/3416 4026/2896/3613
f 3811/2894/3400 4026/2896/3613 4025/2894/3612
f 3795/2875/3401 3794/2876/3400 4028/2876/3612
f 3795/2875/3401 4028/2876/3612 4027/2875/3614
f 3791/2874/3397 3790/2875/3396 4030/2875/3616
f 3791/2874/3397 4030/2875/3616 4029/2874/3615
f 3805/2892/3411 3807/2894/3413 4032/2894/3618
f 3805/2892/3411 4032/2894/3618 4031/2892/3617
f 3798/2890/3404 3805/2892/3411 4031/2892/3617
f 3798/2890/3404 4031/2892/3617 4033/2890/3619
f 3799/2888/3405 3798/2890/3404 4033/2890/3619
f 3799/2888/3405 4033/2890/3619 4034/2888/3620
f 3803/2889/3409 3802/2888/3408 4036/2888/3622
f 3803/2889/3409 4036/2888/3622 4035/2889/3621
o pCube21_phong1_0
v 0.167769 0.152239 0.019052
v 0.174910 0.163461 0.019052
v 0.154737 0.161655 0.021533
v 0.154866 0.152166 0.019352
v 0.174563 0.173918 0.019868
v 0.152421 0.172644 0.022121
v 0.168764 0.183528 0.019052
v 0.148877 0.184728 0.021533
v 0.156486 0.187996 0.019052
v 0.146939 0.192257 0.019052
v 0.123645 0.155230 0.020123
v 0.124181 0.163331 0.024923
v 0.104590 0.167604 0.024923
v 0.106744 0.160603 0.020123
v 0.125222 0.173762 0.024923
v 0.104419 0.177459 0.024923
v 0.126513 0.184695 0.024923
v 0.107292 0.186678 0.024923
v 0.128809 0.194351 0.019052
v 0.110249 0.196686 0.019052
v 0.089360 0.170393 0.023226
v 0.091985 0.163589 0.020123
v 0.087387 0.178646 0.023226
v 0.089979 0.186491 0.023226
v 0.092790 0.196522 0.019052
v 0.074567 0.170470 0.019052
v 0.081835 0.164543 0.019052
v 0.069180 0.178208 0.019052
v 0.073483 0.190420 0.019591
v 0.079078 0.195641 0.019052
v 0.076873 0.161684 -0.014647
v 0.066366 0.166172 -0.014647
v 0.074316 0.170442 -0.018985
v 0.082567 0.162949 -0.018985
v 0.058809 0.174095 -0.014647
v 0.068728 0.178484 -0.018985
v 0.063045 0.192725 -0.014041
v 0.073713 0.190252 -0.018446
v 0.073975 0.204990 -0.014647
v 0.079127 0.196037 -0.018985
v 0.082567 0.162949 -0.018985
v 0.074316 0.170442 -0.018985
v 0.089000 0.170223 -0.023226
v 0.091860 0.163968 -0.021329
v 0.068728 0.178484 -0.018985
v 0.086935 0.179256 -0.023226
v 0.073713 0.190252 -0.018446
v 0.089069 0.187177 -0.023226
v 0.079127 0.196037 -0.018985
v 0.092689 0.196613 -0.018985
v 0.105004 0.167515 -0.023253
v 0.106472 0.159992 -0.020086
v 0.104687 0.177228 -0.024923
v 0.107169 0.186849 -0.024923
v 0.110099 0.196802 -0.018985
v 0.124255 0.163156 -0.022404
v 0.123680 0.155367 -0.020086
v 0.125256 0.173381 -0.024923
v 0.126458 0.184099 -0.024923
v 0.129585 0.192427 -0.018985
v 0.155159 0.152518 -0.019293
v 0.155122 0.161645 -0.021485
v 0.173869 0.165555 -0.018985
v 0.168810 0.153930 -0.018000
v 0.151970 0.171290 -0.020897
v 0.174873 0.175274 -0.018168
v 0.150236 0.182127 -0.021485
v 0.168975 0.183081 -0.018985
v 0.147113 0.192183 -0.018985
v 0.160411 0.191543 -0.018985
v 0.168810 0.153930 -0.018000
v 0.173869 0.165555 -0.018985
v 0.185151 0.168512 -0.014647
v 0.178995 0.155924 -0.015274
v 0.174873 0.175274 -0.018168
v 0.185065 0.179937 -0.013729
v 0.168975 0.183081 -0.018985
v 0.176793 0.187847 -0.014647
v 0.160411 0.191543 -0.018985
v 0.165139 0.197613 -0.014647
v 0.165139 0.197613 -0.014647
v 0.160411 0.191543 -0.018985
v 0.147113 0.192183 -0.018985
v 0.152467 0.197837 -0.014647
v 0.110865 0.203533 -0.014647
v 0.132024 0.199513 -0.014647
v 0.129585 0.192427 -0.018985
v 0.110099 0.196802 -0.018985
v 0.092689 0.196613 -0.018985
v 0.094334 0.204592 -0.014647
v 0.079127 0.196037 -0.018985
v 0.073975 0.204990 -0.014647
v 0.159430 0.143772 -0.018985
v 0.167493 0.142100 -0.014647
v 0.154005 0.136892 -0.014647
v 0.151001 0.140818 -0.018985
v 0.123648 0.147556 -0.018985
v 0.123829 0.142085 -0.014647
v 0.105290 0.149233 -0.014647
v 0.109008 0.153668 -0.018985
v 0.095323 0.152536 -0.014647
v 0.097193 0.155196 -0.018985
v 0.087832 0.155857 -0.014647
v 0.090489 0.159199 -0.018985
v 0.156486 0.187996 0.019052
v 0.165139 0.197613 0.013743
v 0.152467 0.197837 0.013743
v 0.146939 0.192257 0.019052
v 0.176898 0.190531 0.013743
v 0.165139 0.197613 0.013743
v 0.156486 0.187996 0.019052
v 0.168764 0.183528 0.019052
v 0.185081 0.180340 0.014661
v 0.174563 0.173918 0.019868
v 0.185040 0.165659 0.013743
v 0.174910 0.163461 0.019052
v 0.167769 0.152239 0.019052
v 0.177265 0.151667 0.013115
v 0.154005 0.136892 0.013743
v 0.171004 0.143310 0.013743
v 0.161298 0.144174 0.019052
v 0.151104 0.143136 0.019052
v 0.105290 0.149233 0.013743
v 0.123899 0.141403 0.013743
v 0.124121 0.147594 0.019052
v 0.108201 0.152855 0.019052
v 0.095323 0.152536 0.013743
v 0.097193 0.155196 0.019052
v 0.085860 0.156330 0.013743
v 0.088424 0.159794 0.019052
v 0.081835 0.164543 0.019052
v 0.074567 0.170470 0.019052
v 0.066366 0.166172 0.013743
v 0.076873 0.161684 0.013743
v 0.069180 0.178208 0.019052
v 0.058809 0.174095 0.013743
v 0.073483 0.190420 0.019591
v 0.063045 0.192725 0.014349
v 0.079078 0.195641 0.019052
v 0.073975 0.204990 0.013743
v 0.092790 0.196522 0.019052
v 0.094334 0.204592 0.013743
v 0.073975 0.204990 0.013743
v 0.079078 0.195641 0.019052
v 0.110249 0.196686 0.019052
v 0.110865 0.203533 0.013743
v 0.128809 0.194351 0.019052
v 0.132024 0.199513 0.013743
v 0.167493 0.142100 -0.014647
v 0.171004 0.143310 0.013743
v 0.159430 0.143772 -0.018985
v 0.151001 0.140818 -0.018985
v 0.159430 0.143772 -0.018985
v 0.123648 0.147556 -0.018985
v 0.109008 0.153668 -0.018985
v 0.097193 0.155196 -0.018985
v 0.090489 0.159199 -0.018985
v 0.087832 0.155857 -0.014647
v 0.090489 0.159199 -0.018985
v 0.085860 0.156330 0.013743
v 0.088424 0.159794 0.019052
v 0.097193 0.155196 0.019052
v 0.088424 0.159794 0.019052
v 0.108201 0.152855 0.019052
v 0.124121 0.147594 0.019052
v 0.151104 0.143136 0.019052
v 0.161298 0.144174 0.019052
v 0.161298 0.144174 0.019052
vn 0.0762 -0.1142 0.9905
vn 0.1077 -0.0756 0.9913
vn 0.0839 -0.1593 0.9837
vn 0.0357 -0.1891 0.9813
vn 0.1135 0.0166 0.9934
vn 0.1130 0.0188 0.9934
vn 0.1127 0.1232 0.9860
vn 0.1194 0.1811 0.9762
vn 0.1448 0.3620 0.9208
vn 0.1046 0.4224 0.9004
vn -0.0203 -0.2837 0.9587
vn 0.0179 -0.2232 0.9746
vn -0.0859 -0.2343 0.9684
vn -0.1034 -0.3871 0.9162
vn 0.0674 0.0035 0.9977
vn -0.0473 0.0049 0.9989
vn 0.0763 0.2256 0.9712
vn -0.0145 0.2734 0.9618
vn 0.0771 0.4675 0.8806
vn 0.0148 0.4844 0.8747
vn -0.1711 -0.2049 0.9637
vn -0.1362 -0.3797 0.9150
vn -0.1783 -0.0069 0.9839
vn -0.1151 0.2094 0.9710
vn -0.0579 0.4205 0.9054
vn -0.2375 -0.1586 0.9584
vn -0.1956 -0.3591 0.9126
vn -0.2261 -0.0133 0.9740
vn -0.1763 0.1344 0.9751
vn -0.0793 0.3339 0.9393
vn -0.4451 -0.8802 -0.1650
vn -0.5678 -0.7938 -0.2177
vn -0.3184 -0.3779 -0.8694
vn -0.3290 -0.5983 -0.7306
vn -0.9700 -0.1227 -0.2100
vn -0.3788 0.0175 -0.9253
vn -0.8781 0.4317 -0.2061
vn -0.3628 0.2008 -0.9100
vn -0.7383 0.6468 -0.1911
vn -0.3302 0.2411 -0.9126
vn -0.2367 -0.3283 -0.9144
vn -0.2463 -0.1493 -0.9576
vn -0.1480 -0.1871 -0.9711
vn -0.1109 -0.3364 -0.9352
vn -0.2502 0.0202 -0.9680
vn -0.1794 -0.0030 -0.9838
vn -0.2165 0.1724 -0.9609
vn -0.1309 0.2215 -0.9663
vn -0.1294 0.3062 -0.9431
vn -0.0655 0.4294 -0.9007
vn -0.0424 -0.2375 -0.9705
vn -0.0401 -0.2851 -0.9576
vn -0.0430 -0.0673 -0.9968
vn -0.0026 0.2822 -0.9594
vn 0.0391 0.5025 -0.8637
vn 0.0118 -0.2102 -0.9776
vn -0.0149 -0.1934 -0.9810
vn 0.0591 -0.0783 -0.9952
vn 0.0917 0.2189 -0.9714
vn 0.0968 0.4634 -0.8808
vn 0.0421 -0.1434 -0.9888
vn 0.0783 -0.1196 -0.9897
vn 0.1198 0.0057 -0.9928
vn 0.1291 -0.1518 -0.9799
vn 0.1107 -0.0259 -0.9935
vn 0.1171 0.0355 -0.9925
vn 0.1191 0.1056 -0.9873
vn 0.1160 0.0225 -0.9930
vn 0.0908 0.3415 -0.9355
vn 0.0748 0.1796 -0.9809
vn 0.3485 -0.2564 -0.9016
vn 0.3512 -0.0920 -0.9318
vn 0.9443 -0.2254 -0.2396
vn 0.8156 -0.5148 -0.2644
vn 0.3514 0.1259 -0.9277
vn 0.9152 0.3379 -0.2196
vn 0.3248 0.2879 -0.9009
vn 0.6492 0.7077 -0.2787
vn 0.3124 0.3464 -0.8845
vn 0.5746 0.7759 -0.2603
vn 0.0190 0.9917 -0.1273
vn 0.0194 0.5838 -0.8116
vn 0.0260 0.5583 -0.8293
vn 0.0543 0.9834 -0.1731
vn 0.1293 0.9695 -0.2082
vn 0.1313 0.9712 -0.1986
vn 0.0743 0.5276 -0.8462
vn 0.0631 0.5094 -0.8582
vn 0.0039 0.4766 -0.8791
vn 0.0352 0.9757 -0.2161
vn -0.0024 0.4556 -0.8902
vn 0.0193 0.9878 -0.1547
vn 0.2407 -0.6463 -0.7241
vn 0.3555 -0.9334 -0.0493
vn 0.0218 -0.9942 -0.1053
vn -0.0684 -0.6955 -0.7153
vn -0.1899 -0.6473 -0.7382
vn -0.2449 -0.9594 -0.1398
vn -0.3437 -0.9288 -0.1387
vn -0.2170 -0.6233 -0.7512
vn -0.3442 -0.9319 -0.1147
vn -0.2278 -0.7021 -0.6746
vn -0.3927 -0.9151 -0.0914
vn -0.3487 -0.6757 -0.6495
vn 0.1018 0.5042 0.8576
vn 0.0334 0.9885 0.1472
vn 0.0692 0.9793 0.1901
vn 0.0776 0.6230 0.7783
vn 0.6299 0.7362 0.2476
vn 0.5364 0.7917 0.2922
vn 0.1865 0.3883 0.9025
vn 0.2385 0.3463 0.9073
vn 0.9003 0.3395 0.2725
vn 0.4037 0.1005 0.9094
vn 0.9407 -0.2588 0.2193
vn 0.4878 -0.2112 0.8470
vn 0.4740 -0.3189 0.8208
vn 0.8225 -0.5455 0.1611
vn 0.0208 -0.9919 0.1252
vn 0.3494 -0.9348 0.0640
vn 0.1908 -0.6959 0.6923
vn -0.0376 -0.6724 0.7392
vn -0.3452 -0.9308 0.1203
vn -0.2393 -0.9602 0.1443
vn -0.1672 -0.6662 0.7268
vn -0.2447 -0.7068 0.6637
vn -0.3457 -0.9318 0.1108
vn -0.2713 -0.7750 0.5708
vn -0.3898 -0.9147 0.1071
vn -0.3428 -0.7447 0.5726
vn -0.3681 -0.5929 0.7162
vn -0.3476 -0.4299 0.8333
vn -0.5694 -0.7937 0.2140
vn -0.4477 -0.8813 0.1512
vn -0.4341 -0.0414 0.8999
vn -0.9709 -0.1234 0.2053
vn -0.3916 0.2353 0.8896
vn -0.8774 0.4268 0.2191
vn -0.3224 0.3619 0.8747
vn -0.7281 0.6635 0.1720
vn 0.0020 0.5442 0.8390
vn 0.0340 0.9758 0.2159
vn 0.0159 0.9867 0.1618
vn -0.0074 0.5194 0.8545
vn 0.0595 0.6108 0.7895
vn 0.1257 0.9738 0.1893
vn 0.0887 0.6533 0.7519
vn 0.1317 0.9769 0.1685
vn 0.7339 -0.5938 -0.3298
vn 0.7730 -0.6101 0.1737
vn 0.3498 -0.2913 -0.8904
vn 0.0109 -0.0618 -0.9980
vn 0.0596 -0.0060 -0.9982
vn -0.0092 -0.0899 -0.9959
vn -0.0399 -0.1800 -0.9829
vn -0.0219 -0.2405 -0.9704
vn -0.2036 -0.3841 -0.9006
vn -0.4797 -0.8673 -0.1326
vn -0.3347 -0.6599 -0.6726
vn -0.4935 -0.8631 0.1073
vn -0.4075 -0.6282 0.6628
vn -0.0375 -0.1468 0.9885
vn -0.1069 -0.1757 0.9786
vn -0.0413 -0.1435 0.9888
vn -0.0095 -0.0975 0.9952
vn 0.0047 -0.0719 0.9974
vn 0.0143 -0.0260 0.9996
vn 0.4597 -0.3249 0.8265
vt 0.403461 1.000000
vt 0.437500 1.000000
vt 0.437500 0.982496
vt 0.403461 0.982496
vt 0.500000 1.000000
vt 0.500000 0.982496
vt 0.562500 1.000000
vt 0.562500 0.982496
vt 0.625000 1.000000
vt 0.625000 0.982496
vt 0.403461 0.937500
vt 0.437500 0.937500
vt 0.437500 0.875000
vt 0.403461 0.875000
vt 0.500000 0.937500
vt 0.500000 0.875000
vt 0.562500 0.937500
vt 0.562500 0.875000
vt 0.625000 0.937500
vt 0.625000 0.875000
vt 0.437500 0.812500
vt 0.403461 0.812500
vt 0.500000 0.812500
vt 0.562500 0.812500
vt 0.625000 0.812500
vt 0.437500 0.750000
vt 0.403461 0.750000
vt 0.500000 0.750000
vt 0.562500 0.750000
vt 0.625000 0.750000
vt 0.403461 0.534871
vt 0.437500 0.534871
vt 0.437500 0.500000
vt 0.403461 0.500000
vt 0.500000 0.534871
vt 0.500000 0.500000
vt 0.562500 0.534871
vt 0.562500 0.500000
vt 0.625000 0.534871
vt 0.625000 0.500000
vt 0.437500 0.437500
vt 0.403461 0.437500
vt 0.500000 0.437500
vt 0.562500 0.437500
vt 0.625000 0.437500
vt 0.437500 0.375000
vt 0.403461 0.375000
vt 0.500000 0.375000
vt 0.562500 0.375000
vt 0.625000 0.375000
vt 0.437500 0.312500
vt 0.403461 0.312500
vt 0.500000 0.312500
vt 0.562500 0.312500
vt 0.625000 0.312500
vt 0.403461 0.267504
vt 0.437500 0.267504
vt 0.437500 0.250000
vt 0.403461 0.250000
vt 0.500000 0.267504
vt 0.500000 0.250000
vt 0.562500 0.267504
vt 0.562500 0.250000
vt 0.625000 0.267504
vt 0.625000 0.250000
vt 0.437500 0.215129
vt 0.403461 0.215129
vt 0.500000 0.215129
vt 0.562500 0.215129
vt 0.625000 0.215129
vt 0.840129 1.000000
vt 0.875000 1.000000
vt 0.875000 0.982496
vt 0.840129 0.982496
vt 0.840129 0.875000
vt 0.840129 0.937500
vt 0.875000 0.937500
vt 0.875000 0.875000
vt 0.875000 0.812500
vt 0.840129 0.812500
vt 0.875000 0.750000
vt 0.840129 0.750000
vt 0.125000 1.000000
vt 0.159871 1.000000
vt 0.159871 0.982496
vt 0.125000 0.982496
vt 0.125000 0.937500
vt 0.159871 0.937500
vt 0.159871 0.875000
vt 0.125000 0.875000
vt 0.159871 0.812500
vt 0.125000 0.812500
vt 0.159871 0.750000
vt 0.125000 0.750000
vt 0.663547 1.000000
vt 0.663547 0.982496
vt 0.562500 0.038547
vt 0.625000 0.038547
vt 0.625000 0.000000
vt 0.562500 0.000000
vt 0.500000 0.038547
vt 0.500000 0.000000
vt 0.437500 0.038547
vt 0.437500 0.000000
vt 0.403461 0.000000
vt 0.403461 0.038547
vt 0.336453 0.982496
vt 0.336453 1.000000
vt 0.375000 1.000000
vt 0.375000 0.982496
vt 0.336453 0.875000
vt 0.336453 0.937500
vt 0.375000 0.937500
vt 0.375000 0.875000
vt 0.336453 0.812500
vt 0.375000 0.812500
vt 0.336453 0.750000
vt 0.375000 0.750000
vt 0.437500 0.711453
vt 0.403461 0.711453
vt 0.500000 0.711453
vt 0.562500 0.711453
vt 0.625000 0.711453
vt 0.663547 0.812500
vt 0.663547 0.750000
vt 0.663547 0.875000
vt 0.663547 0.937500
vt 0.375000 0.215129
vt 0.375000 0.038547
vt 0.375000 0.250000
vt 0.375000 0.267504
vt 0.375000 0.312500
vt 0.375000 0.375000
vt 0.375000 0.437500
vt 0.375000 0.500000
vt 0.375000 0.534871
vt 0.375000 0.711453
vt 0.375000 0.000000
s 1
usemtl phong1
f 4062/3086/3644 4063/3087/3645 4064/3088/3646
f 4062/3086/3644 4064/3088/3646 4065/3089/3647
f 4063/3087/3645 4066/3090/3648 4067/3091/3649
f 4063/3087/3645 4067/3091/3649 4064/3088/3646
f 4066/3090/3648 4068/3092/3650 4069/3093/3651
f 4066/3090/3648 4069/3093/3651 4067/3091/3649
f 4068/3092/3650 4070/3094/3652 4071/3095/3653
f 4068/3092/3650 4071/3095/3653 4069/3093/3651
f 4072/3096/3654 4073/3097/3655 4074/3098/3656
f 4072/3096/3654 4074/3098/3656 4075/3099/3657
f 4073/3097/3655 4076/3100/3658 4077/3101/3659
f 4073/3097/3655 4077/3101/3659 4074/3098/3656
f 4076/3100/3658 4078/3102/3660 4079/3103/3661
f 4076/3100/3658 4079/3103/3661 4077/3101/3659
f 4078/3102/3660 4080/3104/3662 4081/3105/3663
f 4078/3102/3660 4081/3105/3663 4079/3103/3661
f 4075/3099/3657 4074/3098/3656 4082/3106/3664
f 4075/3099/3657 4082/3106/3664 4083/3107/3665
f 4074/3098/3656 4077/3101/3659 4084/3108/3666
f 4074/3098/3656 4084/3108/3666 4082/3106/3664
f 4077/3101/3659 4079/3103/3661 4085/3109/3667
f 4077/3101/3659 4085/3109/3667 4084/3108/3666
f 4079/3103/3661 4081/3105/3663 4086/3110/3668
f 4079/3103/3661 4086/3110/3668 4085/3109/3667
f 4083/3107/3665 4082/3106/3664 4087/3111/3669
f 4083/3107/3665 4087/3111/3669 4088/3112/3670
f 4082/3106/3664 4084/3108/3666 4089/3113/3671
f 4082/3106/3664 4089/3113/3671 4087/3111/3669
f 4084/3108/3666 4085/3109/3667 4090/3114/3672
f 4084/3108/3666 4090/3114/3672 4089/3113/3671
f 4085/3109/3667 4086/3110/3668 4091/3115/3673
f 4085/3109/3667 4091/3115/3673 4090/3114/3672
f 4092/3116/3674 4093/3117/3675 4094/3118/3676
f 4092/3116/3674 4094/3118/3676 4095/3119/3677
f 4093/3117/3675 4096/3120/3678 4097/3121/3679
f 4093/3117/3675 4097/3121/3679 4094/3118/3676
f 4096/3120/3678 4098/3122/3680 4099/3123/3681
f 4096/3120/3678 4099/3123/3681 4097/3121/3679
f 4098/3122/3680 4100/3124/3682 4101/3125/3683
f 4098/3122/3680 4101/3125/3683 4099/3123/3681
f 4102/3119/3684 4103/3118/3685 4104/3126/3686
f 4102/3119/3684 4104/3126/3686 4105/3127/3687
f 4103/3118/3685 4106/3121/3688 4107/3128/3689
f 4103/3118/3685 4107/3128/3689 4104/3126/3686
f 4106/3121/3688 4108/3123/3690 4109/3129/3691
f 4106/3121/3688 4109/3129/3691 4107/3128/3689
f 4108/3123/3690 4110/3125/3692 4111/3130/3693
f 4108/3123/3690 4111/3130/3693 4109/3129/3691
f 4105/3127/3687 4104/3126/3686 4112/3131/3694
f 4105/3127/3687 4112/3131/3694 4113/3132/3695
f 4104/3126/3686 4107/3128/3689 4114/3133/3696
f 4104/3126/3686 4114/3133/3696 4112/3131/3694
f 4107/3128/3689 4109/3129/3691 4115/3134/3697
f 4107/3128/3689 4115/3134/3697 4114/3133/3696
f 4109/3129/3691 4111/3130/3693 4116/3135/3698
f 4109/3129/3691 4116/3135/3698 4115/3134/3697
f 4113/3132/3695 4112/3131/3694 4117/3136/3699
f 4113/3132/3695 4117/3136/3699 4118/3137/3700
f 4112/3131/3694 4114/3133/3696 4119/3138/3701
f 4112/3131/3694 4119/3138/3701 4117/3136/3699
f 4114/3133/3696 4115/3134/3697 4120/3139/3702
f 4114/3133/3696 4120/3139/3702 4119/3138/3701
f 4115/3134/3697 4116/3135/3698 4121/3140/3703
f 4115/3134/3697 4121/3140/3703 4120/3139/3702
f 4122/3141/3704 4123/3142/3705 4124/3143/3706
f 4122/3141/3704 4124/3143/3706 4125/3144/3707
f 4123/3142/3705 4126/3145/3708 4127/3146/3709
f 4123/3142/3705 4127/3146/3709 4124/3143/3706
f 4126/3145/3708 4128/3147/3710 4129/3148/3711
f 4126/3145/3708 4129/3148/3711 4127/3146/3709
f 4128/3147/3710 4130/3149/3712 4131/3150/3713
f 4128/3147/3710 4131/3150/3713 4129/3148/3711
f 4132/3144/3714 4133/3143/3715 4134/3151/3716
f 4132/3144/3714 4134/3151/3716 4135/3152/3717
f 4133/3143/3715 4136/3146/3718 4137/3153/3719
f 4133/3143/3715 4137/3153/3719 4134/3151/3716
f 4136/3146/3718 4138/3148/3720 4139/3154/3721
f 4136/3146/3718 4139/3154/3721 4137/3153/3719
f 4138/3148/3720 4140/3150/3722 4141/3155/3723
f 4138/3148/3720 4141/3155/3723 4139/3154/3721
f 4142/3156/3724 4143/3157/3725 4144/3158/3726
f 4142/3156/3724 4144/3158/3726 4145/3159/3727
f 4146/3160/3728 4147/3161/3729 4148/3162/3730
f 4146/3160/3728 4148/3162/3730 4149/3163/3731
f 4146/3160/3728 4149/3163/3731 4150/3164/3732
f 4146/3160/3728 4150/3164/3732 4151/3165/3733
f 4151/3165/3733 4150/3164/3732 4152/3166/3734
f 4151/3165/3733 4152/3166/3734 4153/3167/3735
f 4154/3168/3736 4155/3169/3737 4156/3170/3738
f 4154/3168/3736 4156/3170/3738 4157/3171/3739
f 4158/3172/3740 4159/3173/3741 4160/3174/3742
f 4158/3172/3740 4160/3174/3742 4161/3175/3743
f 4161/3175/3743 4160/3174/3742 4162/3176/3744
f 4161/3175/3743 4162/3176/3744 4163/3177/3745
f 4163/3177/3745 4162/3176/3744 4164/3178/3746
f 4163/3177/3745 4164/3178/3746 4165/3179/3747
f 4166/3094/3748 4167/3180/3749 4168/3181/3750
f 4166/3094/3748 4168/3181/3750 4169/3095/3751
f 4170/3182/3752 4171/3183/3753 4172/3184/3754
f 4170/3182/3752 4172/3184/3754 4173/3185/3755
f 4174/3186/3756 4170/3182/3752 4173/3185/3755
f 4174/3186/3756 4173/3185/3755 4175/3187/3757
f 4176/3188/3758 4174/3186/3756 4175/3187/3757
f 4176/3188/3758 4175/3187/3757 4177/3189/3759
f 4178/3190/3760 4179/3191/3761 4176/3188/3758
f 4178/3190/3760 4176/3188/3758 4177/3189/3759
f 4180/3192/3762 4181/3193/3763 4182/3194/3764
f 4180/3192/3762 4182/3194/3764 4183/3195/3765
f 4184/3196/3766 4185/3197/3767 4186/3198/3768
f 4184/3196/3766 4186/3198/3768 4187/3199/3769
f 4188/3200/3770 4184/3196/3766 4187/3199/3769
f 4188/3200/3770 4187/3199/3769 4189/3201/3771
f 4190/3202/3772 4188/3200/3770 4189/3201/3771
f 4190/3202/3772 4189/3201/3771 4191/3203/3773
f 4192/3112/3774 4193/3111/3775 4194/3204/3776
f 4192/3112/3774 4194/3204/3776 4195/3205/3777
f 4193/3111/3775 4196/3113/3778 4197/3206/3779
f 4193/3111/3775 4197/3206/3779 4194/3204/3776
f 4196/3113/3778 4198/3114/3780 4199/3207/3781
f 4196/3113/3778 4199/3207/3781 4197/3206/3779
f 4198/3114/3780 4200/3115/3782 4201/3208/3783
f 4198/3114/3780 4201/3208/3783 4199/3207/3781
f 4202/3110/3784 4203/3209/3785 4204/3210/3786
f 4202/3110/3784 4204/3210/3786 4205/3115/3787
f 4206/3105/3788 4207/3211/3789 4203/3209/3785
f 4206/3105/3788 4203/3209/3785 4202/3110/3784
f 4208/3104/3790 4209/3212/3791 4207/3211/3789
f 4208/3104/3790 4207/3211/3789 4206/3105/3788
f 4167/3180/3749 4142/3156/3724 4145/3159/3727
f 4167/3180/3749 4145/3159/3727 4168/3181/3750
f 4139/3154/3721 4141/3155/3723 4171/3183/3753
f 4139/3154/3721 4171/3183/3753 4170/3182/3752
f 4137/3153/3719 4139/3154/3721 4170/3182/3752
f 4137/3153/3719 4170/3182/3752 4174/3186/3756
f 4134/3151/3716 4137/3153/3719 4174/3186/3756
f 4134/3151/3716 4174/3186/3756 4176/3188/3758
f 4135/3152/3717 4134/3151/3716 4176/3188/3758
f 4135/3152/3717 4176/3188/3758 4179/3191/3761
f 4156/3170/3738 4155/3169/3737 4181/3193/3763
f 4156/3170/3738 4181/3193/3763 4180/3192/3762
f 4160/3174/3742 4159/3173/3741 4185/3197/3767
f 4160/3174/3742 4185/3197/3767 4184/3196/3766
f 4162/3176/3744 4160/3174/3742 4184/3196/3766
f 4162/3176/3744 4184/3196/3766 4188/3200/3770
f 4164/3178/3746 4162/3176/3744 4188/3200/3770
f 4164/3178/3746 4188/3200/3770 4190/3202/3772
f 4195/3205/3777 4194/3204/3776 4093/3117/3675
f 4195/3205/3777 4093/3117/3675 4092/3116/3674
f 4194/3204/3776 4197/3206/3779 4096/3120/3678
f 4194/3204/3776 4096/3120/3678 4093/3117/3675
f 4197/3206/3779 4199/3207/3781 4098/3122/3680
f 4197/3206/3779 4098/3122/3680 4096/3120/3678
f 4199/3207/3781 4201/3208/3783 4100/3124/3682
f 4199/3207/3781 4100/3124/3682 4098/3122/3680
f 4203/3209/3785 4151/3165/3733 4153/3167/3735
f 4203/3209/3785 4153/3167/3735 4204/3210/3786
f 4207/3211/3789 4146/3160/3728 4151/3165/3733
f 4207/3211/3789 4151/3165/3733 4203/3209/3785
f 4207/3211/3789 4209/3212/3791 4147/3161/3729
f 4207/3211/3789 4147/3161/3729 4146/3160/3728
f 4185/3197/3767 4180/3192/3762 4183/3195/3765
f 4185/3197/3767 4183/3195/3765 4186/3198/3768
f 4159/3173/3741 4156/3170/3738 4180/3192/3762
f 4159/3173/3741 4180/3192/3762 4185/3197/3767
f 4157/3171/3739 4156/3170/3738 4159/3173/3741
f 4157/3171/3739 4159/3173/3741 4158/3172/3740
f 4118/3137/3700 4117/3136/3699 4123/3142/3705
f 4118/3137/3700 4123/3142/3705 4122/3141/3704
f 4117/3136/3699 4119/3138/3701 4126/3145/3708
f 4117/3136/3699 4126/3145/3708 4123/3142/3705
f 4119/3138/3701 4120/3139/3702 4128/3147/3710
f 4119/3138/3701 4128/3147/3710 4126/3145/3708
f 4120/3139/3702 4121/3140/3703 4130/3149/3712
f 4120/3139/3702 4130/3149/3712 4128/3147/3710
f 4145/3159/3727 4144/3158/3726 4148/3162/3730
f 4145/3159/3727 4148/3162/3730 4147/3161/3729
f 4168/3181/3750 4145/3159/3727 4147/3161/3729
f 4168/3181/3750 4147/3161/3729 4209/3212/3791
f 4169/3095/3751 4168/3181/3750 4209/3212/3791
f 4169/3095/3751 4209/3212/3791 4208/3104/3790
f 4069/3093/3651 4071/3095/3653 4080/3104/3662
f 4069/3093/3651 4080/3104/3662 4078/3102/3660
f 4067/3091/3649 4069/3093/3651 4078/3102/3660
f 4067/3091/3649 4078/3102/3660 4076/3100/3658
f 4064/3088/3646 4067/3091/3649 4076/3100/3658
f 4064/3088/3646 4076/3100/3658 4073/3097/3655
f 4065/3089/3647 4064/3088/3646 4073/3097/3655
f 4065/3089/3647 4073/3097/3655 4072/3096/3654
f 4210/3213/3792 4135/3152/3717 4179/3191/3761
f 4210/3213/3792 4179/3191/3761 4211/3214/3793
f 4212/3215/3794 4132/3144/3714 4135/3152/3717
f 4212/3215/3794 4135/3152/3717 4210/3213/3792
f 4213/3216/3795 4122/3141/3704 4125/3144/3707
f 4213/3216/3795 4125/3144/3707 4214/3215/3796
f 4215/3217/3797 4118/3137/3700 4122/3141/3704
f 4215/3217/3797 4122/3141/3704 4213/3216/3795
f 4216/3218/3798 4113/3132/3695 4118/3137/3700
f 4216/3218/3798 4118/3137/3700 4215/3217/3797
f 4217/3219/3799 4105/3127/3687 4113/3132/3695
f 4217/3219/3799 4113/3132/3695 4216/3218/3798
f 4218/3220/3800 4102/3119/3684 4105/3127/3687
f 4218/3220/3800 4105/3127/3687 4217/3219/3799
f 4219/3221/3801 4092/3116/3674 4095/3119/3677
f 4219/3221/3801 4095/3119/3677 4220/3220/3802
f 4221/3222/3803 4195/3205/3777 4092/3116/3674
f 4221/3222/3803 4092/3116/3674 4219/3221/3801
f 4222/3203/3804 4192/3112/3774 4195/3205/3777
f 4222/3203/3804 4195/3205/3777 4221/3222/3803
f 4223/3201/3805 4083/3107/3665 4088/3112/3670
f 4223/3201/3805 4088/3112/3670 4224/3203/3806
f 4225/3199/3807 4075/3099/3657 4083/3107/3665
f 4225/3199/3807 4083/3107/3665 4223/3201/3805
f 4226/3198/3808 4072/3096/3654 4075/3099/3657
f 4226/3198/3808 4075/3099/3657 4225/3199/3807
f 4227/3195/3809 4065/3089/3647 4072/3096/3654
f 4227/3195/3809 4072/3096/3654 4226/3198/3808
f 4228/3194/3810 4062/3086/3644 4065/3089/3647
f 4228/3194/3810 4065/3089/3647 4227/3195/3809
f 4211/3214/3793 4179/3191/3761 4178/3190/3760
f 4211/3214/3793 4178/3190/3760 4229/3223/3811
o pCube21_lambert2_0
v 0.164282 0.158129 0.008932
v 0.168181 0.162609 0.008932
v 0.163133 0.160725 0.010492
v 0.160239 0.155634 0.008932
v 0.170018 0.167716 0.008932
v 0.164842 0.168013 0.010492
v 0.170415 0.173687 0.008932
v 0.167374 0.175154 0.010492
v 0.168654 0.179718 0.008932
v 0.164560 0.184257 0.008932
v 0.155715 0.157800 0.010492
v 0.153438 0.152679 0.008949
v 0.158457 0.168158 0.010492
v 0.160462 0.177964 0.010492
v 0.159234 0.184901 0.008932
v 0.146676 0.158121 0.010492
v 0.147692 0.152711 0.008932
v 0.149016 0.168567 0.010492
v 0.151921 0.177208 0.010492
v 0.155070 0.182240 0.008932
v 0.142850 0.163826 0.008932
v 0.143239 0.156755 0.008932
v 0.144308 0.168821 0.008932
v 0.146413 0.175471 0.008932
v 0.149532 0.181439 0.008932
v 0.140599 0.154177 -0.006891
v 0.140126 0.162765 -0.006891
v 0.142418 0.163657 -0.008933
v 0.142821 0.156347 -0.008933
v 0.141897 0.168832 -0.006891
v 0.143926 0.168823 -0.008933
v 0.144453 0.176909 -0.006891
v 0.146102 0.175699 -0.008933
v 0.148242 0.184157 -0.006891
v 0.149328 0.181870 -0.008933
v 0.142821 0.156347 -0.008933
v 0.142418 0.163657 -0.008933
v 0.146676 0.158121 -0.010492
v 0.147425 0.152165 -0.008933
v 0.143926 0.168823 -0.008933
v 0.149016 0.168567 -0.010492
v 0.146102 0.175699 -0.008933
v 0.151921 0.177208 -0.010492
v 0.149328 0.181870 -0.008933
v 0.155053 0.182698 -0.008933
v 0.155715 0.157800 -0.010492
v 0.153366 0.152132 -0.008948
v 0.158457 0.168158 -0.010492
v 0.160462 0.177964 -0.010492
v 0.159359 0.185450 -0.008933
v 0.163133 0.160725 -0.010492
v 0.160398 0.155187 -0.008933
v 0.164842 0.168013 -0.010492
v 0.167374 0.175154 -0.010492
v 0.164867 0.184784 -0.008933
v 0.168660 0.162621 -0.008933
v 0.164786 0.158701 -0.008933
v 0.170510 0.167680 -0.008933
v 0.170921 0.173854 -0.008933
v 0.169100 0.180091 -0.008933
v 0.164786 0.158701 -0.008933
v 0.168660 0.162621 -0.008933
v 0.170891 0.161287 -0.006891
v 0.166156 0.155845 -0.006891
v 0.170510 0.167680 -0.008933
v 0.173122 0.167490 -0.006891
v 0.170921 0.173854 -0.008933
v 0.173605 0.174741 -0.006891
v 0.169100 0.180091 -0.008933
v 0.171466 0.182067 -0.006891
v 0.171466 0.182067 -0.006891
v 0.169100 0.180091 -0.008933
v 0.164867 0.184784 -0.008933
v 0.166494 0.187579 -0.006891
v 0.160025 0.188362 -0.006891
v 0.159359 0.185450 -0.008933
v 0.155053 0.182698 -0.008933
v 0.154967 0.185130 -0.006891
v 0.149328 0.181870 -0.008933
v 0.148242 0.184157 -0.006891
v 0.164786 0.158701 -0.008933
v 0.166156 0.155845 -0.006891
v 0.161245 0.152816 -0.006891
v 0.160398 0.155187 -0.008933
v 0.152985 0.149227 -0.006902
v 0.153366 0.152132 -0.008948
v 0.146007 0.149266 -0.006891
v 0.147425 0.152165 -0.008933
v 0.140599 0.154177 -0.006891
v 0.142821 0.156347 -0.008933
v 0.168654 0.179718 0.008932
v 0.171466 0.182067 0.006938
v 0.166494 0.187579 0.006938
v 0.164560 0.184257 0.008932
v 0.173605 0.174741 0.006938
v 0.171466 0.182067 0.006938
v 0.168654 0.179718 0.008932
v 0.170415 0.173687 0.008932
v 0.173122 0.167490 0.006938
v 0.170018 0.167716 0.008932
v 0.170891 0.161287 0.006938
v 0.168181 0.162609 0.008932
v 0.166156 0.155845 0.006938
v 0.164282 0.158129 0.008932
v 0.161245 0.152816 0.006938
v 0.166156 0.155845 0.006938
v 0.164282 0.158129 0.008932
v 0.160239 0.155634 0.008932
v 0.152985 0.149227 0.006949
v 0.153438 0.152679 0.008949
v 0.146007 0.149266 0.006938
v 0.147692 0.152711 0.008932
v 0.140599 0.154177 0.006938
v 0.143239 0.156755 0.008932
v 0.143239 0.156755 0.008932
v 0.142850 0.163826 0.008932
v 0.140126 0.162765 0.006938
v 0.140599 0.154177 0.006938
v 0.144308 0.168821 0.008932
v 0.141897 0.168832 0.006938
v 0.146413 0.175471 0.008932
v 0.144453 0.176909 0.006938
v 0.149532 0.181439 0.008932
v 0.148242 0.184157 0.006938
v 0.155070 0.182240 0.008932
v 0.154967 0.185130 0.006938
v 0.148242 0.184157 0.006938
v 0.149532 0.181439 0.008932
v 0.159234 0.184901 0.008932
v 0.160025 0.188362 0.006938
v 0.133936 0.159108 0.010177
v 0.136148 0.164206 0.010177
v 0.129558 0.165448 0.011502
v 0.128811 0.160257 0.010337
v 0.138323 0.171068 0.010613
v 0.131537 0.171935 0.011816
v 0.138966 0.179680 0.010177
v 0.132413 0.179682 0.011502
v 0.134879 0.188001 0.010177
v 0.131369 0.187686 0.010177
v 0.115634 0.163211 0.010748
v 0.116205 0.167885 0.013312
v 0.107096 0.170116 0.013312
v 0.107457 0.166125 0.010748
v 0.117679 0.173408 0.013312
v 0.108570 0.175638 0.013312
v 0.119153 0.178931 0.013312
v 0.110044 0.181161 0.013312
v 0.122345 0.186875 0.010177
v 0.115928 0.186668 0.010177
v 0.101573 0.171590 0.012406
v 0.101718 0.168501 0.010748
v 0.103047 0.177113 0.012406
v 0.104522 0.182635 0.012406
v 0.108402 0.187219 0.010177
v 0.095766 0.174913 0.010177
v 0.096388 0.171816 0.010177
v 0.096136 0.179191 0.010177
v 0.098764 0.183717 0.010464
v 0.102163 0.186620 0.010177
v 0.093938 0.170720 -0.007824
v 0.093175 0.174521 -0.007824
v 0.095766 0.174913 -0.010141
v 0.096388 0.171816 -0.010141
v 0.093629 0.179772 -0.007824
v 0.096136 0.179191 -0.010141
v 0.096854 0.185327 -0.007500
v 0.098764 0.183717 -0.009853
v 0.101026 0.188891 -0.007824
v 0.102163 0.186620 -0.010141
v 0.096388 0.171816 -0.010141
v 0.095766 0.174913 -0.010141
v 0.101573 0.171590 -0.012406
v 0.101718 0.168501 -0.010729
v 0.096136 0.179191 -0.010141
v 0.103047 0.177113 -0.012406
v 0.098764 0.183717 -0.009853
v 0.104522 0.182635 -0.012406
v 0.102163 0.186620 -0.010141
v 0.108402 0.187219 -0.010141
v 0.107096 0.170116 -0.013312
v 0.107457 0.166125 -0.010729
v 0.108570 0.175638 -0.013312
v 0.110044 0.181161 -0.013312
v 0.115928 0.186668 -0.010141
v 0.116205 0.167885 -0.013312
v 0.115634 0.163211 -0.010729
v 0.117679 0.173408 -0.013312
v 0.119153 0.178931 -0.013312
v 0.122345 0.186875 -0.010141
v 0.128811 0.160257 -0.010305
v 0.129558 0.165448 -0.011476
v 0.136148 0.164206 -0.010141
v 0.133936 0.159108 -0.010141
v 0.131537 0.171935 -0.011162
v 0.138323 0.171068 -0.009705
v 0.132413 0.179682 -0.011476
v 0.138966 0.179680 -0.010141
v 0.131369 0.187686 -0.010141
v 0.134879 0.188001 -0.010141
v 0.133936 0.159108 -0.010141
v 0.136148 0.164206 -0.010141
v 0.142030 0.161569 -0.007824
v 0.139187 0.155482 -0.007824
v 0.138323 0.171068 -0.009705
v 0.144699 0.169991 -0.007333
v 0.138966 0.179680 -0.010141
v 0.145489 0.180562 -0.007824
v 0.134879 0.188001 -0.010141
v 0.140472 0.190775 -0.007824
v 0.140472 0.190775 -0.007824
v 0.134879 0.188001 -0.010141
v 0.131369 0.187686 -0.010141
v 0.136164 0.190388 -0.007824
v 0.117211 0.189139 -0.007824
v 0.125088 0.189393 -0.007824
v 0.122345 0.186875 -0.010141
v 0.115928 0.186668 -0.010141
v 0.108402 0.187219 -0.010141
v 0.108684 0.189625 -0.007824
v 0.102163 0.186620 -0.010141
v 0.101026 0.188891 -0.007824
v 0.132087 0.154845 -0.010141
v 0.136344 0.151019 -0.007824
v 0.130524 0.150239 -0.007824
v 0.128185 0.155916 -0.010141
v 0.118156 0.158670 -0.010141
v 0.119946 0.154774 -0.007824
v 0.107185 0.159827 -0.007824
v 0.107760 0.162788 -0.010141
v 0.100629 0.163480 -0.007824
v 0.101840 0.165918 -0.010141
v 0.094576 0.167541 -0.007824
v 0.096908 0.169227 -0.010141
v 0.134879 0.188001 0.010177
v 0.140472 0.190775 0.007341
v 0.136164 0.190388 0.007341
v 0.131369 0.187686 0.010177
v 0.145489 0.180562 0.007341
v 0.140472 0.190775 0.007341
v 0.134879 0.188001 0.010177
v 0.138966 0.179680 0.010177
v 0.144699 0.169991 0.007831
v 0.138323 0.171068 0.010613
v 0.142030 0.161569 0.007341
v 0.136148 0.164206 0.010177
v 0.133936 0.159108 0.010177
v 0.139187 0.155482 0.007341
v 0.130524 0.150239 0.007341
v 0.136344 0.151019 0.007341
v 0.132087 0.154845 0.010177
v 0.128185 0.155916 0.010177
v 0.107185 0.159827 0.007341
v 0.119946 0.154774 0.007341
v 0.118156 0.158670 0.010177
v 0.107760 0.162788 0.010177
v 0.100629 0.163480 0.007341
v 0.101840 0.165918 0.010177
v 0.094576 0.167541 0.007341
v 0.096908 0.169227 0.010177
v 0.096388 0.171816 0.010177
v 0.095766 0.174913 0.010177
v 0.093175 0.174521 0.007341
v 0.093938 0.170720 0.007341
v 0.096136 0.179191 0.010177
v 0.093629 0.179772 0.007341
v 0.098764 0.183717 0.010464
v 0.096854 0.185327 0.007664
v 0.102163 0.186620 0.010177
v 0.101026 0.188891 0.007341
v 0.108402 0.187219 0.010177
v 0.108684 0.189625 0.007341
v 0.101026 0.188891 0.007341
v 0.102163 0.186620 0.010177
v 0.115928 0.186668 0.010177
v 0.117211 0.189139 0.007341
v 0.122345 0.186875 0.010177
v 0.125088 0.189393 0.007341
v 0.136344 0.151019 -0.007824
v 0.136344 0.151019 0.007341
v 0.132087 0.154845 -0.010141
v 0.128185 0.155916 -0.010141
v 0.132087 0.154845 -0.010141
v 0.118156 0.158670 -0.010141
v 0.107760 0.162788 -0.010141
v 0.101840 0.165918 -0.010141
v 0.096908 0.169227 -0.010141
v 0.094576 0.167541 -0.007824
v 0.096908 0.169227 -0.010141
v 0.094576 0.167541 0.007341
v 0.096908 0.169227 0.010177
v 0.101840 0.165918 0.010177
v 0.096908 0.169227 0.010177
v 0.107760 0.162788 0.010177
v 0.118156 0.158670 0.010177
v 0.128185 0.155916 0.010177
v 0.132087 0.154845 0.010177
v 0.132087 0.154845 0.010177
vn 0.3294 -0.3751 0.8665
vn 0.3077 -0.1207 0.9438
vn 0.1196 -0.1167 0.9859
vn 0.1680 -0.3583 0.9184
vn 0.3228 -0.0810 0.9430
vn 0.1065 -0.0275 0.9939
vn 0.3507 -0.0024 0.9365
vn 0.1561 0.0665 0.9855
vn 0.3710 0.2055 0.9056
vn 0.0894 0.2057 0.9745
vn 0.0300 -0.1148 0.9929
vn 0.0286 -0.2998 0.9536
vn -0.0000 -0.0000 1.0000
vn 0.0051 0.1026 0.9947
vn 0.0028 0.2299 0.9732
vn -0.1156 -0.0810 0.9900
vn -0.0755 -0.2604 0.9625
vn -0.0969 0.0283 0.9949
vn -0.0878 0.0962 0.9915
vn -0.0946 0.2588 0.9613
vn -0.3060 0.0428 0.9511
vn -0.3566 -0.1553 0.9212
vn -0.3000 0.0842 0.9502
vn -0.2807 0.1303 0.9509
vn -0.1903 0.2434 0.9511
vn -0.9944 -0.0548 -0.0904
vn -0.9885 0.0829 -0.1265
vn -0.6812 0.0860 -0.7270
vn -0.6569 -0.0362 -0.7531
vn -0.9503 0.2906 -0.1114
vn -0.6927 0.2129 -0.6891
vn -0.9177 0.3812 -0.1124
vn -0.6655 0.2685 -0.6964
vn -0.8830 0.4615 -0.0850
vn -0.6298 0.3292 -0.7035
vn -0.3163 -0.1378 -0.9386
vn -0.2844 0.0359 -0.9580
vn -0.1100 -0.0772 -0.9909
vn -0.0745 -0.2335 -0.9695
vn -0.2800 0.0786 -0.9568
vn -0.0954 0.0279 -0.9950
vn -0.2591 0.1233 -0.9579
vn -0.0864 0.0937 -0.9919
vn -0.1748 0.2235 -0.9589
vn -0.0896 0.2391 -0.9669
vn 0.0290 -0.1116 -0.9933
vn 0.0270 -0.2730 -0.9616
vn -0.0000 -0.0000 -1.0000
vn 0.0043 0.0997 -0.9950
vn 0.0034 0.2124 -0.9772
vn 0.1196 -0.1169 -0.9859
vn 0.1529 -0.3266 -0.9327
vn 0.1034 -0.0267 -0.9943
vn 0.1471 0.0617 -0.9872
vn 0.0854 0.1894 -0.9782
vn 0.2860 -0.1117 -0.9517
vn 0.3431 -0.3814 -0.8584
vn 0.2948 -0.0737 -0.9527
vn 0.3157 0.0054 -0.9489
vn 0.3246 0.1798 -0.9286
vn 0.4395 -0.4042 -0.8021
vn 0.5134 -0.3176 -0.7972
vn 0.8490 -0.5096 -0.1397
vn 0.7469 -0.6534 -0.1235
vn 0.6040 -0.1274 -0.7868
vn 0.9705 -0.1946 -0.1421
vn 0.5926 0.0569 -0.8035
vn 0.9822 0.1139 -0.1494
vn 0.5624 0.1642 -0.8104
vn 0.9514 0.2778 -0.1327
vn 0.7311 0.6593 -0.1754
vn 0.4104 0.3701 -0.8334
vn 0.2537 0.4700 -0.8454
vn 0.4772 0.8648 -0.1561
vn -0.1961 0.9704 -0.1411
vn -0.1698 0.5916 -0.7882
vn -0.1982 0.6263 -0.7540
vn -0.3363 0.9306 -0.1445
vn -0.0924 0.6385 -0.7640
vn -0.1421 0.9822 -0.1227
vn 0.3411 -0.4847 -0.8054
vn 0.5234 -0.8332 -0.1783
vn 0.4459 -0.8820 -0.1525
vn 0.2946 -0.5360 -0.7911
vn 0.2203 -0.9648 -0.1438
vn 0.1552 -0.5818 -0.7984
vn -0.3684 -0.9167 -0.1546
vn -0.1927 -0.5006 -0.8439
vn -0.6620 -0.7289 -0.1747
vn -0.3699 -0.4073 -0.8350
vn 0.3553 0.3204 0.8781
vn 0.7269 0.6555 0.2049
vn 0.4752 0.8612 0.1806
vn 0.2187 0.4055 0.8875
vn 0.9782 0.1136 0.1740
vn 0.9486 0.2770 0.1532
vn 0.4903 0.1432 0.8597
vn 0.5178 0.0491 0.8541
vn 0.9668 -0.1938 0.1665
vn 0.5313 -0.1123 0.8397
vn 0.8479 -0.5062 0.1576
vn 0.4728 -0.2873 0.8330
vn 0.7453 -0.6486 0.1545
vn 0.4262 -0.3709 0.8251
vn 0.4423 -0.8811 0.1673
vn 0.5185 -0.8404 0.1578
vn 0.2956 -0.4792 0.8264
vn 0.2538 -0.4972 0.8297
vn 0.2194 -0.9612 0.1671
vn 0.1368 -0.5091 0.8497
vn -0.3670 -0.9129 0.1789
vn -0.1663 -0.4322 0.8863
vn -0.6582 -0.7247 0.2039
vn -0.3201 -0.3524 0.8794
vn -0.5822 -0.0321 0.8124
vn -0.6086 0.0786 0.7896
vn -0.9855 0.0825 0.1480
vn -0.9932 -0.0547 0.1024
vn -0.6249 0.1923 0.7566
vn -0.9481 0.2899 0.1304
vn -0.5996 0.2413 0.7631
vn -0.9155 0.3803 0.1313
vn -0.5660 0.2958 0.7695
vn -0.8821 0.4610 0.0965
vn -0.1738 0.5552 0.8134
vn -0.3350 0.9267 0.1701
vn -0.1417 0.9796 0.1422
vn -0.0816 0.5642 0.8216
vn -0.1511 0.5193 0.8411
vn -0.1951 0.9670 0.1638
vn 0.0684 -0.1003 0.9926
vn 0.1431 -0.1188 0.9826
vn 0.0887 -0.1709 0.9813
vn 0.0223 -0.1956 0.9804
vn 0.1797 -0.0319 0.9832
vn 0.1415 -0.0302 0.9895
vn 0.1657 0.0610 0.9843
vn 0.1177 0.1112 0.9868
vn 0.1260 0.1195 0.9848
vn 0.0803 0.2188 0.9725
vn -0.0449 -0.3018 0.9523
vn 0.0104 -0.2137 0.9768
vn -0.1178 -0.2132 0.9699
vn -0.1370 -0.3838 0.9132
vn 0.0725 -0.0188 0.9972
vn -0.0579 0.0155 0.9982
vn 0.0710 0.1505 0.9861
vn -0.0133 0.2395 0.9708
vn 0.0576 0.2996 0.9523
vn 0.0428 0.4078 0.9121
vn -0.2713 -0.1336 0.9532
vn -0.2212 -0.3306 0.9175
vn -0.2294 0.0585 0.9716
vn -0.1460 0.2571 0.9553
vn -0.0163 0.4556 0.8900
vn -0.3268 -0.0064 0.9451
vn -0.3427 -0.2545 0.9043
vn -0.2995 0.0748 0.9511
vn -0.2515 0.1815 0.9507
vn -0.1279 0.4255 0.8959
vn -0.9714 -0.1951 -0.1353
vn -0.9913 -0.0346 -0.1269
vn -0.6647 -0.0189 -0.7468
vn -0.6497 -0.1305 -0.7489
vn -0.9394 0.3195 -0.1243
vn -0.6269 0.2401 -0.7411
vn -0.7712 0.6261 -0.1148
vn -0.5341 0.4332 -0.7260
vn -0.6504 0.7497 -0.1225
vn -0.4807 0.4942 -0.7243
vn -0.3475 -0.2573 -0.9017
vn -0.3315 -0.0064 -0.9434
vn -0.2740 -0.1348 -0.9522
vn -0.2240 -0.3343 -0.9154
vn -0.3153 0.1088 -0.9428
vn -0.2382 0.0761 -0.9682
vn -0.2825 0.2224 -0.9331
vn -0.1644 0.2693 -0.9489
vn -0.1745 0.4066 -0.8968
vn -0.0246 0.4561 -0.8896
vn -0.1184 -0.2150 -0.9694
vn -0.1384 -0.3876 -0.9114
vn -0.0579 0.0155 -0.9982
vn -0.0128 0.2421 -0.9702
vn 0.0433 0.4118 -0.9103
vn 0.0208 -0.2012 -0.9793
vn -0.0452 -0.3049 -0.9513
vn 0.0895 -0.0193 -0.9958
vn 0.0804 0.1331 -0.9878
vn 0.0583 0.3026 -0.9513
vn 0.0228 -0.1974 -0.9801
vn 0.1078 -0.1372 -0.9847
vn 0.1667 -0.0546 -0.9845
vn 0.0692 -0.1010 -0.9925
vn 0.1668 -0.0349 -0.9854
vn 0.2018 -0.0393 -0.9786
vn 0.1283 0.0770 -0.9887
vn 0.1749 0.0025 -0.9846
vn 0.0812 0.2208 -0.9719
vn 0.1269 0.1205 -0.9846
vn 0.3148 -0.1526 -0.9368
vn 0.3304 -0.0891 -0.9396
vn 0.8905 -0.3280 -0.3153
vn 0.8412 -0.4487 -0.3018
vn 0.3413 -0.0620 -0.9379
vn 0.9407 -0.1717 -0.2927
vn 0.3274 0.0477 -0.9437
vn 0.9392 0.1859 -0.2886
vn 0.3123 0.1534 -0.9375
vn 0.8530 0.4190 -0.3112
vn -0.0894 0.9951 -0.0419
vn -0.0640 0.7126 -0.6987
vn -0.0640 0.7125 -0.6987
vn -0.0891 0.9921 -0.0884
vn 0.0133 0.9913 -0.1310
vn -0.0667 0.9894 -0.1293
vn -0.0361 0.6977 -0.7155
vn 0.0204 0.6843 -0.7289
vn -0.0099 0.6892 -0.7245
vn -0.0140 0.9919 -0.1261
vn -0.0668 0.6960 -0.7149
vn -0.0950 0.9900 -0.1048
vn -0.0133 -0.4457 -0.8951
vn 0.1206 -0.9830 -0.1382
vn -0.2166 -0.9614 -0.1696
vn -0.1435 -0.4816 -0.8646
vn -0.2104 -0.5474 -0.8100
vn -0.3693 -0.9109 -0.1838
vn -0.4049 -0.9013 -0.1539
vn -0.2589 -0.5680 -0.7812
vn -0.5156 -0.8447 -0.1437
vn -0.3337 -0.5510 -0.7649
vn -0.5533 -0.8245 -0.1189
vn -0.3629 -0.5409 -0.7588
vn -0.0699 0.7786 0.6237
vn -0.0894 0.9950 0.0453
vn -0.0891 0.9921 0.0882
vn 0.9420 0.1940 0.2739
vn 0.8552 0.4200 0.3037
vn 0.3712 0.1823 0.9105
vn 0.3861 0.1026 0.9167
vn 0.9356 -0.1697 0.3097
vn 0.3862 -0.0715 0.9196
vn 0.8903 -0.3469 0.2950
vn 0.3686 -0.1700 0.9139
vn 0.3741 -0.1814 0.9095
vn 0.8435 -0.4489 0.2950
vn -0.2163 -0.9618 0.1680
vn 0.1179 -0.9832 0.1394
vn -0.0156 -0.5204 0.8538
vn -0.1647 -0.5554 0.8151
vn -0.4051 -0.9019 0.1497
vn -0.3689 -0.9121 0.1787
vn -0.2373 -0.6182 0.7493
vn -0.2897 -0.6363 0.7150
vn -0.5157 -0.8452 0.1401
vn -0.3717 -0.6140 0.6963
vn -0.5533 -0.8246 0.1181
vn -0.4036 -0.6015 0.6894
vn -0.7204 -0.1447 0.6784
vn -0.7365 -0.0212 0.6761
vn -0.9916 -0.0347 0.1246
vn -0.9719 -0.1952 0.1318
vn -0.7070 0.2267 0.6699
vn -0.9408 0.3186 0.1160
vn -0.5788 0.4686 0.6674
vn -0.7706 0.6247 0.1259
vn -0.4573 0.5975 0.6587
vn -0.6408 0.7601 0.1077
vn -0.0106 0.7586 0.6515
vn -0.0138 0.9923 0.1231
vn -0.0950 0.9900 0.1043
vn -0.0733 0.7640 0.6410
vn 0.0217 0.7543 0.6562
vn 0.0133 0.9918 0.1274
vn -0.0406 0.7663 0.6412
vn -0.0669 0.9899 0.1251
vn 0.8135 -0.5087 -0.2819
vn 0.8157 -0.5082 0.2763
vn 0.3195 -0.1718 -0.9319
vn 0.0024 -0.0644 -0.9979
vn 0.0126 -0.0228 -0.9997
vn -0.0128 -0.0990 -0.9950
vn -0.0707 -0.1763 -0.9818
vn -0.1059 -0.1829 -0.9774
vn -0.1395 -0.1289 -0.9818
vn -0.9744 -0.1957 -0.1110
vn -0.9744 -0.1957 0.1108
vn -0.1031 -0.1780 0.9786
vn -0.1357 -0.1254 0.9828
vn -0.0687 -0.1715 0.9828
vn -0.0124 -0.0962 0.9953
vn 0.0023 -0.0626 0.9980
vn 0.0123 -0.0221 0.9997
vn 0.3789 -0.2037 0.9027
vt 0.375000 1.000000
vt 0.437500 1.000000
vt 0.437500 0.937500
vt 0.375000 0.937500
vt 0.500000 1.000000
vt 0.500000 0.937500
vt 0.562500 1.000000
vt 0.562500 0.937500
vt 0.625000 1.000000
vt 0.625000 0.937500
vt 0.437500 0.875000
vt 0.375000 0.875000
vt 0.500000 0.875000
vt 0.562500 0.875000
vt 0.625000 0.875000
vt 0.437500 0.812500
vt 0.375000 0.812500
vt 0.500000 0.812500
vt 0.562500 0.812500
vt 0.625000 0.812500
vt 0.437500 0.750000
vt 0.375000 0.750000
vt 0.500000 0.750000
vt 0.562500 0.750000
vt 0.625000 0.750000
vt 0.375000 0.530258
vt 0.437500 0.530258
vt 0.437500 0.500000
vt 0.375000 0.500000
vt 0.500000 0.530258
vt 0.500000 0.500000
vt 0.562500 0.530258
vt 0.562500 0.500000
vt 0.625000 0.530258
vt 0.625000 0.500000
vt 0.437500 0.437500
vt 0.375000 0.437500
vt 0.500000 0.437500
vt 0.562500 0.437500
vt 0.625000 0.437500
vt 0.437500 0.375000
vt 0.375000 0.375000
vt 0.500000 0.375000
vt 0.562500 0.375000
vt 0.625000 0.375000
vt 0.437500 0.312500
vt 0.375000 0.312500
vt 0.500000 0.312500
vt 0.562500 0.312500
vt 0.625000 0.312500
vt 0.437500 0.250000
vt 0.375000 0.250000
vt 0.500000 0.250000
vt 0.562500 0.250000
vt 0.625000 0.250000
vt 0.437500 0.219742
vt 0.375000 0.219742
vt 0.500000 0.219742
vt 0.562500 0.219742
vt 0.625000 0.219742
vt 0.844742 1.000000
vt 0.875000 1.000000
vt 0.875000 0.937500
vt 0.844742 0.937500
vt 0.844742 0.875000
vt 0.875000 0.875000
vt 0.875000 0.812500
vt 0.844742 0.812500
vt 0.875000 0.750000
vt 0.844742 0.750000
vt 0.125000 1.000000
vt 0.155258 1.000000
vt 0.155258 0.937500
vt 0.125000 0.937500
vt 0.155258 0.875000
vt 0.125000 0.875000
vt 0.155258 0.812500
vt 0.125000 0.812500
vt 0.155258 0.750000
vt 0.125000 0.750000
vt 0.654699 1.000000
vt 0.654699 0.937500
vt 0.562500 0.029699
vt 0.625000 0.029699
vt 0.625000 0.000000
vt 0.562500 0.000000
vt 0.500000 0.029699
vt 0.500000 0.000000
vt 0.437500 0.029699
vt 0.437500 0.000000
vt 0.375000 0.029699
vt 0.375000 0.000000
vt 0.345301 0.937500
vt 0.345301 1.000000
vt 0.345301 0.875000
vt 0.345301 0.812500
vt 0.345301 0.750000
vt 0.437500 0.720301
vt 0.375000 0.720301
vt 0.500000 0.720301
vt 0.562500 0.720301
vt 0.625000 0.720301
vt 0.654699 0.812500
vt 0.654699 0.750000
vt 0.654699 0.875000
vt 0.403461 1.000000
vt 0.437500 0.982496
vt 0.403461 0.982496
vt 0.500000 0.982496
vt 0.562500 0.982496
vt 0.625000 0.982496
vt 0.403461 0.937500
vt 0.403461 0.875000
vt 0.403461 0.812500
vt 0.403461 0.750000
vt 0.403461 0.534871
vt 0.437500 0.534871
vt 0.403461 0.500000
vt 0.500000 0.534871
vt 0.562500 0.534871
vt 0.625000 0.534871
vt 0.403461 0.437500
vt 0.403461 0.375000
vt 0.403461 0.312500
vt 0.403461 0.267504
vt 0.437500 0.267504
vt 0.403461 0.250000
vt 0.500000 0.267504
vt 0.562500 0.267504
vt 0.625000 0.267504
vt 0.437500 0.215129
vt 0.403461 0.215129
vt 0.500000 0.215129
vt 0.562500 0.215129
vt 0.625000 0.215129
vt 0.840129 1.000000
vt 0.875000 0.982496
vt 0.840129 0.982496
vt 0.840129 0.875000
vt 0.840129 0.937500
vt 0.840129 0.812500
vt 0.840129 0.750000
vt 0.159871 1.000000
vt 0.159871 0.982496
vt 0.125000 0.982496
vt 0.159871 0.937500
vt 0.159871 0.875000
vt 0.159871 0.812500
vt 0.159871 0.750000
vt 0.663547 1.000000
vt 0.663547 0.982496
vt 0.562500 0.038547
vt 0.625000 0.038547
vt 0.500000 0.038547
vt 0.437500 0.038547
vt 0.403461 0.000000
vt 0.403461 0.038547
vt 0.336453 0.982496
vt 0.336453 1.000000
vt 0.375000 0.982496
vt 0.336453 0.875000
vt 0.336453 0.937500
vt 0.336453 0.812500
vt 0.336453 0.750000
vt 0.437500 0.711453
vt 0.403461 0.711453
vt 0.500000 0.711453
vt 0.562500 0.711453
vt 0.625000 0.711453
vt 0.663547 0.812500
vt 0.663547 0.750000
vt 0.663547 0.875000
vt 0.663547 0.937500
vt 0.375000 0.215129
vt 0.375000 0.038547
vt 0.375000 0.267504
vt 0.375000 0.534871
vt 0.375000 0.711453
s 1
usemtl lambert2
f 4230/3224/3812 4231/3225/3813 4232/3226/3814
f 4230/3224/3812 4232/3226/3814 4233/3227/3815
f 4231/3225/3813 4234/3228/3816 4235/3229/3817
f 4231/3225/3813 4235/3229/3817 4232/3226/3814
f 4234/3228/3816 4236/3230/3818 4237/3231/3819
f 4234/3228/3816 4237/3231/3819 4235/3229/3817
f 4236/3230/3818 4238/3232/3820 4239/3233/3821
f 4236/3230/3818 4239/3233/3821 4237/3231/3819
f 4233/3227/3815 4232/3226/3814 4240/3234/3822
f 4233/3227/3815 4240/3234/3822 4241/3235/3823
f 4232/3226/3814 4235/3229/3817 4242/3236/3824
f 4232/3226/3814 4242/3236/3824 4240/3234/3822
f 4235/3229/3817 4237/3231/3819 4243/3237/3825
f 4235/3229/3817 4243/3237/3825 4242/3236/3824
f 4237/3231/3819 4239/3233/3821 4244/3238/3826
f 4237/3231/3819 4244/3238/3826 4243/3237/3825
f 4241/3235/3823 4240/3234/3822 4245/3239/3827
f 4241/3235/3823 4245/3239/3827 4246/3240/3828
f 4240/3234/3822 4242/3236/3824 4247/3241/3829
f 4240/3234/3822 4247/3241/3829 4245/3239/3827
f 4242/3236/3824 4243/3237/3825 4248/3242/3830
f 4242/3236/3824 4248/3242/3830 4247/3241/3829
f 4243/3237/3825 4244/3238/3826 4249/3243/3831
f 4243/3237/3825 4249/3243/3831 4248/3242/3830
f 4246/3240/3828 4245/3239/3827 4250/3244/3832
f 4246/3240/3828 4250/3244/3832 4251/3245/3833
f 4245/3239/3827 4247/3241/3829 4252/3246/3834
f 4245/3239/3827 4252/3246/3834 4250/3244/3832
f 4247/3241/3829 4248/3242/3830 4253/3247/3835
f 4247/3241/3829 4253/3247/3835 4252/3246/3834
f 4248/3242/3830 4249/3243/3831 4254/3248/3836
f 4248/3242/3830 4254/3248/3836 4253/3247/3835
f 4255/3249/3837 4256/3250/3838 4257/3251/3839
f 4255/3249/3837 4257/3251/3839 4258/3252/3840
f 4256/3250/3838 4259/3253/3841 4260/3254/3842
f 4256/3250/3838 4260/3254/3842 4257/3251/3839
f 4259/3253/3841 4261/3255/3843 4262/3256/3844
f 4259/3253/3841 4262/3256/3844 4260/3254/3842
f 4261/3255/3843 4263/3257/3845 4264/3258/3846
f 4261/3255/3843 4264/3258/3846 4262/3256/3844
f 4265/3252/3847 4266/3251/3848 4267/3259/3849
f 4265/3252/3847 4267/3259/3849 4268/3260/3850
f 4266/3251/3848 4269/3254/3851 4270/3261/3852
f 4266/3251/3848 4270/3261/3852 4267/3259/3849
f 4269/3254/3851 4271/3256/3853 4272/3262/3854
f 4269/3254/3851 4272/3262/3854 4270/3261/3852
f 4271/3256/3853 4273/3258/3855 4274/3263/3856
f 4271/3256/3853 4274/3263/3856 4272/3262/3854
f 4268/3260/3850 4267/3259/3849 4275/3264/3857
f 4268/3260/3850 4275/3264/3857 4276/3265/3858
f 4267/3259/3849 4270/3261/3852 4277/3266/3859
f 4267/3259/3849 4277/3266/3859 4275/3264/3857
f 4270/3261/3852 4272/3262/3854 4278/3267/3860
f 4270/3261/3852 4278/3267/3860 4277/3266/3859
f 4272/3262/3854 4274/3263/3856 4279/3268/3861
f 4272/3262/3854 4279/3268/3861 4278/3267/3860
f 4276/3265/3858 4275/3264/3857 4280/3269/3862
f 4276/3265/3858 4280/3269/3862 4281/3270/3863
f 4275/3264/3857 4277/3266/3859 4282/3271/3864
f 4275/3264/3857 4282/3271/3864 4280/3269/3862
f 4277/3266/3859 4278/3267/3860 4283/3272/3865
f 4277/3266/3859 4283/3272/3865 4282/3271/3864
f 4278/3267/3860 4279/3268/3861 4284/3273/3866
f 4278/3267/3860 4284/3273/3866 4283/3272/3865
f 4281/3270/3863 4280/3269/3862 4285/3274/3867
f 4281/3270/3863 4285/3274/3867 4286/3275/3868
f 4280/3269/3862 4282/3271/3864 4287/3276/3869
f 4280/3269/3862 4287/3276/3869 4285/3274/3867
f 4282/3271/3864 4283/3272/3865 4288/3277/3870
f 4282/3271/3864 4288/3277/3870 4287/3276/3869
f 4283/3272/3865 4284/3273/3866 4289/3278/3871
f 4283/3272/3865 4289/3278/3871 4288/3277/3870
f 4290/3275/3872 4291/3274/3873 4292/3279/3874
f 4290/3275/3872 4292/3279/3874 4293/3280/3875
f 4291/3274/3873 4294/3276/3876 4295/3281/3877
f 4291/3274/3873 4295/3281/3877 4292/3279/3874
f 4294/3276/3876 4296/3277/3878 4297/3282/3879
f 4294/3276/3876 4297/3282/3879 4295/3281/3877
f 4296/3277/3878 4298/3278/3880 4299/3283/3881
f 4296/3277/3878 4299/3283/3881 4297/3282/3879
f 4300/3284/3882 4301/3285/3883 4302/3286/3884
f 4300/3284/3882 4302/3286/3884 4303/3287/3885
f 4304/3288/3886 4303/3287/3885 4302/3286/3884
f 4304/3288/3886 4302/3286/3884 4305/3289/3887
f 4304/3288/3886 4305/3289/3887 4306/3290/3888
f 4304/3288/3886 4306/3290/3888 4307/3291/3889
f 4307/3291/3889 4306/3290/3888 4308/3292/3890
f 4307/3291/3889 4308/3292/3890 4309/3293/3891
f 4310/3294/3892 4311/3295/3893 4312/3296/3894
f 4310/3294/3892 4312/3296/3894 4313/3297/3895
f 4313/3297/3895 4312/3296/3894 4314/3298/3896
f 4313/3297/3895 4314/3298/3896 4315/3299/3897
f 4315/3299/3897 4314/3298/3896 4316/3300/3898
f 4315/3299/3897 4316/3300/3898 4317/3301/3899
f 4317/3301/3899 4316/3300/3898 4318/3302/3900
f 4317/3301/3899 4318/3302/3900 4319/3303/3901
f 4320/3232/3902 4321/3304/3903 4322/3305/3904
f 4320/3232/3902 4322/3305/3904 4323/3233/3905
f 4324/3306/3906 4325/3307/3907 4326/3308/3908
f 4324/3306/3906 4326/3308/3908 4327/3309/3909
f 4328/3310/3910 4324/3306/3906 4327/3309/3909
f 4328/3310/3910 4327/3309/3909 4329/3311/3911
f 4330/3312/3912 4328/3310/3910 4329/3311/3911
f 4330/3312/3912 4329/3311/3911 4331/3313/3913
f 4332/3314/3914 4330/3312/3912 4331/3313/3913
f 4332/3314/3914 4331/3313/3913 4333/3315/3915
f 4334/3316/3916 4335/3317/3917 4336/3224/3918
f 4334/3316/3916 4336/3224/3918 4337/3227/3919
f 4338/3318/3920 4334/3316/3916 4337/3227/3919
f 4338/3318/3920 4337/3227/3919 4339/3235/3921
f 4340/3319/3922 4338/3318/3920 4339/3235/3921
f 4340/3319/3922 4339/3235/3921 4341/3240/3923
f 4342/3320/3924 4340/3319/3922 4341/3240/3923
f 4342/3320/3924 4341/3240/3923 4343/3245/3925
f 4344/3245/3926 4345/3244/3927 4346/3321/3928
f 4344/3245/3926 4346/3321/3928 4347/3322/3929
f 4345/3244/3927 4348/3246/3930 4349/3323/3931
f 4345/3244/3927 4349/3323/3931 4346/3321/3928
f 4348/3246/3930 4350/3247/3932 4351/3324/3933
f 4348/3246/3930 4351/3324/3933 4349/3323/3931
f 4350/3247/3932 4352/3248/3934 4353/3325/3935
f 4350/3247/3932 4353/3325/3935 4351/3324/3933
f 4354/3243/3936 4355/3326/3937 4356/3327/3938
f 4354/3243/3936 4356/3327/3938 4357/3248/3939
f 4358/3238/3940 4359/3328/3941 4355/3326/3937
f 4358/3238/3940 4355/3326/3937 4354/3243/3936
f 4323/3233/3905 4322/3305/3904 4359/3328/3941
f 4323/3233/3905 4359/3328/3941 4358/3238/3940
f 4321/3304/3903 4300/3284/3882 4303/3287/3885
f 4321/3304/3903 4303/3287/3885 4322/3305/3904
f 4297/3282/3879 4299/3283/3881 4325/3307/3907
f 4297/3282/3879 4325/3307/3907 4324/3306/3906
f 4295/3281/3877 4297/3282/3879 4324/3306/3906
f 4295/3281/3877 4324/3306/3906 4328/3310/3910
f 4292/3279/3874 4295/3281/3877 4328/3310/3910
f 4292/3279/3874 4328/3310/3910 4330/3312/3912
f 4293/3280/3875 4292/3279/3874 4330/3312/3912
f 4293/3280/3875 4330/3312/3912 4332/3314/3914
f 4312/3296/3894 4311/3295/3893 4335/3317/3917
f 4312/3296/3894 4335/3317/3917 4334/3316/3916
f 4314/3298/3896 4312/3296/3894 4334/3316/3916
f 4314/3298/3896 4334/3316/3916 4338/3318/3920
f 4316/3300/3898 4314/3298/3896 4338/3318/3920
f 4316/3300/3898 4338/3318/3920 4340/3319/3922
f 4318/3302/3900 4316/3300/3898 4340/3319/3922
f 4318/3302/3900 4340/3319/3922 4342/3320/3924
f 4347/3322/3929 4346/3321/3928 4256/3250/3838
f 4347/3322/3929 4256/3250/3838 4255/3249/3837
f 4346/3321/3928 4349/3323/3931 4259/3253/3841
f 4346/3321/3928 4259/3253/3841 4256/3250/3838
f 4349/3323/3931 4351/3324/3933 4261/3255/3843
f 4349/3323/3931 4261/3255/3843 4259/3253/3841
f 4351/3324/3933 4353/3325/3935 4263/3257/3845
f 4351/3324/3933 4263/3257/3845 4261/3255/3843
f 4355/3326/3937 4307/3291/3889 4309/3293/3891
f 4355/3326/3937 4309/3293/3891 4356/3327/3938
f 4359/3328/3941 4304/3288/3886 4307/3291/3889
f 4359/3328/3941 4307/3291/3889 4355/3326/3937
f 4359/3328/3941 4322/3305/3904 4303/3287/3885
f 4359/3328/3941 4303/3287/3885 4304/3288/3886
f 4360/3329/3942 4361/3225/3943 4362/3330/3944
f 4360/3329/3942 4362/3330/3944 4363/3331/3945
f 4361/3225/3943 4364/3228/3946 4365/3332/3947
f 4361/3225/3943 4365/3332/3947 4362/3330/3944
f 4364/3228/3946 4366/3230/3948 4367/3333/3949
f 4364/3228/3946 4367/3333/3949 4365/3332/3947
f 4366/3230/3948 4368/3232/3950 4369/3334/3951
f 4366/3230/3948 4369/3334/3951 4367/3333/3949
f 4370/3335/3952 4371/3226/3953 4372/3234/3954
f 4370/3335/3952 4372/3234/3954 4373/3336/3955
f 4371/3226/3953 4374/3229/3956 4375/3236/3957
f 4371/3226/3953 4375/3236/3957 4372/3234/3954
f 4374/3229/3956 4376/3231/3958 4377/3237/3959
f 4374/3229/3956 4377/3237/3959 4375/3236/3957
f 4376/3231/3958 4378/3233/3960 4379/3238/3961
f 4376/3231/3958 4379/3238/3961 4377/3237/3959
f 4373/3336/3955 4372/3234/3954 4380/3239/3962
f 4373/3336/3955 4380/3239/3962 4381/3337/3963
f 4372/3234/3954 4375/3236/3957 4382/3241/3964
f 4372/3234/3954 4382/3241/3964 4380/3239/3962
f 4375/3236/3957 4377/3237/3959 4383/3242/3965
f 4375/3236/3957 4383/3242/3965 4382/3241/3964
f 4377/3237/3959 4379/3238/3961 4384/3243/3966
f 4377/3237/3959 4384/3243/3966 4383/3242/3965
f 4381/3337/3963 4380/3239/3962 4385/3244/3967
f 4381/3337/3963 4385/3244/3967 4386/3338/3968
f 4380/3239/3962 4382/3241/3964 4387/3246/3969
f 4380/3239/3962 4387/3246/3969 4385/3244/3967
f 4382/3241/3964 4383/3242/3965 4388/3247/3970
f 4382/3241/3964 4388/3247/3970 4387/3246/3969
f 4383/3242/3965 4384/3243/3966 4389/3248/3971
f 4383/3242/3965 4389/3248/3971 4388/3247/3970
f 4390/3339/3972 4391/3340/3973 4392/3251/3974
f 4390/3339/3972 4392/3251/3974 4393/3341/3975
f 4391/3340/3973 4394/3342/3976 4395/3254/3977
f 4391/3340/3973 4395/3254/3977 4392/3251/3974
f 4394/3342/3976 4396/3343/3978 4397/3256/3979
f 4394/3342/3976 4397/3256/3979 4395/3254/3977
f 4396/3343/3978 4398/3344/3980 4399/3258/3981
f 4396/3343/3978 4399/3258/3981 4397/3256/3979
f 4400/3341/3982 4401/3251/3983 4402/3259/3984
f 4400/3341/3982 4402/3259/3984 4403/3345/3985
f 4401/3251/3983 4404/3254/3986 4405/3261/3987
f 4401/3251/3983 4405/3261/3987 4402/3259/3984
f 4404/3254/3986 4406/3256/3988 4407/3262/3989
f 4404/3254/3986 4407/3262/3989 4405/3261/3987
f 4406/3256/3988 4408/3258/3990 4409/3263/3991
f 4406/3256/3988 4409/3263/3991 4407/3262/3989
f 4403/3345/3985 4402/3259/3984 4410/3264/3992
f 4403/3345/3985 4410/3264/3992 4411/3346/3993
f 4402/3259/3984 4405/3261/3987 4412/3266/3994
f 4402/3259/3984 4412/3266/3994 4410/3264/3992
f 4405/3261/3987 4407/3262/3989 4413/3267/3995
f 4405/3261/3987 4413/3267/3995 4412/3266/3994
f 4407/3262/3989 4409/3263/3991 4414/3268/3996
f 4407/3262/3989 4414/3268/3996 4413/3267/3995
f 4411/3346/3993 4410/3264/3992 4415/3269/3997
f 4411/3346/3993 4415/3269/3997 4416/3347/3998
f 4410/3264/3992 4412/3266/3994 4417/3271/3999
f 4410/3264/3992 4417/3271/3999 4415/3269/3997
f 4412/3266/3994 4413/3267/3995 4418/3272/4000
f 4412/3266/3994 4418/3272/4000 4417/3271/3999
f 4413/3267/3995 4414/3268/3996 4419/3273/4001
f 4413/3267/3995 4419/3273/4001 4418/3272/4000
f 4420/3348/4002 4421/3349/4003 4422/3274/4004
f 4420/3348/4002 4422/3274/4004 4423/3350/4005
f 4421/3349/4003 4424/3351/4006 4425/3276/4007
f 4421/3349/4003 4425/3276/4007 4422/3274/4004
f 4424/3351/4006 4426/3352/4008 4427/3277/4009
f 4424/3351/4006 4427/3277/4009 4425/3276/4007
f 4426/3352/4008 4428/3353/4010 4429/3278/4011
f 4426/3352/4008 4429/3278/4011 4427/3277/4009
f 4430/3350/4012 4431/3274/4013 4432/3354/4014
f 4430/3350/4012 4432/3354/4014 4433/3355/4015
f 4431/3274/4013 4434/3276/4016 4435/3356/4017
f 4431/3274/4013 4435/3356/4017 4432/3354/4014
f 4434/3276/4016 4436/3277/4018 4437/3357/4019
f 4434/3276/4016 4437/3357/4019 4435/3356/4017
f 4436/3277/4018 4438/3278/4020 4439/3358/4021
f 4436/3277/4018 4439/3358/4021 4437/3357/4019
f 4440/3359/4022 4441/3285/4023 4442/3360/4024
f 4440/3359/4022 4442/3360/4024 4443/3361/4025
f 4444/3362/4026 4445/3363/4027 4446/3286/4028
f 4444/3362/4026 4446/3286/4028 4447/3289/4029
f 4444/3362/4026 4447/3289/4029 4448/3290/4030
f 4444/3362/4026 4448/3290/4030 4449/3364/4031
f 4449/3364/4031 4448/3290/4030 4450/3292/4032
f 4449/3364/4031 4450/3292/4032 4451/3365/4033
f 4452/3294/4034 4453/3366/4035 4454/3367/4036
f 4452/3294/4034 4454/3367/4036 4455/3368/4037
f 4456/3297/4038 4457/3369/4039 4458/3370/4040
f 4456/3297/4038 4458/3370/4040 4459/3299/4041
f 4459/3299/4041 4458/3370/4040 4460/3371/4042
f 4459/3299/4041 4460/3371/4042 4461/3301/4043
f 4461/3301/4043 4460/3371/4042 4462/3372/4044
f 4461/3301/4043 4462/3372/4044 4463/3303/4045
f 4464/3232/4046 4465/3373/4047 4466/3374/4048
f 4464/3232/4046 4466/3374/4048 4467/3334/4046
f 4468/3375/4049 4469/3376/4050 4470/3308/4051
f 4468/3375/4049 4470/3308/4051 4471/3309/4052
f 4472/3377/4053 4468/3375/4049 4471/3309/4052
f 4472/3377/4053 4471/3309/4052 4473/3311/4054
f 4474/3378/4055 4472/3377/4053 4473/3311/4054
f 4474/3378/4055 4473/3311/4054 4475/3313/4056
f 4476/3379/4057 4477/3380/4058 4474/3378/4055
f 4476/3379/4057 4474/3378/4055 4475/3313/4056
f 4478/3381/4059 4479/3382/4060 4480/3224/4061
f 4478/3381/4059 4480/3224/4061 4481/3383/4062
f 4482/3384/4063 4483/3385/4064 4484/3227/4065
f 4482/3384/4063 4484/3227/4065 4485/3235/4066
f 4486/3386/4067 4482/3384/4063 4485/3235/4066
f 4486/3386/4067 4485/3235/4066 4487/3240/4068
f 4488/3387/4069 4486/3386/4067 4487/3240/4068
f 4488/3387/4069 4487/3240/4068 4489/3245/4070
f 4490/3338/4071 4491/3244/4072 4492/3388/4073
f 4490/3338/4071 4492/3388/4073 4493/3389/4074
f 4491/3244/4072 4494/3246/4075 4495/3390/4076
f 4491/3244/4072 4495/3390/4076 4492/3388/4073
f 4494/3246/4075 4496/3247/4077 4497/3391/4078
f 4494/3246/4075 4497/3391/4078 4495/3390/4076
f 4496/3247/4077 4498/3248/4079 4499/3392/4080
f 4496/3247/4077 4499/3392/4080 4497/3391/4078
f 4500/3243/4081 4501/3393/4082 4502/3394/4083
f 4500/3243/4081 4502/3394/4083 4503/3248/4084
f 4504/3238/4085 4505/3395/4086 4501/3393/4082
f 4504/3238/4085 4501/3393/4082 4500/3243/4081
f 4506/3233/4087 4507/3396/4088 4505/3395/4086
f 4506/3233/4087 4505/3395/4086 4504/3238/4085
f 4465/3373/4047 4440/3359/4022 4443/3361/4025
f 4465/3373/4047 4443/3361/4025 4466/3374/4048
f 4437/3357/4019 4439/3358/4021 4469/3376/4050
f 4437/3357/4019 4469/3376/4050 4468/3375/4049
f 4435/3356/4017 4437/3357/4019 4468/3375/4049
f 4435/3356/4017 4468/3375/4049 4472/3377/4053
f 4432/3354/4014 4435/3356/4017 4472/3377/4053
f 4432/3354/4014 4472/3377/4053 4474/3378/4055
f 4433/3355/4015 4432/3354/4014 4474/3378/4055
f 4433/3355/4015 4474/3378/4055 4477/3380/4058
f 4454/3367/4036 4453/3366/4035 4479/3382/4060
f 4454/3367/4036 4479/3382/4060 4478/3381/4059
f 4458/3370/4040 4457/3369/4039 4483/3385/4064
f 4458/3370/4040 4483/3385/4064 4482/3384/4063
f 4460/3371/4042 4458/3370/4040 4482/3384/4063
f 4460/3371/4042 4482/3384/4063 4486/3386/4067
f 4462/3372/4044 4460/3371/4042 4486/3386/4067
f 4462/3372/4044 4486/3386/4067 4488/3387/4069
f 4493/3389/4074 4492/3388/4073 4391/3340/3973
f 4493/3389/4074 4391/3340/3973 4390/3339/3972
f 4492/3388/4073 4495/3390/4076 4394/3342/3976
f 4492/3388/4073 4394/3342/3976 4391/3340/3973
f 4495/3390/4076 4497/3391/4078 4396/3343/3978
f 4495/3390/4076 4396/3343/3978 4394/3342/3976
f 4497/3391/4078 4499/3392/4080 4398/3344/3980
f 4497/3391/4078 4398/3344/3980 4396/3343/3978
f 4501/3393/4082 4449/3364/4031 4451/3365/4033
f 4501/3393/4082 4451/3365/4033 4502/3394/4083
f 4505/3395/4086 4444/3362/4026 4449/3364/4031
f 4505/3395/4086 4449/3364/4031 4501/3393/4082
f 4505/3395/4086 4507/3396/4088 4445/3363/4027
f 4505/3395/4086 4445/3363/4027 4444/3362/4026
f 4483/3385/4064 4478/3381/4059 4481/3383/4062
f 4483/3385/4064 4481/3383/4062 4484/3227/4065
f 4457/3369/4039 4454/3367/4036 4478/3381/4059
f 4457/3369/4039 4478/3381/4059 4483/3385/4064
f 4455/3368/4037 4454/3367/4036 4457/3369/4039
f 4455/3368/4037 4457/3369/4039 4456/3297/4038
f 4416/3347/3998 4415/3269/3997 4421/3349/4003
f 4416/3347/3998 4421/3349/4003 4420/3348/4002
f 4415/3269/3997 4417/3271/3999 4424/3351/4006
f 4415/3269/3997 4424/3351/4006 4421/3349/4003
f 4417/3271/3999 4418/3272/4000 4426/3352/4008
f 4417/3271/3999 4426/3352/4008 4424/3351/4006
f 4418/3272/4000 4419/3273/4001 4428/3353/4010
f 4418/3272/4000 4428/3353/4010 4426/3352/4008
f 4443/3361/4025 4442/3360/4024 4446/3286/4028
f 4443/3361/4025 4446/3286/4028 4445/3363/4027
f 4466/3374/4048 4443/3361/4025 4445/3363/4027
f 4466/3374/4048 4445/3363/4027 4507/3396/4088
f 4467/3334/4046 4466/3374/4048 4507/3396/4088
f 4467/3334/4046 4507/3396/4088 4506/3233/4087
f 4367/3333/3949 4369/3334/3951 4378/3233/3960
f 4367/3333/3949 4378/3233/3960 4376/3231/3958
f 4365/3332/3947 4367/3333/3949 4376/3231/3958
f 4365/3332/3947 4376/3231/3958 4374/3229/3956
f 4362/3330/3944 4365/3332/3947 4374/3229/3956
f 4362/3330/3944 4374/3229/3956 4371/3226/3953
f 4363/3331/3945 4362/3330/3944 4371/3226/3953
f 4363/3331/3945 4371/3226/3953 4370/3335/3952
f 4508/3397/4089 4433/3355/4015 4477/3380/4058
f 4508/3397/4089 4477/3380/4058 4509/3398/4090
f 4510/3275/4091 4430/3350/4012 4433/3355/4015
f 4510/3275/4091 4433/3355/4015 4508/3397/4089
f 4511/3399/4092 4420/3348/4002 4423/3350/4005
f 4511/3399/4092 4423/3350/4005 4512/3275/4093
f 4513/3270/4094 4416/3347/3998 4420/3348/4002
f 4513/3270/4094 4420/3348/4002 4511/3399/4092
f 4514/3265/4095 4411/3346/3993 4416/3347/3998
f 4514/3265/4095 4416/3347/3998 4513/3270/4094
f 4515/3260/4096 4403/3345/3985 4411/3346/3993
f 4515/3260/4096 4411/3346/3993 4514/3265/4095
f 4516/3252/4097 4400/3341/3982 4403/3345/3985
f 4516/3252/4097 4403/3345/3985 4515/3260/4096
f 4517/3400/4098 4390/3339/3972 4393/3341/3975
f 4517/3400/4098 4393/3341/3975 4518/3252/3975
f 4519/3401/4099 4493/3389/4074 4390/3339/3972
f 4519/3401/4099 4390/3339/3972 4517/3400/4098
f 4520/3245/4071 4490/3338/4071 4493/3389/4074
f 4520/3245/4071 4493/3389/4074 4519/3401/4099
f 4521/3240/4100 4381/3337/3963 4386/3338/3968
f 4521/3240/4100 4386/3338/3968 4522/3245/4101
f 4523/3235/4102 4373/3336/3955 4381/3337/3963
f 4523/3235/4102 4381/3337/3963 4521/3240/4100
f 4524/3227/4103 4370/3335/3952 4373/3336/3955
f 4524/3227/4103 4373/3336/3955 4523/3235/4102
f 4525/3383/4104 4363/3331/3945 4370/3335/3952
f 4525/3383/4104 4370/3335/3952 4524/3227/4103
f 4526/3224/4105 4360/3329/3942 4363/3331/3945
f 4526/3224/4105 4363/3331/3945 4525/3383/4104
f 4509/3398/4090 4477/3380/4058 4476/3379/4057
f 4509/3398/4090 4476/3379/4057 4527/3315/4106
o polySurface2_lambert2_0
v -0.133826 0.159663 -0.010177
v -0.136157 0.164708 -0.010177
v -0.129598 0.166104 -0.011502
v -0.128729 0.160932 -0.010337
v -0.138492 0.171516 -0.010613
v -0.131728 0.172542 -0.011816
v -0.139337 0.180112 -0.010177
v -0.132786 0.180267 -0.011502
v -0.135446 0.188526 -0.010177
v -0.131930 0.188293 -0.010177
v -0.115626 0.164193 -0.010748
v -0.116305 0.168853 -0.013312
v -0.107251 0.171296 -0.013312
v -0.107519 0.167298 -0.010748
v -0.117909 0.174340 -0.013312
v -0.108854 0.176783 -0.013312
v -0.119512 0.179827 -0.013312
v -0.110458 0.182270 -0.013312
v -0.122889 0.187694 -0.010177
v -0.116469 0.187638 -0.010177
v -0.101765 0.172900 -0.012406
v -0.101837 0.169808 -0.010748
v -0.103368 0.178386 -0.012406
v -0.104971 0.183873 -0.012406
v -0.108958 0.188364 -0.010177
v -0.096037 0.176358 -0.010177
v -0.096587 0.173247 -0.010177
v -0.096507 0.180626 -0.010177
v -0.099241 0.185089 -0.010464
v -0.102706 0.187912 -0.010177
v -0.094111 0.172209 0.007824
v -0.093437 0.176026 0.007824
v -0.096037 0.176358 0.010141
v -0.096587 0.173247 0.010141
v -0.094014 0.181266 0.007824
v -0.096507 0.180626 0.010141
v -0.097369 0.186743 0.007500
v -0.099241 0.185089 0.009853
v -0.101623 0.190209 0.007824
v -0.102706 0.187912 0.010141
v -0.096587 0.173247 0.010141
v -0.096037 0.176358 0.010141
v -0.101765 0.172900 0.012406
v -0.101837 0.169808 0.010729
v -0.096507 0.180626 0.010141
v -0.103368 0.178386 0.012406
v -0.099241 0.185089 0.009853
v -0.104971 0.183873 0.012406
v -0.102706 0.187912 0.010141
v -0.108958 0.188364 0.010141
v -0.107251 0.171296 0.013312
v -0.107519 0.167298 0.010729
v -0.108854 0.176783 0.013312
v -0.110458 0.182270 0.013312
v -0.116469 0.187638 0.010141
v -0.116305 0.168853 0.013312
v -0.115626 0.164193 0.010729
v -0.117909 0.174340 0.013312
v -0.119512 0.179827 0.013312
v -0.122889 0.187694 0.010141
v -0.128729 0.160932 0.010305
v -0.129598 0.166104 0.011476
v -0.136157 0.164708 0.010141
v -0.133826 0.159663 0.010141
v -0.131728 0.172542 0.011162
v -0.138492 0.171516 0.009705
v -0.132786 0.180267 0.011476
v -0.139337 0.180112 0.010141
v -0.131930 0.188293 0.010141
v -0.135446 0.188526 0.010141
v -0.133826 0.159663 0.010141
v -0.136157 0.164708 0.010141
v -0.141975 0.161933 0.007824
v -0.138991 0.155915 0.007824
v -0.138492 0.171516 0.009705
v -0.144841 0.170290 0.007333
v -0.139337 0.180112 0.010141
v -0.145879 0.180840 0.007824
v -0.135446 0.188526 0.010141
v -0.141103 0.191168 0.007824
v -0.141103 0.191168 0.007824
v -0.135446 0.188526 0.010141
v -0.131930 0.188293 0.010141
v -0.136786 0.190882 0.007824
v -0.117810 0.190078 0.007824
v -0.125690 0.190147 0.007824
v -0.122889 0.187694 0.010141
v -0.116469 0.187638 0.010141
v -0.108958 0.188364 0.010141
v -0.109296 0.190764 0.007824
v -0.102706 0.187912 0.010141
v -0.101623 0.190209 0.007824
v -0.131878 0.155444 0.010141
v -0.136044 0.151520 0.007824
v -0.130207 0.150876 0.007824
v -0.128002 0.156607 0.010141
v -0.118040 0.159595 0.010141
v -0.119738 0.155657 0.007824
v -0.107099 0.161009 0.007824
v -0.107743 0.163955 0.010141
v -0.100631 0.164814 0.007824
v -0.101898 0.167223 0.010141
v -0.094675 0.169016 0.007824
v -0.097046 0.170647 0.010141
v -0.135446 0.188526 -0.010177
v -0.141103 0.191168 -0.007341
v -0.136786 0.190882 -0.007341
v -0.131930 0.188293 -0.010177
v -0.145879 0.180840 -0.007341
v -0.141103 0.191168 -0.007341
v -0.135446 0.188526 -0.010177
v -0.139337 0.180112 -0.010177
v -0.144841 0.170290 -0.007831
v -0.138492 0.171516 -0.010613
v -0.141975 0.161933 -0.007341
v -0.136157 0.164708 -0.010177
v -0.133826 0.159663 -0.010177
v -0.138991 0.155915 -0.007341
v -0.130207 0.150876 -0.007341
v -0.136044 0.151520 -0.007341
v -0.131878 0.155444 -0.010177
v -0.128002 0.156607 -0.010177
v -0.107099 0.161009 -0.007341
v -0.119738 0.155657 -0.007341
v -0.118040 0.159595 -0.010177
v -0.107743 0.163955 -0.010177
v -0.100631 0.164814 -0.007341
v -0.101898 0.167223 -0.010177
v -0.094675 0.169016 -0.007341
v -0.097046 0.170647 -0.010177
v -0.096587 0.173247 -0.010177
v -0.096037 0.176358 -0.010177
v -0.093437 0.176026 -0.007341
v -0.094111 0.172209 -0.007341
v -0.096507 0.180626 -0.010177
v -0.094014 0.181266 -0.007341
v -0.099241 0.185089 -0.010464
v -0.097369 0.186743 -0.007664
v -0.102706 0.187912 -0.010177
v -0.101623 0.190209 -0.007341
v -0.108958 0.188364 -0.010177
v -0.109296 0.190764 -0.007341
v -0.101623 0.190209 -0.007341
v -0.102706 0.187912 -0.010177
v -0.116469 0.187638 -0.010177
v -0.117810 0.190078 -0.007341
v -0.122889 0.187694 -0.010177
v -0.125690 0.190147 -0.007341
v -0.136044 0.151520 0.007824
v -0.136044 0.151520 -0.007341
v -0.131878 0.155444 0.010141
v -0.128002 0.156607 0.010141
v -0.131878 0.155444 0.010141
v -0.118040 0.159595 0.010141
v -0.107743 0.163955 0.010141
v -0.101898 0.167223 0.010141
v -0.097046 0.170647 0.010141
v -0.094675 0.169016 0.007824
v -0.097046 0.170647 0.010141
v -0.094675 0.169016 -0.007341
v -0.097046 0.170647 -0.010177
v -0.101898 0.167223 -0.010177
v -0.097046 0.170647 -0.010177
v -0.107743 0.163955 -0.010177
v -0.118040 0.159595 -0.010177
v -0.128002 0.156607 -0.010177
v -0.131878 0.155444 -0.010177
v -0.131878 0.155444 -0.010177
v -0.164141 0.157972 -0.008932
v -0.168144 0.162360 -0.008932
v -0.163053 0.160595 -0.010492
v -0.160040 0.155573 -0.008932
v -0.170100 0.167423 -0.008932
v -0.164932 0.167841 -0.010492
v -0.170637 0.173382 -0.008932
v -0.167631 0.174920 -0.010492
v -0.169017 0.179454 -0.008932
v -0.165031 0.184087 -0.008932
v -0.155569 0.157845 -0.010492
v -0.153172 0.152779 -0.008949
v -0.158552 0.168135 -0.010492
v -0.160787 0.177892 -0.010492
v -0.159722 0.184856 -0.008932
v -0.146539 0.158377 -0.010492
v -0.147428 0.152945 -0.008932
v -0.149124 0.168766 -0.010492
v -0.152230 0.177336 -0.010492
v -0.155496 0.182293 -0.008932
v -0.142848 0.164170 -0.008932
v -0.143072 0.157093 -0.008932
v -0.144423 0.169130 -0.008932
v -0.146683 0.175729 -0.008932
v -0.149942 0.181622 -0.008932
v -0.140371 0.154577 0.006891
v -0.140100 0.163173 0.006891
v -0.142412 0.164012 0.008933
v -0.142644 0.156694 0.008933
v -0.142013 0.169197 0.006891
v -0.144041 0.169141 0.008933
v -0.144758 0.177212 0.006891
v -0.146378 0.175964 0.008933
v -0.148715 0.184370 0.006891
v -0.149747 0.182058 0.008933
v -0.142644 0.156694 0.008933
v -0.142412 0.164012 0.008933
v -0.146539 0.158377 0.010492
v -0.147148 0.152405 0.008933
v -0.144041 0.169141 0.008933
v -0.149124 0.168766 0.010492
v -0.146378 0.175964 0.008933
v -0.152230 0.177336 0.010492
v -0.149747 0.182058 0.008933
v -0.155491 0.182752 0.008933
v -0.155569 0.157845 0.010492
v -0.153087 0.152233 0.008948
v -0.158552 0.168135 0.010492
v -0.160787 0.177892 0.010492
v -0.159860 0.185402 0.008933
v -0.163053 0.160595 0.010492
v -0.160189 0.155123 0.008933
v -0.164932 0.167841 0.010492
v -0.167631 0.174920 0.010492
v -0.165350 0.184607 0.008933
v -0.168623 0.162361 0.008933
v -0.164658 0.158533 0.008933
v -0.170591 0.167376 0.008933
v -0.171146 0.173538 0.008933
v -0.169472 0.179815 0.008933
v -0.164658 0.158533 0.008933
v -0.168623 0.162361 0.008933
v -0.170822 0.160975 0.006891
v -0.165960 0.155646 0.006891
v -0.170591 0.167376 0.008933
v -0.173198 0.167124 0.006891
v -0.171146 0.173538 0.008933
v -0.173850 0.174362 0.006891
v -0.169472 0.179815 0.008933
v -0.171883 0.181736 0.006891
v -0.171883 0.181736 0.006891
v -0.169472 0.179815 0.008933
v -0.165350 0.184607 0.008933
v -0.167042 0.187363 0.006891
v -0.160593 0.188297 0.006891
v -0.159860 0.185402 0.008933
v -0.155491 0.182752 0.008933
v -0.155461 0.185185 0.006891
v -0.149747 0.182058 0.008933
v -0.148715 0.184370 0.006891
v -0.164658 0.158533 0.008933
v -0.165960 0.155646 0.006891
v -0.160980 0.152732 0.006891
v -0.160189 0.155123 0.008933
v -0.152638 0.149338 0.006902
v -0.153087 0.152233 0.008948
v -0.145663 0.149540 0.006891
v -0.147148 0.152405 0.008933
v -0.140371 0.154577 0.006891
v -0.142644 0.156694 0.008933
v -0.169017 0.179454 -0.008932
v -0.171883 0.181736 -0.006938
v -0.167042 0.187363 -0.006938
v -0.165031 0.184087 -0.008932
v -0.173850 0.174362 -0.006938
v -0.171883 0.181736 -0.006938
v -0.169017 0.179454 -0.008932
v -0.170637 0.173382 -0.008932
v -0.173198 0.167124 -0.006938
v -0.170100 0.167423 -0.008932
v -0.170822 0.160975 -0.006938
v -0.168144 0.162360 -0.008932
v -0.165960 0.155646 -0.006938
v -0.164141 0.157972 -0.008932
v -0.160980 0.152732 -0.006938
v -0.165960 0.155646 -0.006938
v -0.164141 0.157972 -0.008932
v -0.160040 0.155573 -0.008932
v -0.152638 0.149338 -0.006949
v -0.153172 0.152779 -0.008949
v -0.145663 0.149540 -0.006938
v -0.147428 0.152945 -0.008932
v -0.140371 0.154577 -0.006938
v -0.143072 0.157093 -0.008932
v -0.143072 0.157093 -0.008932
v -0.142848 0.164170 -0.008932
v -0.140100 0.163173 -0.006938
v -0.140371 0.154577 -0.006938
v -0.144423 0.169130 -0.008932
v -0.142013 0.169197 -0.006938
v -0.146683 0.175729 -0.008932
v -0.144758 0.177212 -0.006938
v -0.149942 0.181622 -0.008932
v -0.148715 0.184370 -0.006938
v -0.155496 0.182293 -0.008932
v -0.155461 0.185185 -0.006938
v -0.148715 0.184370 -0.006938
v -0.149942 0.181622 -0.008932
v -0.159722 0.184856 -0.008932
v -0.160593 0.188297 -0.006938
vn -0.0661 -0.1019 -0.9926
vn -0.1402 -0.1221 -0.9826
vn -0.0847 -0.1729 -0.9813
vn -0.0177 -0.1961 -0.9804
vn -0.1789 -0.0361 -0.9832
vn -0.1407 -0.0335 -0.9895
vn -0.1671 0.0571 -0.9843
vn -0.1202 0.1085 -0.9868
vn -0.1287 0.1166 -0.9848
vn -0.0854 0.2168 -0.9725
vn 0.0519 -0.3007 -0.9523
vn -0.0054 -0.2139 -0.9768
vn 0.1228 -0.2104 -0.9699
vn 0.1460 -0.3805 -0.9132
vn -0.0720 -0.0205 -0.9972
vn 0.0575 0.0168 -0.9982
vn -0.0745 0.1488 -0.9861
vn 0.0076 0.2398 -0.9708
vn -0.0646 0.2982 -0.9523
vn -0.0523 0.4067 -0.9121
vn 0.2743 -0.1272 -0.9532
vn 0.2289 -0.3253 -0.9175
vn 0.2279 0.0639 -0.9716
vn 0.1399 0.2604 -0.9553
vn 0.0056 0.4559 -0.8900
vn 0.3268 0.0012 -0.9451
vn 0.3485 -0.2464 -0.9043
vn 0.2977 0.0818 -0.9512
vn 0.2472 0.1873 -0.9507
vn 0.1179 0.4284 -0.8959
vn 0.9757 -0.1723 0.1353
vn 0.9919 -0.0114 0.1269
vn 0.6650 -0.0032 0.7468
vn 0.6526 -0.1152 0.7489
vn 0.9317 0.3414 0.1243
vn 0.6211 0.2548 0.7411
vn 0.7563 0.6440 0.1148
vn 0.5238 0.4456 0.7260
vn 0.6326 0.7647 0.1225
vn 0.4690 0.5053 0.7243
vn 0.3534 -0.2491 0.9017
vn 0.3315 0.0014 0.9434
vn 0.2771 -0.1284 0.9522
vn 0.2318 -0.3290 0.9154
vn 0.3126 0.1161 0.9428
vn 0.2363 0.0817 0.9682
vn 0.2772 0.2290 0.9331
vn 0.1581 0.2731 0.9489
vn 0.1649 0.4105 0.8968
vn 0.0139 0.4565 0.8896
vn 0.1234 -0.2122 0.9694
vn 0.1474 -0.3843 0.9114
vn 0.0575 0.0168 0.9982
vn 0.0072 0.2423 0.9702
vn -0.0529 0.4106 0.9103
vn -0.0161 -0.2016 0.9793
vn 0.0523 -0.3038 0.9513
vn -0.0890 -0.0214 0.9958
vn -0.0835 0.1311 0.9878
vn -0.0654 0.3011 0.9513
vn -0.0182 -0.1979 0.9801
vn -0.1045 -0.1397 0.9847
vn -0.1654 -0.0585 0.9845
vn -0.0669 -0.1026 0.9925
vn -0.1659 -0.0388 0.9854
vn -0.2008 -0.0439 0.9786
vn -0.1300 0.0740 0.9887
vn -0.1749 -0.0016 0.9846
vn -0.0863 0.2188 0.9719
vn -0.1297 0.1174 0.9846
vn -0.3111 -0.1599 0.9368
vn -0.3282 -0.0968 0.9396
vn -0.8826 -0.3488 0.3153
vn -0.8305 -0.4683 0.3018
vn -0.3397 -0.0700 0.9379
vn -0.9364 -0.1937 0.2927
vn -0.3284 0.0400 0.9437
vn -0.9433 0.1639 0.2886
vn -0.3158 0.1460 0.9375
vn -0.8626 0.3989 0.3112
vn 0.0660 0.9969 0.0419
vn 0.0473 0.7139 0.6987
vn 0.0659 0.9939 0.0884
vn -0.0365 0.9907 0.1310
vn 0.0435 0.9907 0.1293
vn 0.0198 0.6983 0.7155
vn -0.0364 0.6836 0.7289
vn -0.0062 0.6893 0.7245
vn -0.0093 0.9920 0.1261
vn 0.0504 0.6974 0.7149
vn 0.0717 0.9919 0.1048
vn 0.0238 -0.4453 0.8951
vn -0.0975 -0.9856 0.1382
vn 0.2391 -0.9561 0.1696
vn 0.1547 -0.4781 0.8646
vn 0.2232 -0.5423 0.8100
vn 0.3905 -0.9020 0.1838
vn 0.4260 -0.8916 0.1539
vn 0.2722 -0.5618 0.7812
vn 0.5353 -0.8324 0.1437
vn 0.3465 -0.5430 0.7649
vn 0.5724 -0.8113 0.1189
vn 0.3755 -0.5322 0.7588
vn 0.0517 0.7800 -0.6237
vn 0.0660 0.9968 -0.0453
vn 0.0658 0.9939 -0.0882
vn -0.9463 0.1718 -0.2739
vn -0.8648 0.3999 -0.3037
vn -0.3754 0.1736 -0.9105
vn -0.3884 0.0935 -0.9167
vn -0.9313 -0.1916 -0.3097
vn -0.3844 -0.0805 -0.9196
vn -0.8819 -0.3676 -0.2950
vn -0.3645 -0.1786 -0.9139
vn -0.3697 -0.1901 -0.9095
vn -0.8327 -0.4686 -0.2950
vn 0.2387 -0.9564 -0.1680
vn -0.0949 -0.9857 -0.1394
vn 0.0278 -0.5199 -0.8538
vn 0.1777 -0.5514 -0.8151
vn 0.4261 -0.8922 -0.1497
vn 0.3902 -0.9032 -0.1787
vn 0.2517 -0.6125 -0.7493
vn 0.3045 -0.6294 -0.7150
vn 0.5354 -0.8329 -0.1401
vn 0.3860 -0.6051 -0.6963
vn 0.5725 -0.8114 -0.1181
vn 0.4176 -0.5919 -0.6894
vn 0.7235 -0.1277 -0.6784
vn 0.7368 -0.0040 -0.6761
vn 0.9921 -0.0115 -0.1246
vn 0.9762 -0.1724 -0.1318
vn 0.7015 0.2432 -0.6699
vn 0.9330 0.3406 -0.1160
vn 0.5676 0.4820 -0.6674
vn 0.7558 0.6426 -0.1259
vn 0.4432 0.6081 -0.6587
vn 0.6228 0.7750 -0.1077
vn -0.0072 0.7586 -0.6515
vn -0.0094 0.9923 -0.1231
vn 0.0718 0.9920 -0.1043
vn 0.0554 0.7655 -0.6410
vn -0.0393 0.7535 -0.6562
vn -0.0366 0.9912 -0.1274
vn 0.0226 0.7671 -0.6412
vn 0.0437 0.9912 -0.1251
vn -0.8013 -0.5276 0.2819
vn -0.8036 -0.5272 -0.2763
vn -0.3154 -0.1793 0.9319
vn -0.0009 -0.0644 0.9979
vn -0.0121 -0.0230 0.9997
vn 0.0151 -0.0987 0.9950
vn 0.0748 -0.1746 0.9818
vn 0.1102 -0.1803 0.9774
vn 0.1425 -0.1256 0.9818
vn 0.9787 -0.1728 0.1110
vn 0.9787 -0.1728 -0.1108
vn 0.1072 -0.1755 -0.9786
vn 0.1387 -0.1222 -0.9828
vn 0.0728 -0.1699 -0.9828
vn 0.0147 -0.0959 -0.9953
vn -0.0008 -0.0626 -0.9980
vn -0.0118 -0.0224 -0.9997
vn -0.3740 -0.2126 -0.9027
vn -0.3205 -0.3827 -0.8665
vn -0.3047 -0.1278 -0.9438
vn -0.1169 -0.1195 -0.9859
vn -0.1596 -0.3621 -0.9184
vn -0.3208 -0.0885 -0.9430
vn -0.1058 -0.0300 -0.9939
vn -0.3505 -0.0106 -0.9365
vn -0.1576 0.0628 -0.9855
vn -0.3757 0.1968 -0.9056
vn -0.0942 0.2036 -0.9745
vn -0.0273 -0.1155 -0.9929
vn -0.0215 -0.3004 -0.9536
vn -0.0000 -0.0000 -1.0000
vn -0.0075 0.1024 -0.9947
vn -0.0082 0.2298 -0.9732
vn 0.1175 -0.0783 -0.9900
vn 0.0816 -0.2586 -0.9625
vn 0.0962 0.0305 -0.9949
vn 0.0856 0.0982 -0.9915
vn 0.0885 0.2609 -0.9613
vn 0.3050 0.0499 -0.9511
vn 0.3602 -0.1469 -0.9212
vn 0.2980 0.0912 -0.9502
vn 0.2776 0.1368 -0.9509
vn 0.1845 0.2478 -0.9511
vn 0.9954 -0.0315 0.0904
vn 0.9863 0.1060 0.1265
vn 0.6790 0.1020 0.7270
vn 0.6576 -0.0208 0.7531
vn 0.9433 0.3128 0.1114
vn 0.6875 0.2291 0.6891
vn 0.9085 0.4026 0.1124
vn 0.6590 0.2842 0.6964
vn 0.8720 0.4821 0.0850
vn 0.6220 0.3439 0.7035
vn 0.3194 -0.1304 0.9386
vn 0.2834 0.0426 0.9580
vn 0.1118 -0.0746 0.9909
vn 0.0799 -0.2317 0.9695
vn 0.2781 0.0852 0.9568
vn 0.0948 0.0301 0.9950
vn 0.2562 0.1293 0.9579
vn 0.0842 0.0957 0.9918
vn 0.1695 0.2275 0.9589
vn 0.0839 0.2411 0.9669
vn -0.0263 -0.1122 0.9933
vn -0.0206 -0.2735 0.9616
vn -0.0000 -0.0000 1.0000
vn -0.0067 0.0996 0.9950
vn -0.0083 0.2123 0.9772
vn -0.1168 -0.1197 0.9859
vn -0.1452 -0.3301 0.9327
vn -0.1027 -0.0291 0.9943
vn -0.1485 0.0582 0.9872
vn -0.0898 0.1874 0.9782
vn -0.2833 -0.1184 0.9517
vn -0.3341 -0.3893 0.8584
vn -0.2930 -0.0806 0.9527
vn -0.3157 -0.0020 0.9489
vn -0.3287 0.1722 0.9286
vn -0.4299 -0.4144 0.8021
vn -0.5058 -0.3296 0.7972
vn -0.8368 -0.5294 0.1397
vn -0.7314 -0.6707 0.1235
vn -0.6008 -0.1415 0.7868
vn -0.9657 -0.2173 0.1421
vn -0.5938 0.0430 0.8035
vn -0.9846 0.0909 0.1493
vn -0.5661 0.1510 0.8104
vn -0.9577 0.2554 0.1327
vn -0.7463 0.6420 0.1754
vn -0.4189 0.3604 0.8334
vn -0.2647 0.4639 0.8454
vn -0.4973 0.8534 0.1561
vn 0.1733 0.9747 0.1411
vn 0.1558 0.5954 0.7882
vn 0.1835 0.6308 0.7540
vn 0.3144 0.9382 0.1445
vn 0.0774 0.6405 0.7640
vn 0.1190 0.9853 0.1227
vn -0.3296 -0.4926 0.8054
vn -0.5037 -0.8453 0.1783
vn -0.4251 -0.8922 0.1525
vn -0.2819 -0.5428 0.7911
vn -0.1977 -0.9697 0.1438
vn -0.1415 -0.5853 0.7984
vn 0.3898 -0.9078 0.1546
vn 0.2044 -0.4960 0.8439
vn 0.6789 -0.7131 0.1747
vn 0.3794 -0.3985 0.8350
vn -0.3627 0.3120 -0.8781
vn -0.7420 0.6383 -0.2049
vn -0.4953 0.8498 -0.1806
vn -0.2282 0.4003 -0.8875
vn -0.9806 0.0906 -0.1740
vn -0.9548 0.2547 -0.1532
vn -0.4935 0.1316 -0.8597
vn -0.5188 0.0370 -0.8541
vn -0.9620 -0.2164 -0.1665
vn -0.5285 -0.1247 -0.8397
vn -0.8358 -0.5260 -0.1576
vn -0.4660 -0.2983 -0.8330
vn -0.7299 -0.6659 -0.1545
vn -0.4174 -0.3808 -0.8251
vn -0.4215 -0.8913 -0.1673
vn -0.4986 -0.8523 -0.1578
vn -0.2843 -0.4860 -0.8264
vn -0.2420 -0.5030 -0.8297
vn -0.1968 -0.9661 -0.1671
vn -0.1248 -0.5122 -0.8497
vn 0.3883 -0.9040 -0.1789
vn 0.1764 -0.4282 -0.8863
vn 0.6750 -0.7091 -0.2039
vn 0.3283 -0.3448 -0.8794
vn 0.5828 -0.0184 -0.8124
vn 0.6066 0.0928 -0.7896
vn 0.9833 0.1055 -0.1480
vn 0.9942 -0.0314 -0.1024
vn 0.6203 0.2068 -0.7566
vn 0.9411 0.3120 -0.1304
vn 0.5936 0.2556 -0.7631
vn 0.9063 0.4017 -0.1313
vn 0.5589 0.3090 -0.7695
vn 0.8711 0.4816 -0.0965
vn 0.1607 0.5591 -0.8134
vn 0.3132 0.9343 -0.1701
vn 0.1187 0.9827 -0.1422
vn 0.0684 0.5659 -0.8216
vn 0.1389 0.5227 -0.8411
vn 0.1724 0.9713 -0.1638
vt 0.403461 1.000000
vt 0.437500 1.000000
vt 0.437500 0.982496
vt 0.403461 0.982496
vt 0.500000 1.000000
vt 0.500000 0.982496
vt 0.562500 1.000000
vt 0.562500 0.982496
vt 0.625000 1.000000
vt 0.625000 0.982496
vt 0.403461 0.937500
vt 0.437500 0.937500
vt 0.437500 0.875000
vt 0.403461 0.875000
vt 0.500000 0.937500
vt 0.500000 0.875000
vt 0.562500 0.937500
vt 0.562500 0.875000
vt 0.625000 0.937500
vt 0.625000 0.875000
vt 0.437500 0.812500
vt 0.403461 0.812500
vt 0.500000 0.812500
vt 0.562500 0.812500
vt 0.625000 0.812500
vt 0.437500 0.750000
vt 0.403461 0.750000
vt 0.500000 0.750000
vt 0.562500 0.750000
vt 0.625000 0.750000
vt 0.403461 0.534871
vt 0.437500 0.534871
vt 0.437500 0.500000
vt 0.403461 0.500000
vt 0.500000 0.534871
vt 0.500000 0.500000
vt 0.562500 0.534871
vt 0.562500 0.500000
vt 0.625000 0.534871
vt 0.625000 0.500000
vt 0.437500 0.437500
vt 0.403461 0.437500
vt 0.500000 0.437500
vt 0.562500 0.437500
vt 0.625000 0.437500
vt 0.437500 0.375000
vt 0.403461 0.375000
vt 0.500000 0.375000
vt 0.562500 0.375000
vt 0.625000 0.375000
vt 0.437500 0.312500
vt 0.403461 0.312500
vt 0.500000 0.312500
vt 0.562500 0.312500
vt 0.625000 0.312500
vt 0.403461 0.267504
vt 0.437500 0.267504
vt 0.437500 0.250000
vt 0.403461 0.250000
vt 0.500000 0.267504
vt 0.500000 0.250000
vt 0.562500 0.267504
vt 0.562500 0.250000
vt 0.625000 0.267504
vt 0.625000 0.250000
vt 0.437500 0.215129
vt 0.403461 0.215129
vt 0.500000 0.215129
vt 0.562500 0.215129
vt 0.625000 0.215129
vt 0.840129 1.000000
vt 0.875000 1.000000
vt 0.875000 0.982496
vt 0.840129 0.982496
vt 0.840129 0.875000
vt 0.840129 0.937500
vt 0.875000 0.937500
vt 0.875000 0.875000
vt 0.875000 0.812500
vt 0.840129 0.812500
vt 0.875000 0.750000
vt 0.840129 0.750000
vt 0.125000 1.000000
vt 0.159871 1.000000
vt 0.159871 0.982496
vt 0.125000 0.982496
vt 0.125000 0.937500
vt 0.159871 0.937500
vt 0.159871 0.875000
vt 0.125000 0.875000
vt 0.159871 0.812500
vt 0.125000 0.812500
vt 0.159871 0.750000
vt 0.125000 0.750000
vt 0.663547 1.000000
vt 0.663547 0.982496
vt 0.562500 0.038547
vt 0.625000 0.038547
vt 0.625000 0.000000
vt 0.562500 0.000000
vt 0.500000 0.038547
vt 0.500000 0.000000
vt 0.437500 0.038547
vt 0.437500 0.000000
vt 0.403461 0.000000
vt 0.403461 0.038547
vt 0.336453 0.982496
vt 0.336453 1.000000
vt 0.375000 1.000000
vt 0.375000 0.982496
vt 0.336453 0.875000
vt 0.336453 0.937500
vt 0.375000 0.937500
vt 0.375000 0.875000
vt 0.336453 0.812500
vt 0.375000 0.812500
vt 0.336453 0.750000
vt 0.375000 0.750000
vt 0.437500 0.711453
vt 0.403461 0.711453
vt 0.500000 0.711453
vt 0.562500 0.711453
vt 0.625000 0.711453
vt 0.663547 0.812500
vt 0.663547 0.750000
vt 0.663547 0.875000
vt 0.663547 0.937500
vt 0.375000 0.215129
vt 0.375000 0.038547
vt 0.375000 0.250000
vt 0.375000 0.267504
vt 0.375000 0.312500
vt 0.375000 0.375000
vt 0.375000 0.437500
vt 0.375000 0.500000
vt 0.375000 0.534871
vt 0.375000 0.711453
vt 0.375000 0.000000
vt 0.375000 0.530258
vt 0.437500 0.530258
vt 0.500000 0.530258
vt 0.562500 0.530258
vt 0.625000 0.530258
vt 0.437500 0.219742
vt 0.375000 0.219742
vt 0.500000 0.219742
vt 0.562500 0.219742
vt 0.625000 0.219742
vt 0.844742 1.000000
vt 0.844742 0.937500
vt 0.844742 0.875000
vt 0.844742 0.812500
vt 0.844742 0.750000
vt 0.155258 1.000000
vt 0.155258 0.937500
vt 0.155258 0.875000
vt 0.155258 0.812500
vt 0.155258 0.750000
vt 0.654699 1.000000
vt 0.654699 0.937500
vt 0.562500 0.029699
vt 0.625000 0.029699
vt 0.500000 0.029699
vt 0.437500 0.029699
vt 0.375000 0.029699
vt 0.345301 0.937500
vt 0.345301 1.000000
vt 0.345301 0.875000
vt 0.345301 0.812500
vt 0.345301 0.750000
vt 0.437500 0.720301
vt 0.375000 0.720301
vt 0.500000 0.720301
vt 0.562500 0.720301
vt 0.625000 0.720301
vt 0.654699 0.812500
vt 0.654699 0.750000
vt 0.654699 0.875000
s 1
usemtl lambert2
f 4528/3402/4107 4529/3403/4108 4530/3404/4109
f 4528/3402/4107 4530/3404/4109 4531/3405/4110
f 4529/3403/4108 4532/3406/4111 4533/3407/4112
f 4529/3403/4108 4533/3407/4112 4530/3404/4109
f 4532/3406/4111 4534/3408/4113 4535/3409/4114
f 4532/3406/4111 4535/3409/4114 4533/3407/4112
f 4534/3408/4113 4536/3410/4115 4537/3411/4116
f 4534/3408/4113 4537/3411/4116 4535/3409/4114
f 4538/3412/4117 4539/3413/4118 4540/3414/4119
f 4538/3412/4117 4540/3414/4119 4541/3415/4120
f 4539/3413/4118 4542/3416/4121 4543/3417/4122
f 4539/3413/4118 4543/3417/4122 4540/3414/4119
f 4542/3416/4121 4544/3418/4123 4545/3419/4124
f 4542/3416/4121 4545/3419/4124 4543/3417/4122
f 4544/3418/4123 4546/3420/4125 4547/3421/4126
f 4544/3418/4123 4547/3421/4126 4545/3419/4124
f 4541/3415/4120 4540/3414/4119 4548/3422/4127
f 4541/3415/4120 4548/3422/4127 4549/3423/4128
f 4540/3414/4119 4543/3417/4122 4550/3424/4129
f 4540/3414/4119 4550/3424/4129 4548/3422/4127
f 4543/3417/4122 4545/3419/4124 4551/3425/4130
f 4543/3417/4122 4551/3425/4130 4550/3424/4129
f 4545/3419/4124 4547/3421/4126 4552/3426/4131
f 4545/3419/4124 4552/3426/4131 4551/3425/4130
f 4549/3423/4128 4548/3422/4127 4553/3427/4132
f 4549/3423/4128 4553/3427/4132 4554/3428/4133
f 4548/3422/4127 4550/3424/4129 4555/3429/4134
f 4548/3422/4127 4555/3429/4134 4553/3427/4132
f 4550/3424/4129 4551/3425/4130 4556/3430/4135
f 4550/3424/4129 4556/3430/4135 4555/3429/4134
f 4551/3425/4130 4552/3426/4131 4557/3431/4136
f 4551/3425/4130 4557/3431/4136 4556/3430/4135
f 4558/3432/4137 4559/3433/4138 4560/3434/4139
f 4558/3432/4137 4560/3434/4139 4561/3435/4140
f 4559/3433/4138 4562/3436/4141 4563/3437/4142
f 4559/3433/4138 4563/3437/4142 4560/3434/4139
f 4562/3436/4141 4564/3438/4143 4565/3439/4144
f 4562/3436/4141 4565/3439/4144 4563/3437/4142
f 4564/3438/4143 4566/3440/4145 4567/3441/4146
f 4564/3438/4143 4567/3441/4146 4565/3439/4144
f 4568/3435/4147 4569/3434/4148 4570/3442/4149
f 4568/3435/4147 4570/3442/4149 4571/3443/4150
f 4569/3434/4148 4572/3437/4151 4573/3444/4152
f 4569/3434/4148 4573/3444/4152 4570/3442/4149
f 4572/3437/4151 4574/3439/4153 4575/3445/4154
f 4572/3437/4151 4575/3445/4154 4573/3444/4152
f 4574/3439/4153 4576/3441/4155 4577/3446/4156
f 4574/3439/4153 4577/3446/4156 4575/3445/4154
f 4571/3443/4150 4570/3442/4149 4578/3447/4157
f 4571/3443/4150 4578/3447/4157 4579/3448/4158
f 4570/3442/4149 4573/3444/4152 4580/3449/4159
f 4570/3442/4149 4580/3449/4159 4578/3447/4157
f 4573/3444/4152 4575/3445/4154 4581/3450/4160
f 4573/3444/4152 4581/3450/4160 4580/3449/4159
f 4575/3445/4154 4577/3446/4156 4582/3451/4161
f 4575/3445/4154 4582/3451/4161 4581/3450/4160
f 4579/3448/4158 4578/3447/4157 4583/3452/4162
f 4579/3448/4158 4583/3452/4162 4584/3453/4163
f 4578/3447/4157 4580/3449/4159 4585/3454/4164
f 4578/3447/4157 4585/3454/4164 4583/3452/4162
f 4580/3449/4159 4581/3450/4160 4586/3455/4165
f 4580/3449/4159 4586/3455/4165 4585/3454/4164
f 4581/3450/4160 4582/3451/4161 4587/3456/4166
f 4581/3450/4160 4587/3456/4166 4586/3455/4165
f 4588/3457/4167 4589/3458/4168 4590/3459/4169
f 4588/3457/4167 4590/3459/4169 4591/3460/4170
f 4589/3458/4168 4592/3461/4171 4593/3462/4172
f 4589/3458/4168 4593/3462/4172 4590/3459/4169
f 4592/3461/4171 4594/3463/4173 4595/3464/4174
f 4592/3461/4171 4595/3464/4174 4593/3462/4172
f 4594/3463/4173 4596/3465/4175 4597/3466/4176
f 4594/3463/4173 4597/3466/4176 4595/3464/4174
f 4598/3460/4177 4599/3459/4178 4600/3467/4179
f 4598/3460/4177 4600/3467/4179 4601/3468/4180
f 4599/3459/4178 4602/3462/4181 4603/3469/4182
f 4599/3459/4178 4603/3469/4182 4600/3467/4179
f 4602/3462/4181 4604/3464/4183 4605/3470/4184
f 4602/3462/4181 4605/3470/4184 4603/3469/4182
f 4604/3464/4183 4606/3466/4185 4607/3471/4186
f 4604/3464/4183 4607/3471/4186 4605/3470/4184
f 4608/3472/4187 4609/3473/4188 4610/3474/4188
f 4608/3472/4187 4610/3474/4188 4611/3475/4189
f 4612/3476/4190 4613/3477/4191 4614/3478/4192
f 4612/3476/4190 4614/3478/4192 4615/3479/4193
f 4612/3476/4190 4615/3479/4193 4616/3480/4194
f 4612/3476/4190 4616/3480/4194 4617/3481/4195
f 4617/3481/4195 4616/3480/4194 4618/3482/4196
f 4617/3481/4195 4618/3482/4196 4619/3483/4197
f 4620/3484/4198 4621/3485/4199 4622/3486/4200
f 4620/3484/4198 4622/3486/4200 4623/3487/4201
f 4624/3488/4202 4625/3489/4203 4626/3490/4204
f 4624/3488/4202 4626/3490/4204 4627/3491/4205
f 4627/3491/4205 4626/3490/4204 4628/3492/4206
f 4627/3491/4205 4628/3492/4206 4629/3493/4207
f 4629/3493/4207 4628/3492/4206 4630/3494/4208
f 4629/3493/4207 4630/3494/4208 4631/3495/4209
f 4632/3410/4210 4633/3496/4211 4634/3497/4212
f 4632/3410/4210 4634/3497/4212 4635/3411/4210
f 4636/3498/4213 4637/3499/4214 4638/3500/4215
f 4636/3498/4213 4638/3500/4215 4639/3501/4216
f 4640/3502/4217 4636/3498/4213 4639/3501/4216
f 4640/3502/4217 4639/3501/4216 4641/3503/4218
f 4642/3504/4219 4640/3502/4217 4641/3503/4218
f 4642/3504/4219 4641/3503/4218 4643/3505/4220
f 4644/3506/4221 4645/3507/4222 4642/3504/4219
f 4644/3506/4221 4642/3504/4219 4643/3505/4220
f 4646/3508/4223 4647/3509/4224 4648/3510/4225
f 4646/3508/4223 4648/3510/4225 4649/3511/4226
f 4650/3512/4227 4651/3513/4228 4652/3514/4229
f 4650/3512/4227 4652/3514/4229 4653/3515/4230
f 4654/3516/4231 4650/3512/4227 4653/3515/4230
f 4654/3516/4231 4653/3515/4230 4655/3517/4232
f 4656/3518/4233 4654/3516/4231 4655/3517/4232
f 4656/3518/4233 4655/3517/4232 4657/3519/4234
f 4658/3428/4235 4659/3427/4236 4660/3520/4237
f 4658/3428/4235 4660/3520/4237 4661/3521/4238
f 4659/3427/4236 4662/3429/4239 4663/3522/4240
f 4659/3427/4236 4663/3522/4240 4660/3520/4237
f 4662/3429/4239 4664/3430/4241 4665/3523/4242
f 4662/3429/4239 4665/3523/4242 4663/3522/4240
f 4664/3430/4241 4666/3431/4243 4667/3524/4244
f 4664/3430/4241 4667/3524/4244 4665/3523/4242
f 4668/3426/4245 4669/3525/4246 4670/3526/4247
f 4668/3426/4245 4670/3526/4247 4671/3431/4248
f 4672/3421/4249 4673/3527/4250 4669/3525/4246
f 4672/3421/4249 4669/3525/4246 4668/3426/4245
f 4674/3420/4251 4675/3528/4252 4673/3527/4250
f 4674/3420/4251 4673/3527/4250 4672/3421/4249
f 4633/3496/4211 4608/3472/4187 4611/3475/4189
f 4633/3496/4211 4611/3475/4189 4634/3497/4212
f 4605/3470/4184 4607/3471/4186 4637/3499/4214
f 4605/3470/4184 4637/3499/4214 4636/3498/4213
f 4603/3469/4182 4605/3470/4184 4636/3498/4213
f 4603/3469/4182 4636/3498/4213 4640/3502/4217
f 4600/3467/4179 4603/3469/4182 4640/3502/4217
f 4600/3467/4179 4640/3502/4217 4642/3504/4219
f 4601/3468/4180 4600/3467/4179 4642/3504/4219
f 4601/3468/4180 4642/3504/4219 4645/3507/4222
f 4622/3486/4200 4621/3485/4199 4647/3509/4224
f 4622/3486/4200 4647/3509/4224 4646/3508/4223
f 4626/3490/4204 4625/3489/4203 4651/3513/4228
f 4626/3490/4204 4651/3513/4228 4650/3512/4227
f 4628/3492/4206 4626/3490/4204 4650/3512/4227
f 4628/3492/4206 4650/3512/4227 4654/3516/4231
f 4630/3494/4208 4628/3492/4206 4654/3516/4231
f 4630/3494/4208 4654/3516/4231 4656/3518/4233
f 4661/3521/4238 4660/3520/4237 4559/3433/4138
f 4661/3521/4238 4559/3433/4138 4558/3432/4137
f 4660/3520/4237 4663/3522/4240 4562/3436/4141
f 4660/3520/4237 4562/3436/4141 4559/3433/4138
f 4663/3522/4240 4665/3523/4242 4564/3438/4143
f 4663/3522/4240 4564/3438/4143 4562/3436/4141
f 4665/3523/4242 4667/3524/4244 4566/3440/4145
f 4665/3523/4242 4566/3440/4145 4564/3438/4143
f 4669/3525/4246 4617/3481/4195 4619/3483/4197
f 4669/3525/4246 4619/3483/4197 4670/3526/4247
f 4673/3527/4250 4612/3476/4190 4617/3481/4195
f 4673/3527/4250 4617/3481/4195 4669/3525/4246
f 4673/3527/4250 4675/3528/4252 4613/3477/4191
f 4673/3527/4250 4613/3477/4191 4612/3476/4190
f 4651/3513/4228 4646/3508/4223 4649/3511/4226
f 4651/3513/4228 4649/3511/4226 4652/3514/4229
f 4625/3489/4203 4622/3486/4200 4646/3508/4223
f 4625/3489/4203 4646/3508/4223 4651/3513/4228
f 4623/3487/4201 4622/3486/4200 4625/3489/4203
f 4623/3487/4201 4625/3489/4203 4624/3488/4202
f 4584/3453/4163 4583/3452/4162 4589/3458/4168
f 4584/3453/4163 4589/3458/4168 4588/3457/4167
f 4583/3452/4162 4585/3454/4164 4592/3461/4171
f 4583/3452/4162 4592/3461/4171 4589/3458/4168
f 4585/3454/4164 4586/3455/4165 4594/3463/4173
f 4585/3454/4164 4594/3463/4173 4592/3461/4171
f 4586/3455/4165 4587/3456/4166 4596/3465/4175
f 4586/3455/4165 4596/3465/4175 4594/3463/4173
f 4611/3475/4189 4610/3474/4188 4614/3478/4192
f 4611/3475/4189 4614/3478/4192 4613/3477/4191
f 4634/3497/4212 4611/3475/4189 4613/3477/4191
f 4634/3497/4212 4613/3477/4191 4675/3528/4252
f 4635/3411/4210 4634/3497/4212 4675/3528/4252
f 4635/3411/4210 4675/3528/4252 4674/3420/4251
f 4535/3409/4114 4537/3411/4116 4546/3420/4125
f 4535/3409/4114 4546/3420/4125 4544/3418/4123
f 4533/3407/4112 4535/3409/4114 4544/3418/4123
f 4533/3407/4112 4544/3418/4123 4542/3416/4121
f 4530/3404/4109 4533/3407/4112 4542/3416/4121
f 4530/3404/4109 4542/3416/4121 4539/3413/4118
f 4531/3405/4110 4530/3404/4109 4539/3413/4118
f 4531/3405/4110 4539/3413/4118 4538/3412/4117
f 4676/3529/4253 4601/3468/4180 4645/3507/4222
f 4676/3529/4253 4645/3507/4222 4677/3530/4254
f 4678/3531/4255 4598/3460/4177 4601/3468/4180
f 4678/3531/4255 4601/3468/4180 4676/3529/4253
f 4679/3532/4256 4588/3457/4167 4591/3460/4170
f 4679/3532/4256 4591/3460/4170 4680/3531/4257
f 4681/3533/4258 4584/3453/4163 4588/3457/4167
f 4681/3533/4258 4588/3457/4167 4679/3532/4256
f 4682/3534/4259 4579/3448/4158 4584/3453/4163
f 4682/3534/4259 4584/3453/4163 4681/3533/4258
f 4683/3535/4260 4571/3443/4150 4579/3448/4158
f 4683/3535/4260 4579/3448/4158 4682/3534/4259
f 4684/3536/4261 4568/3435/4147 4571/3443/4150
f 4684/3536/4261 4571/3443/4150 4683/3535/4260
f 4685/3537/4262 4558/3432/4137 4561/3435/4140
f 4685/3537/4262 4561/3435/4140 4686/3536/4140
f 4687/3538/4263 4661/3521/4238 4558/3432/4137
f 4687/3538/4263 4558/3432/4137 4685/3537/4262
f 4688/3519/4235 4658/3428/4235 4661/3521/4238
f 4688/3519/4235 4661/3521/4238 4687/3538/4263
f 4689/3517/4264 4549/3423/4128 4554/3428/4133
f 4689/3517/4264 4554/3428/4133 4690/3519/4265
f 4691/3515/4266 4541/3415/4120 4549/3423/4128
f 4691/3515/4266 4549/3423/4128 4689/3517/4264
f 4692/3514/4267 4538/3412/4117 4541/3415/4120
f 4692/3514/4267 4541/3415/4120 4691/3515/4266
f 4693/3511/4268 4531/3405/4110 4538/3412/4117
f 4693/3511/4268 4538/3412/4117 4692/3514/4267
f 4694/3510/4269 4528/3402/4107 4531/3405/4110
f 4694/3510/4269 4531/3405/4110 4693/3511/4268
f 4677/3530/4254 4645/3507/4222 4644/3506/4221
f 4677/3530/4254 4644/3506/4221 4695/3539/4270
f 4696/3510/4271 4697/3403/4272 4698/3413/4273
f 4696/3510/4271 4698/3413/4273 4699/3514/4274
f 4697/3403/4272 4700/3406/4275 4701/3416/4276
f 4697/3403/4272 4701/3416/4276 4698/3413/4273
f 4700/3406/4275 4702/3408/4277 4703/3418/4278
f 4700/3406/4275 4703/3418/4278 4701/3416/4276
f 4702/3408/4277 4704/3410/4279 4705/3420/4280
f 4702/3408/4277 4705/3420/4280 4703/3418/4278
f 4699/3514/4274 4698/3413/4273 4706/3414/4281
f 4699/3514/4274 4706/3414/4281 4707/3515/4282
f 4698/3413/4273 4701/3416/4276 4708/3417/4283
f 4698/3413/4273 4708/3417/4283 4706/3414/4281
f 4701/3416/4276 4703/3418/4278 4709/3419/4284
f 4701/3416/4276 4709/3419/4284 4708/3417/4283
f 4703/3418/4278 4705/3420/4280 4710/3421/4285
f 4703/3418/4278 4710/3421/4285 4709/3419/4284
f 4707/3515/4282 4706/3414/4281 4711/3422/4286
f 4707/3515/4282 4711/3422/4286 4712/3517/4287
f 4706/3414/4281 4708/3417/4283 4713/3424/4288
f 4706/3414/4281 4713/3424/4288 4711/3422/4286
f 4708/3417/4283 4709/3419/4284 4714/3425/4289
f 4708/3417/4283 4714/3425/4289 4713/3424/4288
f 4709/3419/4284 4710/3421/4285 4715/3426/4290
f 4709/3419/4284 4715/3426/4290 4714/3425/4289
f 4712/3517/4287 4711/3422/4286 4716/3427/4291
f 4712/3517/4287 4716/3427/4291 4717/3519/4292
f 4711/3422/4286 4713/3424/4288 4718/3429/4293
f 4711/3422/4286 4718/3429/4293 4716/3427/4291
f 4713/3424/4288 4714/3425/4289 4719/3430/4294
f 4713/3424/4288 4719/3430/4294 4718/3429/4293
f 4714/3425/4289 4715/3426/4290 4720/3431/4295
f 4714/3425/4289 4720/3431/4295 4719/3430/4294
f 4721/3540/4296 4722/3541/4297 4723/3434/4298
f 4721/3540/4296 4723/3434/4298 4724/3536/4299
f 4722/3541/4297 4725/3542/4300 4726/3437/4301
f 4722/3541/4297 4726/3437/4301 4723/3434/4298
f 4725/3542/4300 4727/3543/4302 4728/3439/4303
f 4725/3542/4300 4728/3439/4303 4726/3437/4301
f 4727/3543/4302 4729/3544/4304 4730/3441/4305
f 4727/3543/4302 4730/3441/4305 4728/3439/4303
f 4731/3536/4306 4732/3434/4307 4733/3442/4308
f 4731/3536/4306 4733/3442/4308 4734/3535/4309
f 4732/3434/4307 4735/3437/4310 4736/3444/4311
f 4732/3434/4307 4736/3444/4311 4733/3442/4308
f 4735/3437/4310 4737/3439/4312 4738/3445/4313
f 4735/3437/4310 4738/3445/4313 4736/3444/4311
f 4737/3439/4312 4739/3441/4314 4740/3446/4315
f 4737/3439/4312 4740/3446/4315 4738/3445/4313
f 4734/3535/4309 4733/3442/4308 4741/3447/4316
f 4734/3535/4309 4741/3447/4316 4742/3534/4317
f 4733/3442/4308 4736/3444/4311 4743/3449/4318
f 4733/3442/4308 4743/3449/4318 4741/3447/4316
f 4736/3444/4311 4738/3445/4313 4744/3450/4319
f 4736/3444/4311 4744/3450/4319 4743/3449/4318
f 4738/3445/4313 4740/3446/4315 4745/3451/4320
f 4738/3445/4313 4745/3451/4320 4744/3450/4319
f 4742/3534/4317 4741/3447/4316 4746/3452/4321
f 4742/3534/4317 4746/3452/4321 4747/3533/4322
f 4741/3447/4316 4743/3449/4318 4748/3454/4323
f 4741/3447/4316 4748/3454/4323 4746/3452/4321
f 4743/3449/4318 4744/3450/4319 4749/3455/4324
f 4743/3449/4318 4749/3455/4324 4748/3454/4323
f 4744/3450/4319 4745/3451/4320 4750/3456/4325
f 4744/3450/4319 4750/3456/4325 4749/3455/4324
f 4747/3533/4322 4746/3452/4321 4751/3459/4326
f 4747/3533/4322 4751/3459/4326 4752/3531/4327
f 4746/3452/4321 4748/3454/4323 4753/3462/4328
f 4746/3452/4321 4753/3462/4328 4751/3459/4326
f 4748/3454/4323 4749/3455/4324 4754/3464/4329
f 4748/3454/4323 4754/3464/4329 4753/3462/4328
f 4749/3455/4324 4750/3456/4325 4755/3466/4330
f 4749/3455/4324 4755/3466/4330 4754/3464/4329
f 4756/3531/4331 4757/3459/4332 4758/3545/4333
f 4756/3531/4331 4758/3545/4333 4759/3546/4334
f 4757/3459/4332 4760/3462/4335 4761/3547/4336
f 4757/3459/4332 4761/3547/4336 4758/3545/4333
f 4760/3462/4335 4762/3464/4337 4763/3548/4338
f 4760/3462/4335 4763/3548/4338 4761/3547/4336
f 4762/3464/4337 4764/3466/4339 4765/3549/4340
f 4762/3464/4337 4765/3549/4340 4763/3548/4338
f 4766/3550/4341 4767/3473/4342 4768/3478/4343
f 4766/3550/4341 4768/3478/4343 4769/3551/4344
f 4770/3552/4345 4769/3551/4344 4768/3478/4343
f 4770/3552/4345 4768/3478/4343 4771/3479/4346
f 4770/3552/4345 4771/3479/4346 4772/3480/4347
f 4770/3552/4345 4772/3480/4347 4773/3553/4348
f 4773/3553/4348 4772/3480/4347 4774/3482/4349
f 4773/3553/4348 4774/3482/4349 4775/3554/4350
f 4776/3484/4351 4777/3555/4352 4778/3556/4353
f 4776/3484/4351 4778/3556/4353 4779/3488/4354
f 4779/3488/4354 4778/3556/4353 4780/3557/4355
f 4779/3488/4354 4780/3557/4355 4781/3491/4356
f 4781/3491/4356 4780/3557/4355 4782/3558/4357
f 4781/3491/4356 4782/3558/4357 4783/3493/4358
f 4783/3493/4358 4782/3558/4357 4784/3559/4359
f 4783/3493/4358 4784/3559/4359 4785/3495/4360
f 4786/3410/4361 4787/3560/4362 4788/3561/4363
f 4786/3410/4361 4788/3561/4363 4789/3420/4364
f 4790/3562/4365 4791/3563/4366 4792/3500/4367
f 4790/3562/4365 4792/3500/4367 4793/3501/4368
f 4794/3564/4369 4790/3562/4365 4793/3501/4368
f 4794/3564/4369 4793/3501/4368 4795/3503/4370
f 4796/3565/4371 4794/3564/4369 4795/3503/4370
f 4796/3565/4371 4795/3503/4370 4797/3505/4372
f 4798/3566/4373 4796/3565/4371 4797/3505/4372
f 4798/3566/4373 4797/3505/4372 4799/3539/4374
f 4800/3567/4375 4801/3568/4376 4802/3510/4377
f 4800/3567/4375 4802/3510/4377 4803/3514/4378
f 4804/3569/4379 4800/3567/4375 4803/3514/4378
f 4804/3569/4379 4803/3514/4378 4805/3515/4380
f 4806/3570/4381 4804/3569/4379 4805/3515/4380
f 4806/3570/4381 4805/3515/4380 4807/3517/4382
f 4808/3571/4383 4806/3570/4381 4807/3517/4382
f 4808/3571/4383 4807/3517/4382 4809/3519/4384
f 4810/3519/4385 4811/3427/4386 4812/3572/4387
f 4810/3519/4385 4812/3572/4387 4813/3573/4388
f 4811/3427/4386 4814/3429/4389 4815/3574/4390
f 4811/3427/4386 4815/3574/4390 4812/3572/4387
f 4814/3429/4389 4816/3430/4391 4817/3575/4392
f 4814/3429/4389 4817/3575/4392 4815/3574/4390
f 4816/3430/4391 4818/3431/4393 4819/3576/4394
f 4816/3430/4391 4819/3576/4394 4817/3575/4392
f 4820/3426/4395 4821/3577/4396 4822/3578/4397
f 4820/3426/4395 4822/3578/4397 4823/3431/4398
f 4824/3421/4399 4825/3579/4400 4821/3577/4396
f 4824/3421/4399 4821/3577/4396 4820/3426/4395
f 4789/3420/4364 4788/3561/4363 4825/3579/4400
f 4789/3420/4364 4825/3579/4400 4824/3421/4399
f 4787/3560/4362 4766/3550/4341 4769/3551/4344
f 4787/3560/4362 4769/3551/4344 4788/3561/4363
f 4763/3548/4338 4765/3549/4340 4791/3563/4366
f 4763/3548/4338 4791/3563/4366 4790/3562/4365
f 4761/3547/4336 4763/3548/4338 4790/3562/4365
f 4761/3547/4336 4790/3562/4365 4794/3564/4369
f 4758/3545/4333 4761/3547/4336 4794/3564/4369
f 4758/3545/4333 4794/3564/4369 4796/3565/4371
f 4759/3546/4334 4758/3545/4333 4796/3565/4371
f 4759/3546/4334 4796/3565/4371 4798/3566/4373
f 4778/3556/4353 4777/3555/4352 4801/3568/4376
f 4778/3556/4353 4801/3568/4376 4800/3567/4375
f 4780/3557/4355 4778/3556/4353 4800/3567/4375
f 4780/3557/4355 4800/3567/4375 4804/3569/4379
f 4782/3558/4357 4780/3557/4355 4804/3569/4379
f 4782/3558/4357 4804/3569/4379 4806/3570/4381
f 4784/3559/4359 4782/3558/4357 4806/3570/4381
f 4784/3559/4359 4806/3570/4381 4808/3571/4383
f 4813/3573/4388 4812/3572/4387 4722/3541/4297
f 4813/3573/4388 4722/3541/4297 4721/3540/4296
f 4812/3572/4387 4815/3574/4390 4725/3542/4300
f 4812/3572/4387 4725/3542/4300 4722/3541/4297
f 4815/3574/4390 4817/3575/4392 4727/3543/4302
f 4815/3574/4390 4727/3543/4302 4725/3542/4300
f 4817/3575/4392 4819/3576/4394 4729/3544/4304
f 4817/3575/4392 4729/3544/4304 4727/3543/4302
f 4821/3577/4396 4773/3553/4348 4775/3554/4350
f 4821/3577/4396 4775/3554/4350 4822/3578/4397
f 4825/3579/4400 4770/3552/4345 4773/3553/4348
f 4825/3579/4400 4773/3553/4348 4821/3577/4396
f 4825/3579/4400 4788/3561/4363 4769/3551/4344
f 4825/3579/4400 4769/3551/4344 4770/3552/4345
o polySurface2_phong1_0
v -0.167489 0.152003 -0.019052
v -0.174891 0.163054 -0.019052
v -0.154681 0.161722 -0.021533
v -0.154588 0.152232 -0.019352
v -0.174789 0.173517 -0.019868
v -0.152623 0.172762 -0.022121
v -0.169217 0.183259 -0.019052
v -0.149363 0.184926 -0.021533
v -0.157047 0.188014 -0.019052
v -0.147602 0.192498 -0.019052
v -0.123447 0.156027 -0.020123
v -0.124173 0.164113 -0.024923
v -0.104688 0.168845 -0.024923
v -0.106677 0.161795 -0.020123
v -0.125458 0.174517 -0.024923
v -0.104748 0.178700 -0.024923
v -0.127005 0.185416 -0.024923
v -0.107836 0.187850 -0.024923
v -0.129527 0.195016 -0.019052
v -0.111027 0.197785 -0.019052
v -0.089527 0.171990 -0.023226
v -0.091992 0.165126 -0.020123
v -0.087748 0.180286 -0.023226
v -0.090523 0.188068 -0.023226
v -0.093568 0.198031 -0.019052
v -0.074740 0.172413 -0.019052
v -0.081867 0.166318 -0.019052
v -0.069535 0.180276 -0.019052
v -0.074124 0.192383 -0.019591
v -0.079839 0.197471 -0.019052
v -0.076839 0.163576 0.014647
v -0.066440 0.168308 0.014647
v -0.074488 0.172391 0.018985
v -0.082561 0.164707 0.018985
v -0.059071 0.176406 0.014647
v -0.069091 0.180562 0.018985
v -0.063743 0.194932 0.014041
v -0.074350 0.192209 0.018446
v -0.074957 0.206937 0.014647
v -0.079898 0.197866 0.018985
v -0.082561 0.164707 0.018985
v -0.074488 0.172391 0.018985
v -0.089163 0.171828 0.023226
v -0.091875 0.165508 0.021329
v -0.069091 0.180562 0.018985
v -0.087310 0.180907 0.023226
v -0.074350 0.192209 0.018446
v -0.089629 0.188775 0.023226
v -0.079898 0.197866 0.018985
v -0.093469 0.198124 0.018985
v -0.105099 0.168746 0.023253
v -0.106391 0.161190 0.020086
v -0.105009 0.178463 0.024923
v -0.107716 0.188024 0.024923
v -0.110880 0.197905 0.018985
v -0.124242 0.163937 0.022404
v -0.123485 0.156163 0.020086
v -0.125483 0.174135 0.024923
v -0.126936 0.184823 0.024923
v -0.130257 0.193075 0.018985
v -0.154889 0.152577 0.019293
v -0.155065 0.161703 0.021485
v -0.173899 0.165172 0.018985
v -0.168569 0.153669 0.018000
v -0.152140 0.171419 0.020897
v -0.175131 0.174865 0.018168
v -0.150661 0.182294 0.021485
v -0.169417 0.182808 0.018985
v -0.147775 0.192420 0.018985
v -0.161054 0.191469 0.018985
v -0.168569 0.153669 0.018000
v -0.173899 0.165172 0.018985
v -0.185248 0.167864 0.014647
v -0.178798 0.155424 0.015274
v -0.175131 0.174865 0.018168
v -0.185430 0.179288 0.013729
v -0.169417 0.182808 0.018985
v -0.177345 0.187390 0.014647
v -0.161054 0.191469 0.018985
v -0.165923 0.197426 0.014647
v -0.165923 0.197426 0.014647
v -0.161054 0.191469 0.018985
v -0.147775 0.192420 0.018985
v -0.153260 0.197947 0.014647
v -0.111803 0.204617 0.014647
v -0.132861 0.200102 0.014647
v -0.130257 0.193075 0.018985
v -0.110880 0.197905 0.018985
v -0.093469 0.198124 0.018985
v -0.095301 0.206063 0.014647
v -0.079898 0.197866 0.018985
v -0.074957 0.206937 0.014647
v -0.158954 0.143734 0.018985
v -0.166975 0.141873 0.014647
v -0.153369 0.136983 0.014647
v -0.150458 0.140978 0.018985
v -0.123270 0.148355 0.018985
v -0.123323 0.142881 0.014647
v -0.104956 0.150462 0.014647
v -0.108777 0.154808 0.018985
v -0.095070 0.153997 0.014647
v -0.097002 0.156613 0.018985
v -0.087659 0.157493 0.014647
v -0.090393 0.160772 0.018985
v -0.157047 0.188014 -0.019052
v -0.165923 0.197426 -0.013743
v -0.153260 0.197947 -0.013743
v -0.147602 0.192498 -0.019052
v -0.177513 0.190071 -0.013743
v -0.165923 0.197426 -0.013743
v -0.157047 0.188014 -0.019052
v -0.169217 0.183259 -0.019052
v -0.185455 0.179690 -0.014661
v -0.174789 0.173517 -0.019868
v -0.185069 0.165014 -0.013743
v -0.174891 0.163054 -0.019052
v -0.167489 0.152003 -0.019052
v -0.176969 0.151209 -0.013115
v -0.153369 0.136983 -0.013743
v -0.170514 0.143000 -0.013743
v -0.160831 0.144091 -0.019052
v -0.150615 0.143293 -0.019052
v -0.104956 0.150462 -0.013743
v -0.123376 0.142198 -0.013743
v -0.123744 0.148382 -0.019052
v -0.107951 0.154014 -0.019052
v -0.095070 0.153997 -0.013743
v -0.097002 0.156613 -0.019052
v -0.085698 0.158012 -0.013743
v -0.088342 0.161415 -0.019052
v -0.081867 0.166318 -0.019052
v -0.074740 0.172413 -0.019052
v -0.066440 0.168308 -0.013743
v -0.076839 0.163576 -0.013743
v -0.069535 0.180276 -0.019052
v -0.059071 0.176406 -0.013743
v -0.074124 0.192383 -0.019591
v -0.063743 0.194932 -0.014349
v -0.079839 0.197471 -0.019052
v -0.074957 0.206937 -0.013743
v -0.093568 0.198031 -0.019052
v -0.095301 0.206063 -0.013743
v -0.074957 0.206937 -0.013743
v -0.079839 0.197471 -0.019052
v -0.111027 0.197785 -0.019052
v -0.111803 0.204617 -0.013743
v -0.129527 0.195016 -0.019052
v -0.132861 0.200102 -0.013743
v -0.166975 0.141873 0.014647
v -0.170514 0.143000 -0.013743
v -0.158954 0.143734 0.018985
v -0.150458 0.140978 0.018985
v -0.158954 0.143734 0.018985
v -0.123270 0.148355 0.018985
v -0.108777 0.154808 0.018985
v -0.097002 0.156613 0.018985
v -0.090393 0.160772 0.018985
v -0.087659 0.157493 0.014647
v -0.090393 0.160772 0.018985
v -0.085698 0.158012 -0.013743
v -0.088342 0.161415 -0.019052
v -0.097002 0.156613 -0.019052
v -0.088342 0.161415 -0.019052
v -0.107951 0.154014 -0.019052
v -0.123744 0.148382 -0.019052
v -0.150615 0.143293 -0.019052
v -0.160831 0.144091 -0.019052
v -0.160831 0.144091 -0.019052
vn -0.0736 -0.1159 -0.9905
vn -0.1059 -0.0781 -0.9913
vn -0.0802 -0.1612 -0.9837
vn -0.0313 -0.1899 -0.9813
vn -0.1139 0.0139 -0.9934
vn -0.1134 0.0162 -0.9934
vn -0.1156 0.1205 -0.9860
vn -0.1237 0.1783 -0.9762
vn -0.1533 0.3586 -0.9208
vn -0.1145 0.4198 -0.9004
vn 0.0270 -0.2831 -0.9587
vn -0.0126 -0.2235 -0.9746
vn 0.0914 -0.2322 -0.9684
vn 0.1125 -0.3846 -0.9162
vn -0.0674 0.0019 -0.9977
vn 0.0471 0.0060 -0.9989
vn -0.0816 0.2237 -0.9712
vn 0.0081 0.2737 -0.9618
vn -0.0881 0.4656 -0.8806
vn -0.0261 0.4839 -0.8747
vn 0.1758 -0.2008 -0.9637
vn 0.1451 -0.3764 -0.9150
vn 0.1784 -0.0027 -0.9839
vn 0.1101 0.2120 -0.9710
vn 0.0480 0.4217 -0.9054
vn 0.2411 -0.1530 -0.9584
vn 0.2039 -0.3544 -0.9126
vn 0.2263 -0.0080 -0.9740
vn 0.1731 0.1385 -0.9751
vn 0.0715 0.3357 -0.9393
vn 0.4656 -0.8695 0.1650
vn 0.5863 -0.7803 0.2177
vn 0.3272 -0.3703 0.8694
vn 0.3429 -0.5904 0.7306
vn 0.9726 -0.1000 0.2100
vn 0.3783 0.0264 0.9253
vn 0.8678 0.4522 0.2061
vn 0.3580 0.2092 0.9100
vn 0.7229 0.6640 0.1911
vn 0.3244 0.2488 0.9126
vn 0.2443 -0.3226 0.9144
vn 0.2497 -0.1435 0.9576
vn 0.1523 -0.1836 0.9711
vn 0.1188 -0.3337 0.9352
vn 0.2497 0.0260 0.9680
vn 0.1795 0.0012 0.9838
vn 0.2124 0.1774 0.9609
vn 0.1256 0.2245 0.9663
vn 0.1222 0.3092 0.9431
vn 0.0554 0.4308 0.9007
vn 0.0480 -0.2365 0.9705
vn 0.0468 -0.2841 0.9576
vn 0.0446 -0.0663 0.9968
vn -0.0040 0.2822 0.9594
vn -0.0508 0.5014 0.8637
vn -0.0069 -0.2104 0.9776
vn 0.0195 -0.1930 0.9810
vn -0.0572 -0.0797 0.9952
vn -0.0968 0.2167 0.9714
vn -0.1076 0.4610 0.8808
vn -0.0387 -0.1444 0.9888
vn -0.0754 -0.1214 0.9897
vn -0.1199 0.0029 0.9928
vn -0.1255 -0.1548 0.9799
vn -0.1101 -0.0284 0.9935
vn -0.1179 0.0327 0.9925
vn -0.1215 0.1027 0.9873
vn -0.1165 0.0198 0.9930
vn -0.0988 0.3394 0.9355
vn -0.0790 0.1778 0.9809
vn -0.3424 -0.2645 0.9016
vn -0.3489 -0.1002 0.9318
vn -0.9388 -0.2475 0.2396
vn -0.8033 -0.5337 0.2644
vn -0.3543 0.1176 0.9277
vn -0.9229 0.3164 0.2196
vn -0.3315 0.2802 0.9009
vn -0.6656 0.6923 0.2787
vn -0.3204 0.3390 0.8845
vn -0.5926 0.7623 0.2603
vn -0.0422 0.9910 0.1273
vn -0.0331 0.5832 0.8116
vn -0.0391 0.5575 0.8293
vn -0.0774 0.9819 0.1731
vn -0.1520 0.9662 0.2082
vn -0.1540 0.9679 0.1986
vn -0.0867 0.5257 0.8462
vn -0.0750 0.5078 0.8582
vn -0.0151 0.4764 0.8791
vn -0.0581 0.9746 0.2161
vn -0.0083 0.4555 0.8902
vn -0.0424 0.9870 0.1547
vn -0.2255 -0.6518 0.7241
vn -0.3336 -0.9414 0.0493
vn 0.0015 -0.9944 0.1053
vn 0.0847 -0.6937 0.7153
vn 0.2050 -0.6427 0.7382
vn 0.2673 -0.9534 0.1398
vn 0.3654 -0.9205 0.1387
vn 0.2316 -0.6181 0.7512
vn 0.3660 -0.9235 0.1147
vn 0.2442 -0.6966 0.6746
vn 0.4141 -0.9057 0.0914
vn 0.3644 -0.6674 0.6495
vn -0.1136 0.5017 -0.8576
vn -0.0566 0.9875 -0.1472
vn -0.0922 0.9774 -0.1901
vn -0.0922 0.6210 -0.7783
vn -0.6469 0.7212 -0.2476
vn -0.5548 0.7789 -0.2922
vn -0.1956 0.3837 -0.9025
vn -0.2466 0.3406 -0.9073
vn -0.9080 0.3183 -0.2725
vn -0.4059 0.0910 -0.9094
vn -0.9344 -0.2808 -0.2193
vn -0.4827 -0.2225 -0.8470
vn -0.4664 -0.3299 -0.8208
vn -0.8095 -0.5646 -0.1611
vn 0.0025 -0.9921 -0.1252
vn -0.3274 -0.9427 -0.0640
vn -0.1744 -0.7002 -0.6923
vn 0.0533 -0.6713 -0.7392
vn 0.3670 -0.9224 -0.1203
vn 0.2617 -0.9543 -0.1443
vn 0.1827 -0.6621 -0.7268
vn 0.2612 -0.7009 -0.6637
vn 0.3674 -0.9234 -0.1108
vn 0.2894 -0.7684 -0.5708
vn 0.4111 -0.9053 -0.1071
vn 0.3601 -0.7365 -0.5726
vn 0.3819 -0.5841 -0.7162
vn 0.3576 -0.4216 -0.8333
vn 0.5879 -0.7801 -0.2140
vn 0.4682 -0.8706 -0.1512
vn 0.4350 -0.0312 -0.8999
vn 0.9735 -0.1006 -0.2053
vn 0.3860 0.2444 -0.8896
vn 0.8672 0.4472 -0.2191
vn 0.3138 0.3694 -0.8747
vn 0.7123 0.6804 -0.1720
vn -0.0147 0.5440 -0.8390
vn -0.0568 0.9748 -0.2159
vn -0.0391 0.9861 -0.1618
vn -0.0048 0.5194 -0.8545
vn -0.0738 0.6093 -0.7895
vn -0.1485 0.9706 -0.1893
vn -0.1040 0.6510 -0.7519
vn -0.1546 0.9735 -0.1685
vn -0.7198 -0.6109 0.3298
vn -0.7585 -0.6281 -0.1737
vn -0.3429 -0.2994 0.8904
vn -0.0095 -0.0621 0.9980
vn -0.0595 -0.0074 0.9982
vn 0.0113 -0.0896 0.9959
vn 0.0441 -0.1790 0.9829
vn 0.0275 -0.2399 0.9704
vn 0.2125 -0.3792 0.9006
vn 0.4999 -0.8559 0.1326
vn 0.3501 -0.6519 0.6726
vn 0.5136 -0.8513 -0.1073
vn 0.4221 -0.6185 -0.6628
vn 0.0410 -0.1459 -0.9885
vn 0.1110 -0.1731 -0.9786
vn 0.0446 -0.1425 -0.9888
vn 0.0118 -0.0972 -0.9952
vn -0.0030 -0.0720 -0.9974
vn -0.0137 -0.0263 -0.9996
vn -0.4520 -0.3356 -0.8265
vt 0.403461 1.000000
vt 0.437500 1.000000
vt 0.437500 0.982496
vt 0.403461 0.982496
vt 0.500000 1.000000
vt 0.500000 0.982496
vt 0.562500 1.000000
vt 0.562500 0.982496
vt 0.625000 1.000000
vt 0.625000 0.982496
vt 0.403461 0.937500
vt 0.437500 0.937500
vt 0.437500 0.875000
vt 0.403461 0.875000
vt 0.500000 0.937500
vt 0.500000 0.875000
vt 0.562500 0.937500
vt 0.562500 0.875000
vt 0.625000 0.937500
vt 0.625000 0.875000
vt 0.437500 0.812500
vt 0.403461 0.812500
vt 0.500000 0.812500
vt 0.562500 0.812500
vt 0.625000 0.812500
vt 0.437500 0.750000
vt 0.403461 0.750000
vt 0.500000 0.750000
vt 0.562500 0.750000
vt 0.625000 0.750000
vt 0.403461 0.534871
vt 0.437500 0.534871
vt 0.437500 0.500000
vt 0.403461 0.500000
vt 0.500000 0.534871
vt 0.500000 0.500000
vt 0.562500 0.534871
vt 0.562500 0.500000
vt 0.625000 0.534871
vt 0.625000 0.500000
vt 0.437500 0.437500
vt 0.403461 0.437500
vt 0.500000 0.437500
vt 0.562500 0.437500
vt 0.625000 0.437500
vt 0.437500 0.375000
vt 0.403461 0.375000
vt 0.500000 0.375000
vt 0.562500 0.375000
vt 0.625000 0.375000
vt 0.437500 0.312500
vt 0.403461 0.312500
vt 0.500000 0.312500
vt 0.562500 0.312500
vt 0.625000 0.312500
vt 0.403461 0.267504
vt 0.437500 0.267504
vt 0.437500 0.250000
vt 0.403461 0.250000
vt 0.500000 0.267504
vt 0.500000 0.250000
vt 0.562500 0.267504
vt 0.562500 0.250000
vt 0.625000 0.267504
vt 0.625000 0.250000
vt 0.437500 0.215129
vt 0.403461 0.215129
vt 0.500000 0.215129
vt 0.562500 0.215129
vt 0.625000 0.215129
vt 0.840129 1.000000
vt 0.875000 1.000000
vt 0.875000 0.982496
vt 0.840129 0.982496
vt 0.840129 0.875000
vt 0.840129 0.937500
vt 0.875000 0.937500
vt 0.875000 0.875000
vt 0.875000 0.812500
vt 0.840129 0.812500
vt 0.875000 0.750000
vt 0.840129 0.750000
vt 0.125000 1.000000
vt 0.159871 1.000000
vt 0.159871 0.982496
vt 0.125000 0.982496
vt 0.125000 0.937500
vt 0.159871 0.937500
vt 0.159871 0.875000
vt 0.125000 0.875000
vt 0.159871 0.812500
vt 0.125000 0.812500
vt 0.159871 0.750000
vt 0.125000 0.750000
vt 0.663547 1.000000
vt 0.663547 0.982496
vt 0.562500 0.038547
vt 0.625000 0.038547
vt 0.625000 0.000000
vt 0.562500 0.000000
vt 0.500000 0.038547
vt 0.500000 0.000000
vt 0.437500 0.038547
vt 0.437500 0.000000
vt 0.403461 0.000000
vt 0.403461 0.038547
vt 0.336453 0.982496
vt 0.336453 1.000000
vt 0.375000 1.000000
vt 0.375000 0.982496
vt 0.336453 0.875000
vt 0.336453 0.937500
vt 0.375000 0.937500
vt 0.375000 0.875000
vt 0.336453 0.812500
vt 0.375000 0.812500
vt 0.336453 0.750000
vt 0.375000 0.750000
vt 0.437500 0.711453
vt 0.403461 0.711453
vt 0.500000 0.711453
vt 0.562500 0.711453
vt 0.625000 0.711453
vt 0.663547 0.812500
vt 0.663547 0.750000
vt 0.663547 0.875000
vt 0.663547 0.937500
vt 0.375000 0.215129
vt 0.375000 0.038547
vt 0.375000 0.250000
vt 0.375000 0.267504
vt 0.375000 0.312500
vt 0.375000 0.375000
vt 0.375000 0.437500
vt 0.375000 0.500000
vt 0.375000 0.534871
vt 0.375000 0.711453
vt 0.375000 0.000000
s 1
usemtl phong1
f 4826/3580/4401 4827/3581/4402 4828/3582/4403
f 4826/3580/4401 4828/3582/4403 4829/3583/4404
f 4827/3581/4402 4830/3584/4405 4831/3585/4406
f 4827/3581/4402 4831/3585/4406 4828/3582/4403
f 4830/3584/4405 4832/3586/4407 4833/3587/4408
f 4830/3584/4405 4833/3587/4408 4831/3585/4406
f 4832/3586/4407 4834/3588/4409 4835/3589/4410
f 4832/3586/4407 4835/3589/4410 4833/3587/4408
f 4836/3590/4411 4837/3591/4412 4838/3592/4413
f 4836/3590/4411 4838/3592/4413 4839/3593/4414
f 4837/3591/4412 4840/3594/4415 4841/3595/4416
f 4837/3591/4412 4841/3595/4416 4838/3592/4413
f 4840/3594/4415 4842/3596/4417 4843/3597/4418
f 4840/3594/4415 4843/3597/4418 4841/3595/4416
f 4842/3596/4417 4844/3598/4419 4845/3599/4420
f 4842/3596/4417 4845/3599/4420 4843/3597/4418
f 4839/3593/4414 4838/3592/4413 4846/3600/4421
f 4839/3593/4414 4846/3600/4421 4847/3601/4422
f 4838/3592/4413 4841/3595/4416 4848/3602/4423
f 4838/3592/4413 4848/3602/4423 4846/3600/4421
f 4841/3595/4416 4843/3597/4418 4849/3603/4424
f 4841/3595/4416 4849/3603/4424 4848/3602/4423
f 4843/3597/4418 4845/3599/4420 4850/3604/4425
f 4843/3597/4418 4850/3604/4425 4849/3603/4424
f 4847/3601/4422 4846/3600/4421 4851/3605/4426
f 4847/3601/4422 4851/3605/4426 4852/3606/4427
f 4846/3600/4421 4848/3602/4423 4853/3607/4428
f 4846/3600/4421 4853/3607/4428 4851/3605/4426
f 4848/3602/4423 4849/3603/4424 4854/3608/4429
f 4848/3602/4423 4854/3608/4429 4853/3607/4428
f 4849/3603/4424 4850/3604/4425 4855/3609/4430
f 4849/3603/4424 4855/3609/4430 4854/3608/4429
f 4856/3610/4431 4857/3611/4432 4858/3612/4433
f 4856/3610/4431 4858/3612/4433 4859/3613/4434
f 4857/3611/4432 4860/3614/4435 4861/3615/4436
f 4857/3611/4432 4861/3615/4436 4858/3612/4433
f 4860/3614/4435 4862/3616/4437 4863/3617/4438
f 4860/3614/4435 4863/3617/4438 4861/3615/4436
f 4862/3616/4437 4864/3618/4439 4865/3619/4440
f 4862/3616/4437 4865/3619/4440 4863/3617/4438
f 4866/3613/4441 4867/3612/4442 4868/3620/4443
f 4866/3613/4441 4868/3620/4443 4869/3621/4444
f 4867/3612/4442 4870/3615/4445 4871/3622/4446
f 4867/3612/4442 4871/3622/4446 4868/3620/4443
f 4870/3615/4445 4872/3617/4447 4873/3623/4448
f 4870/3615/4445 4873/3623/4448 4871/3622/4446
f 4872/3617/4447 4874/3619/4449 4875/3624/4450
f 4872/3617/4447 4875/3624/4450 4873/3623/4448
f 4869/3621/4444 4868/3620/4443 4876/3625/4451
f 4869/3621/4444 4876/3625/4451 4877/3626/4452
f 4868/3620/4443 4871/3622/4446 4878/3627/4453
f 4868/3620/4443 4878/3627/4453 4876/3625/4451
f 4871/3622/4446 4873/3623/4448 4879/3628/4454
f 4871/3622/4446 4879/3628/4454 4878/3627/4453
f 4873/3623/4448 4875/3624/4450 4880/3629/4455
f 4873/3623/4448 4880/3629/4455 4879/3628/4454
f 4877/3626/4452 4876/3625/4451 4881/3630/4456
f 4877/3626/4452 4881/3630/4456 4882/3631/4457
f 4876/3625/4451 4878/3627/4453 4883/3632/4458
f 4876/3625/4451 4883/3632/4458 4881/3630/4456
f 4878/3627/4453 4879/3628/4454 4884/3633/4459
f 4878/3627/4453 4884/3633/4459 4883/3632/4458
f 4879/3628/4454 4880/3629/4455 4885/3634/4460
f 4879/3628/4454 4885/3634/4460 4884/3633/4459
f 4886/3635/4461 4887/3636/4462 4888/3637/4463
f 4886/3635/4461 4888/3637/4463 4889/3638/4464
f 4887/3636/4462 4890/3639/4465 4891/3640/4466
f 4887/3636/4462 4891/3640/4466 4888/3637/4463
f 4890/3639/4465 4892/3641/4467 4893/3642/4468
f 4890/3639/4465 4893/3642/4468 4891/3640/4466
f 4892/3641/4467 4894/3643/4469 4895/3644/4470
f 4892/3641/4467 4895/3644/4470 4893/3642/4468
f 4896/3638/4471 4897/3637/4472 4898/3645/4473
f 4896/3638/4471 4898/3645/4473 4899/3646/4474
f 4897/3637/4472 4900/3640/4475 4901/3647/4476
f 4897/3637/4472 4901/3647/4476 4898/3645/4473
f 4900/3640/4475 4902/3642/4477 4903/3648/4478
f 4900/3640/4475 4903/3648/4478 4901/3647/4476
f 4902/3642/4477 4904/3644/4479 4905/3649/4480
f 4902/3642/4477 4905/3649/4480 4903/3648/4478
f 4906/3650/4481 4907/3651/4482 4908/3652/4483
f 4906/3650/4481 4908/3652/4483 4909/3653/4484
f 4910/3654/4485 4911/3655/4486 4912/3656/4487
f 4910/3654/4485 4912/3656/4487 4913/3657/4488
f 4910/3654/4485 4913/3657/4488 4914/3658/4489
f 4910/3654/4485 4914/3658/4489 4915/3659/4490
f 4915/3659/4490 4914/3658/4489 4916/3660/4491
f 4915/3659/4490 4916/3660/4491 4917/3661/4492
f 4918/3662/4493 4919/3663/4494 4920/3664/4495
f 4918/3662/4493 4920/3664/4495 4921/3665/4496
f 4922/3666/4497 4923/3667/4498 4924/3668/4499
f 4922/3666/4497 4924/3668/4499 4925/3669/4500
f 4925/3669/4500 4924/3668/4499 4926/3670/4501
f 4925/3669/4500 4926/3670/4501 4927/3671/4502
f 4927/3671/4502 4926/3670/4501 4928/3672/4503
f 4927/3671/4502 4928/3672/4503 4929/3673/4504
f 4930/3588/4505 4931/3674/4506 4932/3675/4507
f 4930/3588/4505 4932/3675/4507 4933/3589/4508
f 4934/3676/4509 4935/3677/4510 4936/3678/4511
f 4934/3676/4509 4936/3678/4511 4937/3679/4512
f 4938/3680/4513 4934/3676/4509 4937/3679/4512
f 4938/3680/4513 4937/3679/4512 4939/3681/4514
f 4940/3682/4515 4938/3680/4513 4939/3681/4514
f 4940/3682/4515 4939/3681/4514 4941/3683/4516
f 4942/3684/4517 4943/3685/4518 4940/3682/4515
f 4942/3684/4517 4940/3682/4515 4941/3683/4516
f 4944/3686/4519 4945/3687/4520 4946/3688/4521
f 4944/3686/4519 4946/3688/4521 4947/3689/4522
f 4948/3690/4523 4949/3691/4524 4950/3692/4525
f 4948/3690/4523 4950/3692/4525 4951/3693/4526
f 4952/3694/4527 4948/3690/4523 4951/3693/4526
f 4952/3694/4527 4951/3693/4526 4953/3695/4528
f 4954/3696/4529 4952/3694/4527 4953/3695/4528
f 4954/3696/4529 4953/3695/4528 4955/3697/4530
f 4956/3606/4531 4957/3605/4532 4958/3698/4533
f 4956/3606/4531 4958/3698/4533 4959/3699/4534
f 4957/3605/4532 4960/3607/4535 4961/3700/4536
f 4957/3605/4532 4961/3700/4536 4958/3698/4533
f 4960/3607/4535 4962/3608/4537 4963/3701/4538
f 4960/3607/4535 4963/3701/4538 4961/3700/4536
f 4962/3608/4537 4964/3609/4539 4965/3702/4540
f 4962/3608/4537 4965/3702/4540 4963/3701/4538
f 4966/3604/4541 4967/3703/4542 4968/3704/4543
f 4966/3604/4541 4968/3704/4543 4969/3609/4544
f 4970/3599/4545 4971/3705/4546 4967/3703/4542
f 4970/3599/4545 4967/3703/4542 4966/3604/4541
f 4972/3598/4547 4973/3706/4548 4971/3705/4546
f 4972/3598/4547 4971/3705/4546 4970/3599/4545
f 4931/3674/4506 4906/3650/4481 4909/3653/4484
f 4931/3674/4506 4909/3653/4484 4932/3675/4507
f 4903/3648/4478 4905/3649/4480 4935/3677/4510
f 4903/3648/4478 4935/3677/4510 4934/3676/4509
f 4901/3647/4476 4903/3648/4478 4934/3676/4509
f 4901/3647/4476 4934/3676/4509 4938/3680/4513
f 4898/3645/4473 4901/3647/4476 4938/3680/4513
f 4898/3645/4473 4938/3680/4513 4940/3682/4515
f 4899/3646/4474 4898/3645/4473 4940/3682/4515
f 4899/3646/4474 4940/3682/4515 4943/3685/4518
f 4920/3664/4495 4919/3663/4494 4945/3687/4520
f 4920/3664/4495 4945/3687/4520 4944/3686/4519
f 4924/3668/4499 4923/3667/4498 4949/3691/4524
f 4924/3668/4499 4949/3691/4524 4948/3690/4523
f 4926/3670/4501 4924/3668/4499 4948/3690/4523
f 4926/3670/4501 4948/3690/4523 4952/3694/4527
f 4928/3672/4503 4926/3670/4501 4952/3694/4527
f 4928/3672/4503 4952/3694/4527 4954/3696/4529
f 4959/3699/4534 4958/3698/4533 4857/3611/4432
f 4959/3699/4534 4857/3611/4432 4856/3610/4431
f 4958/3698/4533 4961/3700/4536 4860/3614/4435
f 4958/3698/4533 4860/3614/4435 4857/3611/4432
f 4961/3700/4536 4963/3701/4538 4862/3616/4437
f 4961/3700/4536 4862/3616/4437 4860/3614/4435
f 4963/3701/4538 4965/3702/4540 4864/3618/4439
f 4963/3701/4538 4864/3618/4439 4862/3616/4437
f 4967/3703/4542 4915/3659/4490 4917/3661/4492
f 4967/3703/4542 4917/3661/4492 4968/3704/4543
f 4971/3705/4546 4910/3654/4485 4915/3659/4490
f 4971/3705/4546 4915/3659/4490 4967/3703/4542
f 4971/3705/4546 4973/3706/4548 4911/3655/4486
f 4971/3705/4546 4911/3655/4486 4910/3654/4485
f 4949/3691/4524 4944/3686/4519 4947/3689/4522
f 4949/3691/4524 4947/3689/4522 4950/3692/4525
f 4923/3667/4498 4920/3664/4495 4944/3686/4519
f 4923/3667/4498 4944/3686/4519 4949/3691/4524
f 4921/3665/4496 4920/3664/4495 4923/3667/4498
f 4921/3665/4496 4923/3667/4498 4922/3666/4497
f 4882/3631/4457 4881/3630/4456 4887/3636/4462
f 4882/3631/4457 4887/3636/4462 4886/3635/4461
f 4881/3630/4456 4883/3632/4458 4890/3639/4465
f 4881/3630/4456 4890/3639/4465 4887/3636/4462
f 4883/3632/4458 4884/3633/4459 4892/3641/4467
f 4883/3632/4458 4892/3641/4467 4890/3639/4465
f 4884/3633/4459 4885/3634/4460 4894/3643/4469
f 4884/3633/4459 4894/3643/4469 4892/3641/4467
f 4909/3653/4484 4908/3652/4483 4912/3656/4487
f 4909/3653/4484 4912/3656/4487 4911/3655/4486
f 4932/3675/4507 4909/3653/4484 4911/3655/4486
f 4932/3675/4507 4911/3655/4486 4973/3706/4548
f 4933/3589/4508 4932/3675/4507 4973/3706/4548
f 4933/3589/4508 4973/3706/4548 4972/3598/4547
f 4833/3587/4408 4835/3589/4410 4844/3598/4419
f 4833/3587/4408 4844/3598/4419 4842/3596/4417
f 4831/3585/4406 4833/3587/4408 4842/3596/4417
f 4831/3585/4406 4842/3596/4417 4840/3594/4415
f 4828/3582/4403 4831/3585/4406 4840/3594/4415
f 4828/3582/4403 4840/3594/4415 4837/3591/4412
f 4829/3583/4404 4828/3582/4403 4837/3591/4412
f 4829/3583/4404 4837/3591/4412 4836/3590/4411
f 4974/3707/4549 4899/3646/4474 4943/3685/4518
f 4974/3707/4549 4943/3685/4518 4975/3708/4550
f 4976/3709/4551 4896/3638/4471 4899/3646/4474
f 4976/3709/4551 4899/3646/4474 4974/3707/4549
f 4977/3710/4552 4886/3635/4461 4889/3638/4464
f 4977/3710/4552 4889/3638/4464 4978/3709/4553
f 4979/3711/4554 4882/3631/4457 4886/3635/4461
f 4979/3711/4554 4886/3635/4461 4977/3710/4552
f 4980/3712/4555 4877/3626/4452 4882/3631/4457
f 4980/3712/4555 4882/3631/4457 4979/3711/4554
f 4981/3713/4556 4869/3621/4444 4877/3626/4452
f 4981/3713/4556 4877/3626/4452 4980/3712/4555
f 4982/3714/4557 4866/3613/4441 4869/3621/4444
f 4982/3714/4557 4869/3621/4444 4981/3713/4556
f 4983/3715/4558 4856/3610/4431 4859/3613/4434
f 4983/3715/4558 4859/3613/4434 4984/3714/4559
f 4985/3716/4560 4959/3699/4534 4856/3610/4431
f 4985/3716/4560 4856/3610/4431 4983/3715/4558
f 4986/3697/4561 4956/3606/4531 4959/3699/4534
f 4986/3697/4561 4959/3699/4534 4985/3716/4560
f 4987/3695/4562 4847/3601/4422 4852/3606/4427
f 4987/3695/4562 4852/3606/4427 4988/3697/4563
f 4989/3693/4564 4839/3593/4414 4847/3601/4422
f 4989/3693/4564 4847/3601/4422 4987/3695/4562
f 4990/3692/4565 4836/3590/4411 4839/3593/4414
f 4990/3692/4565 4839/3593/4414 4989/3693/4564
f 4991/3689/4566 4829/3583/4404 4836/3590/4411
f 4991/3689/4566 4836/3590/4411 4990/3692/4565
f 4992/3688/4567 4826/3580/4401 4829/3583/4404
f 4992/3688/4567 4829/3583/4404 4991/3689/4566
f 4975/3708/4550 4943/3685/4518 4942/3684/4517
f 4975/3708/4550 4942/3684/4517 4993/3717/4568
